{"type":"FeatureCollection","features":[{"type":"Feature","geometry":{"type":"Polygon","coordinates":[[[3.17,50.01],[3.18,50.01],[3.22,50.02],[3.23,50.03],[3.26,50.02],[3.26,50.03],[3.27,50.03],[3.28,50.02],[3.29,50.01],[3.31,50.02],[3.33,50.02],[3.34,50.02],[3.35,50.04],[3.37,50.04],[3.39,50.03],[3.4,50.03],[3.41,50.03],[3.45,50.02],[3.49,50.02],[3.51,50.04],[3.53,50.04],[3.54,50.05],[3.56,50.05],[3.59,50.04],[3.61,50.03],[3.63,50.04],[3.64,50.04],[3.66,50.03],[3.66,50.04],[3.66,50.05],[3.67,50.05],[3.71,50.07],[3.72,50.07],[3.75,50.05],[3.77,50.05],[3.78,50.05],[3.8,50.05],[3.82,50.04],[3.84,50.05],[3.85,50.04],[3.88,50.04],[3.88,50.03],[3.89,50.01],[3.92,50.03],[3.95,50.03],[3.97,50.04],[3.98,50.04],[3.99,50.04],[3.99,50.03],[3.98,50.01],[3.98,50.0],[4.01,50.0],[4.01,49.99],[4.03,49.98],[4.03,49.99],[4.06,49.99],[4.08,49.98],[4.09,49.97],[4.11,49.97],[4.12,49.97],[4.14,49.98],[4.15,49.97],[4.17,49.98],[4.2,49.97],[4.2,49.95],[4.23,49.96],[4.23,49.95],[4.22,49.94],[4.22,49.92],[4.22,49.91],[4.23,49.9],[4.25,49.9],[4.25,49.87],[4.25,49.86],[4.24,49.85],[4.22,49.83],[4.22,49.82],[4.21,49.81],[4.23,49.79],[4.22,49.79],[4.21,49.78],[4.21,49.77],[4.23,49.77],[4.24,49.77],[4.25,49.76],[4.23,49.75],[4.22,49.73],[4.21,49.72],[4.19,49.72],[4.19,49.71],[4.18,49.7],[4.14,49.69],[4.15,49.68],[4.13,49.68],[4.12,49.66],[4.13,49.65],[4.11,49.64],[4.1,49.63],[4.07,49.64],[4.05,49.63],[4.04,49.64],[4.04,49.62],[4.03,49.62],[4.03,49.61],[4.05,49.6],[4.07,49.59],[4.06,49.58],[4.06,49.57],[4.08,49.57],[4.06,49.56],[4.06,49.55],[4.05,49.55],[4.07,49.54],[4.08,49.53],[4.08,49.52],[4.07,49.52],[4.06,49.52],[4.06,49.51],[4.05,49.51],[4.04,49.51],[4.04,49.47],[4.05,49.46],[4.06,49.45],[4.05,49.45],[4.04,49.44],[4.04,49.43],[4.04,49.42],[4.05,49.41],[4.04,49.4],[4.04,49.36],[4.01,49.36],[4.01,49.37],[3.99,49.38],[3.96,49.38],[3.94,49.39],[3.93,49.4],[3.92,49.41],[3.92,49.4],[3.88,49.39],[3.86,49.38],[3.86,49.37],[3.85,49.36],[3.86,49.35],[3.85,49.34],[3.83,49.35],[3.82,49.36],[3.8,49.36],[3.78,49.35],[3.77,49.35],[3.76,49.35],[3.74,49.35],[3.74,49.34],[3.72,49.34],[3.7,49.33],[3.69,49.33],[3.67,49.33],[3.66,49.32],[3.65,49.32],[3.64,49.3],[3.66,49.29],[3.65,49.28],[3.67,49.27],[3.66,49.26],[3.66,49.25],[3.67,49.24],[3.68,49.24],[3.67,49.22],[3.65,49.22],[3.66,49.21],[3.68,49.21],[3.68,49.2],[3.7,49.21],[3.7,49.2],[3.7,49.19],[3.7,49.18],[3.73,49.17],[3.74,49.18],[3.75,49.18],[3.75,49.16],[3.74,49.16],[3.72,49.15],[3.7,49.14],[3.7,49.15],[3.68,49.15],[3.67,49.15],[3.65,49.15],[3.62,49.15],[3.61,49.13],[3.6,49.12],[3.62,49.11],[3.63,49.09],[3.64,49.08],[3.63,49.07],[3.62,49.07],[3.61,49.07],[3.59,49.06],[3.59,49.04],[3.62,49.03],[3.62,49.04],[3.65,49.04],[3.66,49.04],[3.68,49.02],[3.67,49.01],[3.64,49.0],[3.62,48.98],[3.62,48.97],[3.6,48.96],[3.59,48.96],[3.6,48.95],[3.6,48.94],[3.59,48.94],[3.57,48.94],[3.57,48.92],[3.57,48.91],[3.56,48.92],[3.53,48.91],[3.51,48.89],[3.5,48.87],[3.48,48.86],[3.49,48.85],[3.47,48.85],[3.46,48.84],[3.45,48.84],[3.45,48.86],[3.42,48.86],[3.4,48.86],[3.41,48.88],[3.39,48.87],[3.38,48.87],[3.38,48.89],[3.37,48.89],[3.38,48.91],[3.37,48.92],[3.35,48.92],[3.34,48.92],[3.33,48.91],[3.31,48.92],[3.31,48.93],[3.3,48.95],[3.28,48.94],[3.27,48.94],[3.26,48.96],[3.25,48.97],[3.24,48.98],[3.23,48.98],[3.23,48.99],[3.21,48.99],[3.21,49.0],[3.18,49.01],[3.17,49.01],[3.16,49.02],[3.18,49.03],[3.18,49.04],[3.19,49.05],[3.18,49.05],[3.18,49.06],[3.17,49.08],[3.16,49.08],[3.16,49.09],[3.17,49.1],[3.15,49.1],[3.13,49.11],[3.1,49.11],[3.08,49.11],[3.07,49.12],[3.09,49.12],[3.09,49.13],[3.11,49.14],[3.11,49.15],[3.12,49.15],[3.14,49.15],[3.14,49.16],[3.12,49.16],[3.11,49.18],[3.12,49.19],[3.1,49.2],[3.09,49.18],[3.08,49.19],[3.06,49.19],[3.05,49.21],[3.04,49.2],[3.03,49.21],[3.02,49.22],[3.0,49.21],[3.0,49.19],[3.02,49.19],[3.04,49.18],[3.04,49.17],[3.02,49.17],[3.02,49.18],[3.0,49.19],[2.99,49.19],[2.98,49.18],[2.97,49.19],[2.97,49.21],[2.96,49.22],[2.96,49.23],[3.0,49.24],[3.02,49.23],[3.01,49.22],[3.02,49.22],[3.03,49.23],[3.04,49.23],[3.03,49.24],[3.03,49.28],[3.04,49.28],[3.04,49.29],[3.03,49.29],[3.01,49.29],[2.99,49.29],[2.98,49.3],[2.97,49.3],[2.98,49.31],[2.97,49.32],[2.97,49.33],[2.99,49.33],[3.0,49.34],[3.03,49.33],[3.04,49.33],[3.06,49.34],[3.06,49.35],[3.07,49.35],[3.08,49.37],[3.1,49.38],[3.09,49.39],[3.1,49.41],[3.09,49.43],[3.1,49.44],[3.11,49.44],[3.12,49.43],[3.13,49.43],[3.16,49.44],[3.16,49.45],[3.15,49.45],[3.11,49.47],[3.11,49.48],[3.12,49.48],[3.12,49.49],[3.12,49.5],[3.1,49.51],[3.1,49.52],[3.12,49.52],[3.13,49.53],[3.13,49.54],[3.13,49.56],[3.13,49.57],[3.14,49.58],[3.12,49.6],[3.09,49.62],[3.11,49.63],[3.11,49.65],[3.1,49.66],[3.13,49.67],[3.12,49.68],[3.13,49.7],[3.12,49.71],[3.11,49.73],[3.1,49.74],[3.09,49.76],[3.1,49.77],[3.07,49.77],[3.06,49.78],[3.09,49.79],[3.08,49.81],[3.08,49.82],[3.06,49.82],[3.06,49.83],[3.08,49.84],[3.08,49.85],[3.07,49.88],[3.08,49.88],[3.09,49.87],[3.11,49.88],[3.12,49.88],[3.12,49.9],[3.12,49.91],[3.14,49.94],[3.16,49.95],[3.17,49.96],[3.17,49.97],[3.19,49.98],[3.2,49.98],[3.19,49.99],[3.18,49.99],[3.17,49.99],[3.16,49.99],[3.17,50.0],[3.17,50.01]],[[2.99,49.21],[3.0,49.22],[2.99,49.22],[2.99,49.21]]]},"properties":{"code":"02","nom":"Aisne"}},{"type":"Feature","geometry":{"type":"Polygon","coordinates":[[[3.41,48.39],[3.42,48.41],[3.41,48.41],[3.41,48.42],[3.39,48.42],[3.4,48.43],[3.4,48.44],[3.41,48.45],[3.4,48.46],[3.39,48.48],[3.42,48.49],[3.43,48.49],[3.42,48.51],[3.41,48.53],[3.42,48.53],[3.44,48.53],[3.46,48.53],[3.48,48.54],[3.48,48.55],[3.47,48.56],[3.47,48.57],[3.47,48.58],[3.49,48.58],[3.5,48.59],[3.52,48.59],[3.5,48.6],[3.53,48.61],[3.56,48.62],[3.56,48.61],[3.58,48.6],[3.58,48.59],[3.59,48.59],[3.6,48.57],[3.62,48.58],[3.63,48.58],[3.63,48.57],[3.63,48.56],[3.63,48.54],[3.64,48.54],[3.65,48.54],[3.66,48.54],[3.68,48.54],[3.7,48.53],[3.73,48.54],[3.76,48.53],[3.77,48.53],[3.8,48.53],[3.82,48.52],[3.85,48.53],[3.86,48.53],[3.86,48.56],[3.86,48.57],[3.85,48.58],[3.87,48.58],[3.9,48.57],[3.91,48.59],[3.91,48.6],[3.92,48.61],[3.95,48.6],[3.96,48.62],[3.97,48.63],[3.98,48.63],[3.99,48.66],[4.0,48.66],[4.03,48.66],[4.06,48.67],[4.07,48.68],[4.06,48.68],[4.07,48.69],[4.08,48.7],[4.13,48.69],[4.15,48.7],[4.17,48.71],[4.23,48.7],[4.24,48.72],[4.25,48.71],[4.26,48.71],[4.27,48.71],[4.3,48.71],[4.32,48.71],[4.33,48.7],[4.33,48.69],[4.32,48.68],[4.33,48.68],[4.33,48.67],[4.32,48.66],[4.33,48.66],[4.32,48.65],[4.33,48.63],[4.32,48.62],[4.33,48.6],[4.35,48.6],[4.39,48.57],[4.4,48.56],[4.44,48.55],[4.47,48.55],[4.5,48.54],[4.51,48.55],[4.53,48.54],[4.53,48.53],[4.55,48.53],[4.55,48.54],[4.56,48.54],[4.58,48.55],[4.61,48.55],[4.64,48.55],[4.64,48.54],[4.65,48.54],[4.67,48.54],[4.67,48.53],[4.68,48.52],[4.67,48.51],[4.66,48.51],[4.66,48.5],[4.66,48.49],[4.65,48.48],[4.65,48.47],[4.63,48.47],[4.64,48.46],[4.67,48.45],[4.68,48.43],[4.71,48.4],[4.72,48.39],[4.75,48.39],[4.76,48.39],[4.75,48.37],[4.78,48.36],[4.79,48.36],[4.81,48.35],[4.83,48.35],[4.84,48.34],[4.83,48.33],[4.81,48.32],[4.82,48.32],[4.83,48.31],[4.84,48.3],[4.85,48.3],[4.84,48.28],[4.86,48.26],[4.84,48.25],[4.85,48.23],[4.84,48.22],[4.84,48.21],[4.86,48.21],[4.86,48.2],[4.85,48.18],[4.84,48.17],[4.84,48.16],[4.84,48.15],[4.85,48.14],[4.83,48.13],[4.84,48.11],[4.82,48.1],[4.79,48.11],[4.77,48.11],[4.75,48.11],[4.73,48.12],[4.73,48.11],[4.72,48.1],[4.71,48.1],[4.7,48.09],[4.68,48.08],[4.67,48.08],[4.66,48.08],[4.69,48.07],[4.7,48.06],[4.71,48.05],[4.72,48.05],[4.71,48.03],[4.7,48.02],[4.67,48.02],[4.66,48.02],[4.64,48.03],[4.62,48.03],[4.61,48.03],[4.58,48.03],[4.57,48.03],[4.57,48.02],[4.55,48.01],[4.55,48.0],[4.54,48.0],[4.55,47.99],[4.56,47.99],[4.56,47.97],[4.55,47.97],[4.53,47.97],[4.52,47.97],[4.49,47.97],[4.48,47.96],[4.45,47.96],[4.44,47.96],[4.43,47.97],[4.41,47.97],[4.4,47.96],[4.35,47.96],[4.31,47.96],[4.3,47.95],[4.3,47.94],[4.29,47.93],[4.27,47.92],[4.25,47.93],[4.24,47.94],[4.22,47.95],[4.23,47.97],[4.21,47.97],[4.2,47.97],[4.21,47.95],[4.2,47.94],[4.19,47.94],[4.19,47.95],[4.18,47.96],[4.17,47.96],[4.15,47.95],[4.14,47.94],[4.13,47.94],[4.11,47.93],[4.09,47.93],[4.09,47.94],[4.08,47.94],[4.06,47.95],[4.06,47.94],[4.05,47.93],[4.04,47.93],[4.03,47.93],[4.01,47.93],[4.01,47.94],[3.99,47.93],[3.96,47.93],[3.94,47.93],[3.93,47.93],[3.91,47.93],[3.89,47.93],[3.9,47.94],[3.91,47.96],[3.91,47.98],[3.9,48.0],[3.89,48.0],[3.88,47.98],[3.86,47.98],[3.85,47.98],[3.84,48.0],[3.86,48.0],[3.87,48.0],[3.87,48.02],[3.85,48.03],[3.84,48.04],[3.83,48.04],[3.82,48.04],[3.83,48.05],[3.83,48.06],[3.82,48.07],[3.81,48.08],[3.8,48.09],[3.8,48.1],[3.78,48.12],[3.77,48.13],[3.76,48.13],[3.74,48.13],[3.74,48.14],[3.75,48.15],[3.75,48.16],[3.74,48.17],[3.72,48.18],[3.71,48.17],[3.72,48.16],[3.71,48.14],[3.69,48.15],[3.69,48.14],[3.67,48.14],[3.66,48.16],[3.65,48.17],[3.64,48.18],[3.63,48.19],[3.62,48.19],[3.59,48.18],[3.58,48.19],[3.6,48.2],[3.61,48.21],[3.61,48.22],[3.62,48.23],[3.61,48.23],[3.6,48.23],[3.6,48.24],[3.61,48.25],[3.62,48.25],[3.62,48.27],[3.61,48.27],[3.59,48.28],[3.58,48.28],[3.59,48.29],[3.59,48.3],[3.57,48.31],[3.56,48.32],[3.54,48.32],[3.55,48.33],[3.53,48.34],[3.51,48.36],[3.5,48.37],[3.47,48.37],[3.45,48.37],[3.44,48.37],[3.43,48.36],[3.42,48.37],[3.41,48.38],[3.41,48.39]]]},"properties":{"code":"10","nom":"Aube"}},{"type":"Feature","geometry":{"type":"Polygon","coordinates":[[[-1.12,49.36],[-1.09,49.38],[-1.08,49.39],[-1.06,49.39],[-1.03,49.39],[-1.02,49.39],[-0.99,49.4],[-0.94,49.4],[-0.92,49.39],[-0.91,49.38],[-0.88,49.37],[-0.85,49.36],[-0.83,49.36],[-0.76,49.35],[-0.72,49.35],[-0.7,49.35],[-0.64,49.35],[-0.62,49.34],[-0.59,49.34],[-0.55,49.35],[-0.52,49.35],[-0.45,49.34],[-0.41,49.34],[-0.4,49.33],[-0.36,49.32],[-0.3,49.3],[-0.28,49.29],[-0.25,49.29],[-0.23,49.28],[-0.21,49.29],[-0.17,49.29],[-0.14,49.29],[-0.1,49.3],[-0.09,49.3],[-0.08,49.3],[-0.01,49.32],[0.0,49.33],[0.05,49.35],[0.08,49.37],[0.09,49.38],[0.11,49.39],[0.13,49.4],[0.16,49.41],[0.18,49.41],[0.22,49.43],[0.3,49.43],[0.3,49.41],[0.31,49.39],[0.3,49.37],[0.31,49.36],[0.32,49.34],[0.31,49.32],[0.3,49.31],[0.32,49.31],[0.32,49.3],[0.31,49.28],[0.33,49.28],[0.34,49.3],[0.37,49.29],[0.38,49.29],[0.38,49.26],[0.37,49.26],[0.34,49.25],[0.32,49.25],[0.33,49.24],[0.34,49.23],[0.37,49.22],[0.38,49.22],[0.39,49.21],[0.39,49.19],[0.39,49.18],[0.39,49.16],[0.39,49.15],[0.42,49.15],[0.43,49.14],[0.42,49.13],[0.41,49.13],[0.41,49.12],[0.4,49.1],[0.42,49.09],[0.42,49.07],[0.41,49.08],[0.39,49.07],[0.38,49.07],[0.38,49.06],[0.37,49.05],[0.38,49.05],[0.38,49.04],[0.39,49.03],[0.43,49.03],[0.45,49.01],[0.44,49.01],[0.43,48.99],[0.43,48.98],[0.43,48.97],[0.41,48.95],[0.4,48.95],[0.41,48.96],[0.39,48.97],[0.38,48.97],[0.37,48.96],[0.36,48.95],[0.33,48.94],[0.32,48.95],[0.31,48.95],[0.28,48.95],[0.28,48.96],[0.26,48.96],[0.24,48.96],[0.24,48.94],[0.23,48.94],[0.21,48.95],[0.19,48.94],[0.18,48.93],[0.16,48.92],[0.15,48.93],[0.15,48.94],[0.14,48.95],[0.13,48.95],[0.09,48.94],[0.08,48.94],[0.07,48.93],[0.06,48.9],[0.05,48.9],[0.03,48.9],[-0.01,48.88],[-0.03,48.87],[-0.04,48.86],[-0.06,48.85],[-0.06,48.84],[-0.08,48.84],[-0.09,48.84],[-0.12,48.84],[-0.13,48.84],[-0.15,48.83],[-0.14,48.82],[-0.15,48.82],[-0.17,48.82],[-0.18,48.83],[-0.19,48.84],[-0.2,48.85],[-0.21,48.84],[-0.24,48.85],[-0.26,48.85],[-0.28,48.85],[-0.3,48.85],[-0.31,48.86],[-0.33,48.86],[-0.34,48.84],[-0.33,48.84],[-0.35,48.82],[-0.37,48.83],[-0.36,48.84],[-0.39,48.85],[-0.4,48.86],[-0.41,48.87],[-0.42,48.87],[-0.43,48.87],[-0.45,48.87],[-0.46,48.87],[-0.48,48.86],[-0.5,48.86],[-0.49,48.85],[-0.51,48.85],[-0.54,48.85],[-0.57,48.83],[-0.58,48.84],[-0.61,48.83],[-0.63,48.83],[-0.65,48.83],[-0.64,48.84],[-0.66,48.84],[-0.7,48.84],[-0.71,48.84],[-0.7,48.83],[-0.68,48.82],[-0.71,48.81],[-0.71,48.8],[-0.72,48.8],[-0.74,48.79],[-0.76,48.79],[-0.78,48.79],[-0.79,48.78],[-0.8,48.77],[-0.82,48.75],[-0.84,48.75],[-0.84,48.76],[-0.85,48.76],[-0.87,48.76],[-0.88,48.76],[-0.89,48.77],[-0.92,48.77],[-0.94,48.78],[-0.95,48.78],[-0.97,48.79],[-0.97,48.77],[-0.99,48.78],[-1.01,48.77],[-1.02,48.78],[-1.05,48.78],[-1.06,48.77],[-1.09,48.78],[-1.1,48.79],[-1.09,48.8],[-1.1,48.81],[-1.13,48.82],[-1.15,48.82],[-1.16,48.83],[-1.16,48.84],[-1.14,48.84],[-1.13,48.85],[-1.12,48.85],[-1.12,48.86],[-1.1,48.87],[-1.1,48.88],[-1.07,48.87],[-1.06,48.88],[-1.05,48.89],[-1.03,48.9],[-1.01,48.92],[-1.02,48.93],[-1.04,48.92],[-1.08,48.92],[-1.07,48.93],[-1.06,48.95],[-1.06,48.96],[-1.03,48.96],[-1.01,48.95],[-1.0,48.95],[-0.97,48.96],[-0.96,48.97],[-0.94,48.97],[-0.91,48.99],[-0.91,49.01],[-0.9,49.01],[-0.89,49.02],[-0.87,49.03],[-0.86,49.03],[-0.87,49.04],[-0.88,49.04],[-0.89,49.05],[-0.88,49.05],[-0.87,49.07],[-0.87,49.08],[-0.88,49.09],[-0.88,49.1],[-0.88,49.12],[-0.89,49.12],[-0.92,49.1],[-0.91,49.11],[-0.89,49.12],[-0.89,49.13],[-0.91,49.14],[-0.93,49.15],[-0.94,49.15],[-0.96,49.16],[-0.95,49.17],[-0.94,49.16],[-0.93,49.16],[-0.92,49.18],[-0.91,49.19],[-0.9,49.2],[-0.91,49.21],[-0.92,49.22],[-0.93,49.22],[-0.95,49.21],[-0.96,49.2],[-0.98,49.19],[-1.01,49.2],[-1.02,49.2],[-1.04,49.22],[-1.05,49.22],[-1.07,49.23],[-1.09,49.24],[-1.11,49.26],[-1.14,49.27],[-1.13,49.28],[-1.14,49.3],[-1.14,49.31],[-1.11,49.33],[-1.12,49.36]]]},"properties":{"code":"14","nom":"Calvados"}},{"type":"Feature","geometry":{"type":"Polygon","coordinates":[[[2.51,45.48],[2.52,45.48],[2.54,45.48],[2.54,45.46],[2.55,45.46],[2.57,45.46],[2.59,45.45],[2.6,45.45],[2.62,45.47],[2.62,45.44],[2.65,45.44],[2.66,45.43],[2.68,45.44],[2.69,45.44],[2.69,45.43],[2.68,45.42],[2.68,45.41],[2.69,45.4],[2.7,45.39],[2.71,45.38],[2.73,45.39],[2.74,45.39],[2.76,45.39],[2.79,45.39],[2.8,45.39],[2.81,45.4],[2.82,45.4],[2.83,45.39],[2.85,45.39],[2.86,45.39],[2.87,45.38],[2.88,45.38],[2.89,45.38],[2.91,45.37],[2.92,45.37],[2.93,45.34],[2.95,45.31],[2.97,45.31],[3.0,45.29],[3.02,45.29],[3.02,45.3],[3.04,45.3],[3.06,45.31],[3.07,45.31],[3.06,45.33],[3.07,45.34],[3.08,45.34],[3.09,45.34],[3.09,45.35],[3.1,45.35],[3.11,45.34],[3.11,45.33],[3.1,45.33],[3.09,45.32],[3.1,45.32],[3.11,45.31],[3.1,45.3],[3.09,45.3],[3.08,45.29],[3.11,45.29],[3.12,45.28],[3.14,45.29],[3.16,45.3],[3.17,45.28],[3.17,45.27],[3.19,45.28],[3.2,45.28],[3.21,45.28],[3.22,45.27],[3.23,45.26],[3.22,45.25],[3.23,45.24],[3.24,45.22],[3.27,45.21],[3.27,45.19],[3.26,45.18],[3.26,45.17],[3.27,45.15],[3.28,45.15],[3.28,45.14],[3.29,45.12],[3.3,45.12],[3.33,45.11],[3.35,45.11],[3.35,45.1],[3.33,45.1],[3.31,45.1],[3.3,45.11],[3.28,45.1],[3.29,45.09],[3.3,45.09],[3.31,45.09],[3.31,45.07],[3.3,45.06],[3.3,45.05],[3.3,45.04],[3.31,45.02],[3.33,45.03],[3.34,45.03],[3.32,45.01],[3.33,45.01],[3.35,45.01],[3.35,45.0],[3.37,45.0],[3.36,44.99],[3.35,44.99],[3.35,44.97],[3.36,44.97],[3.35,44.95],[3.34,44.96],[3.3,44.94],[3.29,44.93],[3.27,44.93],[3.26,44.93],[3.26,44.94],[3.25,44.93],[3.25,44.92],[3.23,44.91],[3.23,44.9],[3.23,44.89],[3.23,44.88],[3.22,44.88],[3.2,44.87],[3.18,44.86],[3.17,44.87],[3.15,44.89],[3.14,44.9],[3.13,44.9],[3.12,44.89],[3.11,44.89],[3.11,44.87],[3.1,44.85],[3.1,44.84],[3.1,44.83],[3.07,44.83],[3.08,44.82],[3.06,44.82],[3.05,44.8],[3.05,44.78],[3.04,44.76],[3.03,44.75],[3.03,44.73],[3.04,44.73],[3.04,44.71],[3.03,44.72],[3.02,44.71],[3.0,44.67],[2.98,44.65],[2.98,44.64],[2.97,44.65],[2.96,44.65],[2.95,44.67],[2.94,44.68],[2.93,44.7],[2.94,44.71],[2.92,44.73],[2.93,44.74],[2.93,44.75],[2.93,44.76],[2.92,44.76],[2.92,44.77],[2.93,44.77],[2.93,44.78],[2.92,44.79],[2.9,44.78],[2.89,44.79],[2.88,44.8],[2.87,44.83],[2.86,44.86],[2.86,44.87],[2.85,44.87],[2.82,44.87],[2.8,44.87],[2.77,44.86],[2.77,44.88],[2.78,44.89],[2.77,44.9],[2.78,44.91],[2.77,44.92],[2.76,44.93],[2.74,44.94],[2.73,44.94],[2.72,44.92],[2.71,44.93],[2.71,44.91],[2.69,44.9],[2.68,44.91],[2.66,44.88],[2.66,44.87],[2.65,44.87],[2.64,44.87],[2.62,44.87],[2.62,44.85],[2.6,44.84],[2.61,44.83],[2.61,44.82],[2.6,44.82],[2.6,44.81],[2.6,44.79],[2.59,44.78],[2.57,44.78],[2.56,44.78],[2.56,44.76],[2.55,44.75],[2.55,44.74],[2.55,44.73],[2.56,44.72],[2.52,44.7],[2.5,44.69],[2.49,44.67],[2.49,44.66],[2.48,44.65],[2.47,44.65],[2.47,44.64],[2.45,44.65],[2.44,44.64],[2.41,44.65],[2.4,44.65],[2.38,44.65],[2.37,44.64],[2.35,44.64],[2.33,44.65],[2.34,44.66],[2.33,44.67],[2.3,44.66],[2.29,44.67],[2.27,44.66],[2.26,44.66],[2.25,44.65],[2.23,44.66],[2.21,44.64],[2.21,44.63],[2.22,44.62],[2.21,44.62],[2.19,44.63],[2.17,44.64],[2.17,44.65],[2.17,44.66],[2.18,44.67],[2.16,44.69],[2.16,44.7],[2.14,44.69],[2.13,44.7],[2.13,44.71],[2.15,44.72],[2.15,44.74],[2.15,44.75],[2.15,44.77],[2.17,44.77],[2.17,44.79],[2.17,44.8],[2.17,44.81],[2.14,44.82],[2.12,44.85],[2.09,44.87],[2.08,44.89],[2.09,44.9],[2.11,44.91],[2.09,44.93],[2.08,44.93],[2.08,44.94],[2.08,44.95],[2.06,44.98],[2.08,44.98],[2.09,44.98],[2.1,44.98],[2.13,44.99],[2.14,44.99],[2.14,45.01],[2.12,45.02],[2.11,45.04],[2.1,45.05],[2.1,45.06],[2.1,45.07],[2.12,45.07],[2.13,45.08],[2.15,45.09],[2.17,45.08],[2.18,45.1],[2.18,45.11],[2.19,45.11],[2.18,45.14],[2.19,45.14],[2.21,45.15],[2.21,45.16],[2.23,45.16],[2.23,45.17],[2.22,45.17],[2.2,45.18],[2.2,45.19],[2.19,45.2],[2.2,45.22],[2.22,45.24],[2.24,45.25],[2.24,45.26],[2.25,45.27],[2.26,45.27],[2.26,45.28],[2.27,45.29],[2.28,45.29],[2.29,45.29],[2.31,45.31],[2.32,45.32],[2.35,45.33],[2.36,45.34],[2.35,45.35],[2.36,45.36],[2.36,45.38],[2.37,45.39],[2.36,45.4],[2.35,45.4],[2.35,45.41],[2.36,45.42],[2.38,45.41],[2.4,45.41],[2.4,45.4],[2.41,45.4],[2.42,45.4],[2.44,45.38],[2.46,45.38],[2.47,45.38],[2.48,45.37],[2.49,45.38],[2.52,45.38],[2.53,45.39],[2.52,45.4],[2.49,45.41],[2.49,45.42],[2.5,45.45],[2.51,45.46],[2.51,45.48]]]},"properties":{"code":"15","nom":"Cantal"}},{"type":"Feature","geometry":{"type":"Polygon","coordinates":[[[0.81,48.67],[0.83,48.68],[0.85,48.68],[0.86,48.69],[0.88,48.72],[0.89,48.72],[0.9,48.71],[0.92,48.71],[0.96,48.72],[0.96,48.73],[0.98,48.73],[1.01,48.73],[1.02,48.73],[1.03,48.73],[1.04,48.74],[1.06,48.76],[1.07,48.76],[1.08,48.75],[1.09,48.76],[1.1,48.75],[1.11,48.75],[1.12,48.77],[1.12,48.78],[1.12,48.79],[1.15,48.79],[1.15,48.77],[1.16,48.77],[1.18,48.77],[1.2,48.77],[1.22,48.76],[1.22,48.77],[1.25,48.77],[1.26,48.77],[1.25,48.76],[1.27,48.76],[1.28,48.76],[1.3,48.77],[1.32,48.76],[1.33,48.76],[1.34,48.77],[1.36,48.78],[1.37,48.78],[1.38,48.79],[1.36,48.81],[1.36,48.83],[1.39,48.85],[1.4,48.86],[1.41,48.86],[1.42,48.86],[1.43,48.87],[1.45,48.87],[1.47,48.88],[1.47,48.89],[1.46,48.9],[1.46,48.91],[1.45,48.92],[1.46,48.93],[1.46,48.94],[1.48,48.94],[1.5,48.94],[1.51,48.94],[1.51,48.92],[1.52,48.92],[1.54,48.92],[1.54,48.91],[1.56,48.89],[1.56,48.88],[1.55,48.87],[1.56,48.87],[1.57,48.87],[1.58,48.86],[1.58,48.85],[1.58,48.84],[1.6,48.84],[1.59,48.83],[1.58,48.83],[1.59,48.81],[1.58,48.81],[1.58,48.79],[1.58,48.78],[1.59,48.77],[1.58,48.76],[1.6,48.76],[1.63,48.75],[1.62,48.74],[1.59,48.71],[1.58,48.7],[1.61,48.69],[1.61,48.68],[1.6,48.66],[1.62,48.65],[1.63,48.65],[1.64,48.65],[1.64,48.64],[1.65,48.64],[1.65,48.63],[1.66,48.63],[1.66,48.62],[1.67,48.61],[1.68,48.62],[1.69,48.61],[1.71,48.61],[1.72,48.61],[1.7,48.58],[1.71,48.58],[1.74,48.57],[1.75,48.58],[1.77,48.57],[1.77,48.56],[1.79,48.55],[1.78,48.53],[1.78,48.51],[1.79,48.5],[1.79,48.49],[1.8,48.48],[1.8,48.47],[1.84,48.47],[1.84,48.45],[1.88,48.44],[1.91,48.44],[1.91,48.45],[1.92,48.45],[1.92,48.46],[1.93,48.45],[1.93,48.44],[1.94,48.44],[1.94,48.43],[1.93,48.41],[1.93,48.4],[1.94,48.41],[1.96,48.4],[1.98,48.4],[1.97,48.38],[1.98,48.38],[1.99,48.36],[1.97,48.35],[1.97,48.34],[1.98,48.33],[1.97,48.32],[1.97,48.31],[1.96,48.31],[1.97,48.3],[1.98,48.29],[1.99,48.29],[1.99,48.27],[1.98,48.26],[1.97,48.26],[1.96,48.24],[1.97,48.23],[1.96,48.22],[1.98,48.2],[1.97,48.2],[1.96,48.2],[1.95,48.19],[1.97,48.18],[1.97,48.17],[1.96,48.17],[1.94,48.17],[1.93,48.17],[1.91,48.17],[1.91,48.16],[1.91,48.15],[1.92,48.15],[1.91,48.13],[1.9,48.13],[1.89,48.11],[1.88,48.1],[1.87,48.1],[1.86,48.1],[1.87,48.08],[1.84,48.09],[1.83,48.08],[1.81,48.08],[1.8,48.09],[1.8,48.08],[1.78,48.08],[1.74,48.07],[1.73,48.07],[1.71,48.07],[1.69,48.08],[1.68,48.07],[1.66,48.07],[1.66,48.08],[1.64,48.07],[1.62,48.07],[1.62,48.05],[1.61,48.04],[1.6,48.04],[1.59,48.03],[1.56,48.04],[1.55,48.04],[1.54,48.04],[1.55,48.03],[1.53,48.03],[1.51,48.03],[1.52,48.01],[1.53,48.01],[1.52,48.0],[1.52,47.98],[1.5,47.99],[1.48,48.0],[1.46,48.01],[1.44,48.01],[1.43,48.01],[1.43,47.99],[1.44,47.98],[1.42,47.97],[1.41,47.97],[1.39,47.98],[1.37,47.95],[1.35,47.97],[1.34,47.96],[1.31,47.95],[1.3,47.97],[1.28,47.97],[1.27,47.96],[1.26,47.98],[1.24,47.98],[1.22,47.98],[1.21,47.97],[1.19,47.97],[1.2,47.98],[1.19,48.0],[1.17,48.01],[1.16,48.02],[1.17,48.03],[1.14,48.03],[1.12,48.04],[1.12,48.05],[1.11,48.06],[1.11,48.08],[1.08,48.08],[1.06,48.09],[1.04,48.09],[1.03,48.09],[1.01,48.08],[1.0,48.09],[0.99,48.1],[1.01,48.11],[1.05,48.12],[1.04,48.13],[1.01,48.13],[1.0,48.13],[0.98,48.12],[0.96,48.11],[0.95,48.1],[0.94,48.11],[0.93,48.11],[0.91,48.1],[0.89,48.1],[0.88,48.1],[0.88,48.11],[0.84,48.1],[0.86,48.12],[0.85,48.13],[0.87,48.13],[0.89,48.14],[0.91,48.14],[0.91,48.15],[0.88,48.16],[0.86,48.17],[0.84,48.17],[0.83,48.18],[0.81,48.19],[0.8,48.19],[0.81,48.2],[0.83,48.21],[0.83,48.22],[0.81,48.24],[0.8,48.25],[0.79,48.26],[0.79,48.27],[0.79,48.28],[0.79,48.29],[0.78,48.3],[0.76,48.3],[0.76,48.31],[0.77,48.33],[0.78,48.33],[0.79,48.34],[0.82,48.35],[0.83,48.34],[0.84,48.35],[0.86,48.35],[0.87,48.36],[0.88,48.36],[0.9,48.37],[0.91,48.37],[0.93,48.39],[0.94,48.4],[0.95,48.42],[0.98,48.44],[0.96,48.44],[0.94,48.46],[0.94,48.48],[0.96,48.48],[0.95,48.49],[0.94,48.5],[0.95,48.5],[0.97,48.52],[0.95,48.53],[0.92,48.54],[0.94,48.55],[0.93,48.56],[0.89,48.57],[0.87,48.57],[0.85,48.58],[0.85,48.6],[0.83,48.61],[0.82,48.61],[0.82,48.62],[0.83,48.63],[0.82,48.64],[0.82,48.65],[0.81,48.66],[0.81,48.67]]]},"properties":{"code":"28","nom":"Eure-et-Loir"}},{"type":"Feature","geometry":{"type":"MultiPolygon","coordinates":[[[[-2.01,48.57],[-2.05,48.54],[-2.05,48.55],[-2.04,48.56],[-2.06,48.57],[-2.08,48.57],[-2.1,48.57],[-2.12,48.59],[-2.12,48.6],[-2.13,48.61],[-2.14,48.62],[-2.15,48.63],[-2.13,48.64],[-2.13,48.63],[-2.12,48.64],[-2.09,48.63],[-2.08,48.64],[-2.05,48.64],[-2.06,48.63],[-2.05,48.62],[-2.03,48.62],[-2.03,48.61],[-2.02,48.59],[-2.01,48.59],[-1.99,48.58],[-2.01,48.57]]],[[[-1.95,48.54],[-1.96,48.54],[-1.97,48.54],[-1.96,48.55],[-1.96,48.56],[-1.97,48.56],[-1.97,48.57],[-1.98,48.57],[-1.98,48.59],[-1.96,48.58],[-1.95,48.58],[-1.97,48.59],[-1.99,48.59],[-2.01,48.6],[-2.0,48.61],[-2.02,48.61],[-2.02,48.62],[-2.01,48.63],[-2.03,48.63],[-2.02,48.64],[-2.03,48.65],[-2.0,48.66],[-1.98,48.67],[-1.98,48.68],[-1.97,48.69],[-1.96,48.68],[-1.94,48.69],[-1.91,48.69],[-1.89,48.7],[-1.87,48.69],[-1.86,48.7],[-1.84,48.68],[-1.86,48.67],[-1.86,48.66],[-1.87,48.65],[-1.87,48.64],[-1.86,48.62],[-1.85,48.62],[-1.82,48.61],[-1.76,48.6],[-1.7,48.61],[-1.68,48.61],[-1.66,48.61],[-1.57,48.63],[-1.57,48.61],[-1.55,48.61],[-1.54,48.6],[-1.54,48.59],[-1.54,48.58],[-1.53,48.58],[-1.52,48.57],[-1.53,48.56],[-1.53,48.55],[-1.52,48.54],[-1.51,48.52],[-1.5,48.51],[-1.49,48.49],[-1.47,48.49],[-1.45,48.49],[-1.44,48.48],[-1.44,48.47],[-1.43,48.46],[-1.41,48.46],[-1.4,48.46],[-1.38,48.46],[-1.35,48.47],[-1.35,48.48],[-1.34,48.49],[-1.33,48.49],[-1.33,48.5],[-1.3,48.5],[-1.29,48.51],[-1.28,48.51],[-1.27,48.52],[-1.27,48.53],[-1.25,48.54],[-1.24,48.54],[-1.22,48.54],[-1.21,48.54],[-1.19,48.53],[-1.17,48.53],[-1.16,48.52],[-1.15,48.52],[-1.13,48.52],[-1.12,48.52],[-1.1,48.51],[-1.07,48.51],[-1.08,48.5],[-1.08,48.48],[-1.07,48.47],[-1.06,48.47],[-1.07,48.45],[-1.08,48.44],[-1.08,48.43],[-1.08,48.42],[-1.08,48.41],[-1.07,48.4],[-1.05,48.38],[-1.06,48.37],[-1.06,48.36],[-1.06,48.35],[-1.06,48.34],[-1.05,48.33],[-1.06,48.31],[-1.08,48.3],[-1.09,48.28],[-1.1,48.26],[-1.09,48.23],[-1.08,48.22],[-1.09,48.21],[-1.07,48.2],[-1.08,48.18],[-1.07,48.16],[-1.06,48.15],[-1.06,48.13],[-1.05,48.11],[-1.05,48.09],[-1.04,48.08],[-1.02,48.07],[-1.03,48.05],[-1.03,48.04],[-1.03,48.03],[-1.02,48.01],[-1.02,48.0],[-1.02,47.99],[-1.05,47.99],[-1.07,47.98],[-1.09,47.99],[-1.1,47.99],[-1.12,47.99],[-1.13,47.97],[-1.15,47.97],[-1.16,47.95],[-1.16,47.94],[-1.17,47.93],[-1.17,47.92],[-1.18,47.91],[-1.18,47.9],[-1.2,47.89],[-1.2,47.88],[-1.19,47.87],[-1.2,47.86],[-1.22,47.86],[-1.22,47.85],[-1.21,47.84],[-1.22,47.82],[-1.23,47.82],[-1.24,47.81],[-1.25,47.78],[-1.32,47.79],[-1.35,47.8],[-1.36,47.8],[-1.38,47.81],[-1.38,47.82],[-1.39,47.83],[-1.42,47.83],[-1.44,47.83],[-1.46,47.83],[-1.48,47.83],[-1.47,47.81],[-1.49,47.8],[-1.5,47.8],[-1.52,47.79],[-1.53,47.79],[-1.55,47.78],[-1.59,47.78],[-1.6,47.77],[-1.62,47.76],[-1.63,47.76],[-1.64,47.74],[-1.64,47.73],[-1.64,47.72],[-1.65,47.72],[-1.65,47.71],[-1.66,47.71],[-1.69,47.71],[-1.71,47.71],[-1.71,47.7],[-1.73,47.7],[-1.74,47.7],[-1.75,47.71],[-1.77,47.7],[-1.8,47.7],[-1.83,47.71],[-1.84,47.71],[-1.86,47.71],[-1.88,47.7],[-1.89,47.7],[-1.94,47.69],[-1.95,47.67],[-1.97,47.68],[-1.97,47.69],[-1.99,47.68],[-2.01,47.67],[-2.04,47.67],[-2.05,47.65],[-2.06,47.65],[-2.07,47.65],[-2.09,47.64],[-2.1,47.63],[-2.09,47.65],[-2.11,47.65],[-2.1,47.67],[-2.1,47.68],[-2.12,47.68],[-2.12,47.69],[-2.12,47.71],[-2.13,47.72],[-2.11,47.73],[-2.11,47.74],[-2.09,47.74],[-2.06,47.74],[-2.06,47.75],[-2.08,47.75],[-2.08,47.76],[-2.13,47.76],[-2.12,47.77],[-2.11,47.78],[-2.09,47.78],[-2.07,47.79],[-2.07,47.81],[-2.05,47.82],[-2.04,47.83],[-2.05,47.84],[-2.05,47.85],[-2.05,47.86],[-2.06,47.87],[-2.07,47.85],[-2.09,47.84],[-2.11,47.85],[-2.1,47.86],[-2.12,47.88],[-2.11,47.89],[-2.1,47.9],[-2.08,47.91],[-2.08,47.92],[-2.1,47.94],[-2.1,47.95],[-2.12,47.96],[-2.14,47.98],[-2.15,47.98],[-2.17,47.98],[-2.18,47.98],[-2.19,47.99],[-2.2,47.99],[-2.22,47.99],[-2.24,48.0],[-2.28,47.99],[-2.29,48.0],[-2.28,48.01],[-2.28,48.02],[-2.28,48.03],[-2.27,48.04],[-2.24,48.05],[-2.22,48.05],[-2.19,48.05],[-2.17,48.06],[-2.17,48.08],[-2.18,48.08],[-2.19,48.08],[-2.22,48.08],[-2.23,48.08],[-2.23,48.06],[-2.25,48.06],[-2.26,48.07],[-2.25,48.08],[-2.26,48.11],[-2.28,48.13],[-2.29,48.13],[-2.28,48.14],[-2.27,48.15],[-2.26,48.15],[-2.25,48.14],[-2.24,48.14],[-2.24,48.15],[-2.25,48.15],[-2.25,48.16],[-2.23,48.17],[-2.22,48.17],[-2.22,48.2],[-2.23,48.21],[-2.22,48.21],[-2.2,48.21],[-2.19,48.21],[-2.18,48.21],[-2.19,48.23],[-2.19,48.25],[-2.17,48.25],[-2.15,48.26],[-2.13,48.26],[-2.11,48.25],[-2.1,48.27],[-2.11,48.27],[-2.11,48.28],[-2.09,48.28],[-2.08,48.28],[-2.08,48.29],[-2.05,48.3],[-2.04,48.29],[-2.01,48.28],[-2.0,48.28],[-2.01,48.29],[-2.0,48.3],[-1.98,48.3],[-1.96,48.29],[-1.96,48.3],[-1.95,48.32],[-1.97,48.34],[-1.95,48.34],[-1.93,48.35],[-1.93,48.36],[-1.94,48.36],[-1.95,48.37],[-1.95,48.38],[-1.94,48.39],[-1.93,48.39],[-1.94,48.4],[-1.94,48.42],[-1.95,48.43],[-1.95,48.45],[-1.94,48.45],[-1.93,48.45],[-1.92,48.46],[-1.93,48.47],[-1.93,48.48],[-1.91,48.48],[-1.92,48.49],[-1.92,48.5],[-1.91,48.51],[-1.91,48.52],[-1.92,48.54],[-1.93,48.55],[-1.95,48.54]]]]},"properties":{"code":"35","nom":"Ille-et-Vilaine"}},{"type":"Feature","geometry":{"type":"Polygon","coordinates":[[[5.52,47.3],[5.52,47.31],[5.53,47.29],[5.53,47.28],[5.55,47.28],[5.57,47.27],[5.57,47.25],[5.58,47.25],[5.59,47.26],[5.6,47.26],[5.62,47.26],[5.64,47.26],[5.65,47.26],[5.67,47.27],[5.68,47.28],[5.7,47.27],[5.72,47.24],[5.72,47.23],[5.72,47.22],[5.74,47.21],[5.74,47.2],[5.75,47.21],[5.76,47.2],[5.76,47.19],[5.78,47.19],[5.79,47.19],[5.79,47.18],[5.81,47.17],[5.81,47.15],[5.83,47.14],[5.82,47.13],[5.81,47.12],[5.8,47.11],[5.78,47.1],[5.77,47.09],[5.78,47.07],[5.78,47.06],[5.78,47.05],[5.76,47.04],[5.75,47.06],[5.74,47.05],[5.75,47.04],[5.75,47.03],[5.74,47.03],[5.75,47.02],[5.76,47.01],[5.77,47.02],[5.79,47.02],[5.8,47.03],[5.8,47.04],[5.82,47.05],[5.82,47.02],[5.83,47.01],[5.85,47.01],[5.86,47.01],[5.88,47.01],[5.89,47.0],[5.91,47.0],[5.92,46.99],[5.94,46.98],[5.97,46.98],[5.98,46.98],[5.97,46.97],[5.98,46.96],[5.97,46.95],[5.96,46.95],[5.98,46.94],[6.0,46.93],[5.98,46.92],[5.99,46.91],[6.0,46.9],[6.01,46.9],[6.01,46.89],[6.01,46.87],[6.02,46.87],[6.03,46.87],[6.02,46.86],[6.03,46.85],[6.05,46.85],[6.07,46.86],[6.08,46.85],[6.09,46.84],[6.11,46.85],[6.12,46.83],[6.13,46.83],[6.15,46.82],[6.16,46.8],[6.18,46.8],[6.2,46.77],[6.2,46.76],[6.19,46.76],[6.18,46.74],[6.14,46.73],[6.11,46.71],[6.07,46.69],[6.09,46.67],[6.1,46.65],[6.1,46.64],[6.09,46.64],[6.06,46.63],[6.06,46.62],[6.05,46.61],[6.07,46.6],[6.1,46.57],[6.13,46.55],[6.14,46.56],[6.16,46.55],[6.15,46.54],[6.14,46.53],[6.11,46.51],[6.1,46.48],[6.07,46.46],[6.07,46.45],[6.08,46.45],[6.09,46.44],[6.07,46.43],[6.06,46.42],[6.06,46.41],[6.05,46.41],[6.03,46.39],[6.01,46.37],[5.99,46.36],[5.97,46.35],[5.95,46.33],[5.94,46.31],[5.93,46.31],[5.92,46.31],[5.91,46.28],[5.89,46.29],[5.88,46.27],[5.87,46.27],[5.86,46.27],[5.85,46.26],[5.82,46.26],[5.77,46.27],[5.75,46.27],[5.73,46.26],[5.72,46.27],[5.72,46.28],[5.72,46.29],[5.71,46.31],[5.68,46.31],[5.68,46.32],[5.67,46.32],[5.65,46.32],[5.65,46.34],[5.64,46.34],[5.63,46.33],[5.62,46.33],[5.61,46.32],[5.6,46.3],[5.59,46.29],[5.57,46.29],[5.56,46.28],[5.54,46.27],[5.51,46.26],[5.5,46.27],[5.47,46.27],[5.46,46.27],[5.46,46.29],[5.47,46.3],[5.48,46.32],[5.47,46.32],[5.44,46.32],[5.43,46.34],[5.42,46.34],[5.41,46.31],[5.4,46.31],[5.4,46.33],[5.4,46.34],[5.38,46.35],[5.37,46.35],[5.38,46.36],[5.36,46.37],[5.38,46.38],[5.36,46.39],[5.35,46.4],[5.33,46.4],[5.31,46.41],[5.31,46.42],[5.32,46.43],[5.31,46.45],[5.32,46.46],[5.37,46.46],[5.39,46.47],[5.4,46.47],[5.42,46.47],[5.42,46.49],[5.42,46.5],[5.41,46.5],[5.39,46.51],[5.38,46.52],[5.37,46.52],[5.36,46.52],[5.36,46.55],[5.36,46.56],[5.37,46.57],[5.36,46.58],[5.38,46.58],[5.4,46.58],[5.41,46.6],[5.4,46.61],[5.42,46.62],[5.44,46.63],[5.44,46.64],[5.42,46.65],[5.43,46.66],[5.42,46.67],[5.4,46.69],[5.41,46.7],[5.39,46.71],[5.4,46.72],[5.39,46.73],[5.36,46.73],[5.37,46.75],[5.39,46.76],[5.39,46.77],[5.38,46.78],[5.37,46.78],[5.36,46.79],[5.34,46.79],[5.33,46.8],[5.33,46.81],[5.34,46.82],[5.35,46.81],[5.37,46.83],[5.39,46.83],[5.41,46.83],[5.42,46.83],[5.44,46.83],[5.46,46.83],[5.46,46.84],[5.46,46.86],[5.45,46.86],[5.44,46.86],[5.41,46.86],[5.4,46.87],[5.4,46.88],[5.4,46.89],[5.39,46.89],[5.36,46.88],[5.35,46.89],[5.34,46.89],[5.33,46.89],[5.32,46.9],[5.31,46.92],[5.31,46.94],[5.29,46.94],[5.27,46.93],[5.26,46.94],[5.26,46.95],[5.26,46.96],[5.25,46.97],[5.26,46.98],[5.27,46.99],[5.28,47.0],[5.3,47.0],[5.31,47.02],[5.28,47.03],[5.28,47.05],[5.3,47.06],[5.31,47.06],[5.32,47.07],[5.33,47.08],[5.35,47.08],[5.36,47.08],[5.37,47.08],[5.39,47.08],[5.4,47.1],[5.4,47.11],[5.41,47.11],[5.41,47.13],[5.42,47.13],[5.43,47.14],[5.44,47.14],[5.44,47.15],[5.45,47.16],[5.46,47.18],[5.46,47.19],[5.45,47.2],[5.46,47.21],[5.48,47.22],[5.47,47.23],[5.48,47.24],[5.49,47.25],[5.48,47.26],[5.49,47.27],[5.49,47.29],[5.5,47.29],[5.52,47.3]]]},"properties":{"code":"39","nom":"Jura"}},{"type":"Feature","geometry":{"type":"Polygon","coordinates":[[[-1.25,44.47],[-1.19,44.48],[-1.11,44.5],[-1.09,44.53],[-1.03,44.51],[-1.01,44.51],[-0.99,44.51],[-0.98,44.48],[-0.99,44.46],[-1.01,44.44],[-1.03,44.42],[-0.97,44.43],[-0.92,44.44],[-0.91,44.44],[-0.85,44.42],[-0.82,44.42],[-0.79,44.43],[-0.78,44.43],[-0.77,44.44],[-0.73,44.45],[-0.7,44.44],[-0.68,44.44],[-0.68,44.46],[-0.64,44.45],[-0.63,44.44],[-0.63,44.41],[-0.63,44.4],[-0.57,44.38],[-0.56,44.37],[-0.53,44.36],[-0.52,44.34],[-0.48,44.32],[-0.43,44.32],[-0.43,44.3],[-0.4,44.29],[-0.38,44.29],[-0.4,44.24],[-0.39,44.21],[-0.36,44.21],[-0.31,44.2],[-0.27,44.19],[-0.22,44.21],[-0.23,44.26],[-0.21,44.26],[-0.19,44.27],[-0.18,44.26],[-0.17,44.24],[-0.14,44.23],[-0.13,44.2],[-0.13,44.19],[-0.13,44.15],[-0.11,44.15],[-0.1,44.15],[-0.08,44.15],[-0.06,44.15],[-0.0,44.15],[0.03,44.14],[0.03,44.13],[0.14,44.12],[0.13,44.12],[0.14,44.11],[0.13,44.11],[0.1,44.09],[0.1,44.07],[0.08,44.05],[0.08,44.04],[0.07,44.03],[0.06,44.02],[0.06,44.0],[0.08,43.98],[0.07,43.97],[0.06,43.96],[0.06,43.95],[0.07,43.94],[0.08,43.92],[0.06,43.9],[0.05,43.9],[0.03,43.9],[0.02,43.91],[-0.0,43.92],[-0.01,43.92],[-0.02,43.93],[0.0,43.94],[0.01,43.95],[0.0,43.96],[-0.02,43.97],[-0.04,43.98],[-0.04,43.97],[-0.05,43.96],[-0.06,43.96],[-0.07,43.95],[-0.09,43.95],[-0.1,43.94],[-0.09,43.93],[-0.1,43.93],[-0.13,43.94],[-0.14,43.94],[-0.15,43.94],[-0.15,43.93],[-0.17,43.93],[-0.18,43.94],[-0.18,43.93],[-0.19,43.93],[-0.2,43.92],[-0.22,43.91],[-0.23,43.91],[-0.23,43.9],[-0.23,43.89],[-0.22,43.89],[-0.2,43.89],[-0.19,43.88],[-0.2,43.86],[-0.21,43.86],[-0.2,43.85],[-0.19,43.83],[-0.2,43.83],[-0.19,43.81],[-0.22,43.81],[-0.23,43.81],[-0.22,43.8],[-0.22,43.79],[-0.21,43.78],[-0.22,43.77],[-0.21,43.76],[-0.22,43.75],[-0.21,43.75],[-0.2,43.75],[-0.19,43.74],[-0.21,43.73],[-0.23,43.71],[-0.25,43.71],[-0.24,43.69],[-0.26,43.68],[-0.25,43.67],[-0.24,43.67],[-0.24,43.66],[-0.24,43.65],[-0.26,43.65],[-0.26,43.64],[-0.28,43.64],[-0.28,43.62],[-0.25,43.62],[-0.25,43.6],[-0.24,43.58],[-0.25,43.58],[-0.26,43.59],[-0.28,43.58],[-0.29,43.57],[-0.3,43.57],[-0.3,43.56],[-0.33,43.56],[-0.34,43.55],[-0.35,43.56],[-0.38,43.57],[-0.41,43.57],[-0.44,43.55],[-0.45,43.55],[-0.45,43.56],[-0.46,43.57],[-0.45,43.57],[-0.44,43.58],[-0.43,43.59],[-0.45,43.6],[-0.47,43.59],[-0.51,43.57],[-0.51,43.56],[-0.53,43.56],[-0.53,43.55],[-0.56,43.54],[-0.57,43.56],[-0.58,43.55],[-0.6,43.54],[-0.62,43.54],[-0.63,43.55],[-0.65,43.56],[-0.66,43.56],[-0.64,43.57],[-0.67,43.57],[-0.69,43.56],[-0.7,43.56],[-0.71,43.56],[-0.72,43.54],[-0.73,43.55],[-0.73,43.56],[-0.75,43.56],[-0.77,43.58],[-0.78,43.58],[-0.78,43.56],[-0.79,43.56],[-0.8,43.56],[-0.82,43.56],[-0.83,43.56],[-0.84,43.55],[-0.84,43.54],[-0.86,43.54],[-0.9,43.55],[-0.91,43.55],[-0.92,43.54],[-0.93,43.53],[-0.94,43.54],[-0.95,43.53],[-0.96,43.53],[-0.98,43.54],[-0.99,43.54],[-1.0,43.53],[-0.99,43.53],[-0.99,43.51],[-1.01,43.51],[-1.02,43.5],[-1.03,43.51],[-1.05,43.51],[-1.07,43.51],[-1.07,43.52],[-1.08,43.52],[-1.09,43.51],[-1.11,43.51],[-1.12,43.5],[-1.14,43.5],[-1.14,43.49],[-1.15,43.49],[-1.15,43.5],[-1.16,43.49],[-1.17,43.49],[-1.17,43.51],[-1.13,43.51],[-1.13,43.52],[-1.16,43.53],[-1.16,43.54],[-1.17,43.55],[-1.2,43.55],[-1.22,43.53],[-1.27,43.51],[-1.29,43.5],[-1.3,43.5],[-1.33,43.5],[-1.37,43.49],[-1.39,43.5],[-1.42,43.5],[-1.42,43.51],[-1.44,43.51],[-1.46,43.52],[-1.46,43.53],[-1.48,43.54],[-1.49,43.54],[-1.5,43.53],[-1.52,43.53],[-1.51,43.55],[-1.49,43.57],[-1.46,43.62],[-1.45,43.64],[-1.45,43.66],[-1.44,43.67],[-1.44,43.69],[-1.44,43.71],[-1.42,43.76],[-1.41,43.8],[-1.4,43.85],[-1.39,43.86],[-1.37,43.91],[-1.34,44.06],[-1.33,44.09],[-1.33,44.1],[-1.31,44.14],[-1.31,44.17],[-1.29,44.23],[-1.29,44.27],[-1.27,44.35],[-1.26,44.42],[-1.25,44.47]]]},"properties":{"code":"40","nom":"Landes"}},{"type":"Feature","geometry":{"type":"Polygon","coordinates":[[[3.9,46.28],[3.91,46.27],[3.91,46.26],[3.91,46.24],[3.9,46.24],[3.9,46.23],[3.89,46.21],[3.91,46.21],[3.92,46.2],[3.93,46.21],[3.97,46.2],[3.97,46.19],[3.98,46.18],[3.99,46.17],[4.03,46.17],[4.05,46.18],[4.06,46.19],[4.07,46.19],[4.09,46.19],[4.1,46.2],[4.13,46.18],[4.17,46.17],[4.19,46.18],[4.19,46.19],[4.21,46.19],[4.22,46.18],[4.23,46.18],[4.24,46.19],[4.25,46.19],[4.26,46.18],[4.25,46.17],[4.25,46.16],[4.28,46.16],[4.3,46.17],[4.32,46.17],[4.33,46.18],[4.34,46.18],[4.35,46.19],[4.36,46.18],[4.37,46.19],[4.36,46.2],[4.38,46.21],[4.39,46.21],[4.39,46.22],[4.41,46.22],[4.42,46.21],[4.42,46.2],[4.4,46.2],[4.4,46.19],[4.41,46.18],[4.42,46.18],[4.44,46.17],[4.43,46.16],[4.43,46.15],[4.42,46.14],[4.41,46.14],[4.38,46.15],[4.37,46.15],[4.36,46.14],[4.34,46.13],[4.33,46.14],[4.32,46.13],[4.32,46.12],[4.31,46.11],[4.31,46.08],[4.3,46.06],[4.28,46.05],[4.25,46.05],[4.26,46.04],[4.28,46.02],[4.29,46.02],[4.31,46.02],[4.31,46.01],[4.3,45.99],[4.29,46.0],[4.28,45.99],[4.24,46.0],[4.25,45.99],[4.25,45.98],[4.28,45.98],[4.29,45.97],[4.3,45.97],[4.3,45.96],[4.29,45.95],[4.31,45.95],[4.32,45.94],[4.34,45.93],[4.34,45.92],[4.35,45.92],[4.32,45.9],[4.34,45.89],[4.34,45.88],[4.36,45.87],[4.38,45.86],[4.39,45.87],[4.39,45.85],[4.38,45.85],[4.39,45.84],[4.38,45.83],[4.38,45.82],[4.39,45.81],[4.37,45.81],[4.38,45.79],[4.38,45.78],[4.36,45.78],[4.35,45.77],[4.36,45.75],[4.39,45.75],[4.4,45.74],[4.39,45.74],[4.38,45.72],[4.37,45.7],[4.37,45.69],[4.37,45.67],[4.39,45.66],[4.39,45.65],[4.41,45.63],[4.44,45.62],[4.45,45.6],[4.47,45.59],[4.48,45.59],[4.51,45.58],[4.5,45.58],[4.52,45.57],[4.54,45.58],[4.55,45.58],[4.57,45.58],[4.59,45.57],[4.6,45.57],[4.61,45.58],[4.63,45.57],[4.64,45.55],[4.64,45.54],[4.66,45.54],[4.65,45.56],[4.66,45.56],[4.67,45.57],[4.68,45.57],[4.69,45.56],[4.68,45.55],[4.67,45.55],[4.66,45.54],[4.65,45.53],[4.65,45.52],[4.65,45.5],[4.66,45.49],[4.68,45.48],[4.7,45.48],[4.72,45.49],[4.74,45.49],[4.74,45.47],[4.76,45.46],[4.76,45.45],[4.76,45.44],[4.76,45.43],[4.74,45.42],[4.74,45.41],[4.76,45.4],[4.76,45.38],[4.76,45.37],[4.73,45.36],[4.72,45.36],[4.7,45.35],[4.68,45.35],[4.66,45.34],[4.64,45.33],[4.64,45.32],[4.61,45.31],[4.62,45.29],[4.6,45.29],[4.59,45.27],[4.6,45.26],[4.6,45.25],[4.58,45.24],[4.56,45.25],[4.53,45.24],[4.51,45.24],[4.51,45.23],[4.49,45.23],[4.48,45.24],[4.47,45.25],[4.45,45.26],[4.44,45.27],[4.42,45.28],[4.39,45.26],[4.38,45.26],[4.36,45.26],[4.35,45.28],[4.36,45.28],[4.36,45.29],[4.37,45.3],[4.35,45.3],[4.33,45.32],[4.35,45.33],[4.37,45.34],[4.36,45.35],[4.35,45.36],[4.33,45.37],[4.31,45.37],[4.29,45.37],[4.3,45.36],[4.28,45.36],[4.27,45.36],[4.27,45.37],[4.26,45.37],[4.24,45.38],[4.23,45.39],[4.2,45.38],[4.19,45.38],[4.18,45.39],[4.14,45.38],[4.16,45.37],[4.15,45.36],[4.12,45.37],[4.1,45.36],[4.08,45.35],[4.07,45.34],[4.06,45.34],[4.05,45.35],[4.04,45.36],[4.02,45.34],[4.02,45.33],[4.0,45.36],[3.99,45.36],[3.98,45.38],[3.96,45.37],[3.95,45.38],[3.94,45.37],[3.94,45.36],[3.92,45.36],[3.92,45.34],[3.91,45.33],[3.9,45.34],[3.9,45.36],[3.89,45.37],[3.89,45.38],[3.89,45.39],[3.9,45.41],[3.91,45.41],[3.92,45.42],[3.94,45.43],[3.96,45.44],[3.98,45.45],[3.97,45.47],[3.97,45.48],[3.98,45.48],[3.98,45.49],[3.96,45.5],[3.96,45.51],[3.95,45.53],[3.95,45.54],[3.95,45.56],[3.93,45.58],[3.91,45.59],[3.9,45.6],[3.88,45.6],[3.87,45.61],[3.86,45.62],[3.85,45.63],[3.84,45.63],[3.82,45.63],[3.82,45.65],[3.8,45.66],[3.79,45.67],[3.78,45.69],[3.78,45.7],[3.78,45.71],[3.78,45.72],[3.77,45.73],[3.76,45.75],[3.75,45.74],[3.73,45.76],[3.74,45.77],[3.72,45.78],[3.7,45.78],[3.69,45.79],[3.71,45.8],[3.72,45.81],[3.72,45.82],[3.73,45.83],[3.72,45.85],[3.72,45.87],[3.73,45.87],[3.74,45.87],[3.75,45.89],[3.75,45.9],[3.73,45.91],[3.72,45.92],[3.69,45.93],[3.69,45.95],[3.71,45.96],[3.7,45.97],[3.71,45.97],[3.72,45.97],[3.74,45.97],[3.75,45.97],[3.76,45.98],[3.77,45.98],[3.78,45.97],[3.79,45.97],[3.8,45.98],[3.81,45.98],[3.83,46.0],[3.82,46.01],[3.81,46.03],[3.81,46.04],[3.81,46.05],[3.81,46.06],[3.82,46.08],[3.82,46.09],[3.8,46.11],[3.79,46.11],[3.8,46.13],[3.79,46.14],[3.79,46.15],[3.81,46.16],[3.81,46.17],[3.79,46.18],[3.79,46.19],[3.79,46.21],[3.78,46.22],[3.77,46.23],[3.77,46.24],[3.78,46.24],[3.8,46.24],[3.81,46.24],[3.8,46.25],[3.82,46.26],[3.87,46.26],[3.88,46.28],[3.89,46.27],[3.9,46.28]]]},"properties":{"code":"42","nom":"Loire"}},{"type":"Feature","geometry":{"type":"Polygon","coordinates":[[[1.99,48.29],[2.01,48.28],[2.02,48.29],[2.05,48.29],[2.05,48.3],[2.08,48.29],[2.11,48.31],[2.11,48.3],[2.14,48.3],[2.16,48.3],[2.15,48.32],[2.17,48.31],[2.18,48.31],[2.19,48.33],[2.2,48.34],[2.22,48.34],[2.23,48.33],[2.25,48.33],[2.24,48.32],[2.25,48.31],[2.25,48.3],[2.27,48.31],[2.3,48.31],[2.31,48.33],[2.33,48.33],[2.34,48.32],[2.37,48.31],[2.4,48.31],[2.4,48.32],[2.4,48.31],[2.42,48.3],[2.42,48.29],[2.42,48.28],[2.42,48.26],[2.43,48.26],[2.45,48.25],[2.47,48.26],[2.49,48.24],[2.51,48.24],[2.51,48.21],[2.52,48.2],[2.51,48.19],[2.51,48.18],[2.52,48.17],[2.51,48.16],[2.48,48.16],[2.46,48.14],[2.44,48.13],[2.45,48.12],[2.46,48.13],[2.49,48.13],[2.52,48.13],[2.54,48.14],[2.57,48.14],[2.58,48.13],[2.6,48.13],[2.64,48.14],[2.65,48.14],[2.66,48.12],[2.67,48.12],[2.71,48.12],[2.73,48.14],[2.76,48.15],[2.75,48.15],[2.74,48.16],[2.75,48.16],[2.77,48.16],[2.78,48.17],[2.8,48.17],[2.81,48.16],[2.8,48.15],[2.8,48.13],[2.82,48.13],[2.83,48.13],[2.84,48.14],[2.86,48.15],[2.87,48.16],[2.94,48.16],[2.95,48.17],[2.96,48.15],[2.99,48.15],[2.99,48.14],[3.01,48.15],[3.03,48.13],[3.02,48.12],[3.04,48.12],[3.04,48.1],[3.05,48.09],[3.05,48.07],[3.07,48.06],[3.09,48.05],[3.1,48.04],[3.12,48.03],[3.1,48.02],[3.1,48.01],[3.12,48.01],[3.12,48.0],[3.13,47.97],[3.12,47.96],[3.11,47.95],[3.1,47.95],[3.08,47.94],[3.08,47.93],[3.06,47.93],[3.05,47.92],[3.05,47.91],[3.04,47.91],[3.03,47.91],[3.01,47.9],[3.01,47.87],[3.0,47.87],[3.01,47.86],[3.02,47.86],[3.03,47.84],[3.01,47.83],[3.02,47.81],[3.03,47.8],[3.02,47.79],[2.99,47.79],[2.94,47.76],[2.91,47.77],[2.89,47.76],[2.87,47.76],[2.86,47.76],[2.86,47.75],[2.85,47.73],[2.85,47.72],[2.86,47.71],[2.88,47.72],[2.88,47.71],[2.88,47.7],[2.9,47.7],[2.92,47.68],[2.92,47.67],[2.93,47.66],[2.94,47.66],[2.95,47.65],[2.94,47.64],[2.94,47.62],[2.95,47.61],[2.94,47.6],[2.95,47.59],[2.96,47.58],[2.98,47.57],[2.96,47.56],[2.91,47.57],[2.91,47.56],[2.89,47.55],[2.87,47.55],[2.86,47.55],[2.85,47.54],[2.87,47.52],[2.85,47.51],[2.83,47.51],[2.83,47.5],[2.81,47.49],[2.8,47.5],[2.79,47.51],[2.77,47.52],[2.75,47.52],[2.74,47.53],[2.73,47.54],[2.72,47.52],[2.72,47.51],[2.73,47.5],[2.72,47.49],[2.68,47.48],[2.66,47.49],[2.66,47.51],[2.61,47.53],[2.62,47.54],[2.6,47.55],[2.57,47.56],[2.56,47.57],[2.54,47.57],[2.51,47.57],[2.49,47.57],[2.45,47.6],[2.45,47.61],[2.44,47.61],[2.4,47.6],[2.39,47.59],[2.37,47.59],[2.36,47.59],[2.34,47.61],[2.33,47.61],[2.29,47.63],[2.24,47.62],[2.24,47.64],[2.23,47.65],[2.22,47.67],[2.21,47.66],[2.21,47.68],[2.2,47.68],[2.17,47.67],[2.15,47.67],[2.14,47.68],[2.13,47.68],[2.11,47.67],[2.11,47.68],[2.09,47.68],[2.07,47.68],[2.07,47.67],[2.04,47.68],[2.02,47.68],[2.01,47.68],[2.0,47.67],[1.99,47.66],[1.98,47.67],[1.96,47.66],[1.94,47.66],[1.94,47.67],[1.94,47.68],[1.93,47.68],[1.91,47.67],[1.89,47.68],[1.87,47.67],[1.86,47.68],[1.86,47.69],[1.84,47.69],[1.84,47.67],[1.84,47.66],[1.81,47.65],[1.8,47.64],[1.79,47.64],[1.78,47.64],[1.78,47.65],[1.77,47.65],[1.75,47.66],[1.74,47.66],[1.74,47.67],[1.73,47.69],[1.72,47.7],[1.73,47.7],[1.71,47.72],[1.71,47.73],[1.7,47.74],[1.68,47.74],[1.66,47.75],[1.63,47.76],[1.62,47.74],[1.61,47.73],[1.59,47.73],[1.6,47.74],[1.55,47.77],[1.57,47.79],[1.57,47.8],[1.55,47.81],[1.53,47.82],[1.53,47.83],[1.54,47.84],[1.55,47.85],[1.57,47.86],[1.59,47.88],[1.58,47.89],[1.58,47.9],[1.56,47.92],[1.54,47.93],[1.53,47.93],[1.53,47.94],[1.54,47.95],[1.55,47.95],[1.55,47.96],[1.55,47.97],[1.56,47.97],[1.57,47.97],[1.56,47.99],[1.55,47.99],[1.54,47.99],[1.53,47.98],[1.52,47.98],[1.52,48.0],[1.53,48.01],[1.52,48.01],[1.51,48.03],[1.53,48.03],[1.55,48.03],[1.54,48.04],[1.55,48.04],[1.56,48.04],[1.59,48.03],[1.6,48.04],[1.61,48.04],[1.62,48.05],[1.62,48.07],[1.64,48.07],[1.66,48.08],[1.66,48.07],[1.68,48.07],[1.69,48.08],[1.71,48.07],[1.73,48.07],[1.74,48.07],[1.78,48.08],[1.8,48.08],[1.8,48.09],[1.81,48.08],[1.83,48.08],[1.84,48.09],[1.87,48.08],[1.86,48.1],[1.87,48.1],[1.88,48.1],[1.89,48.11],[1.9,48.13],[1.91,48.13],[1.92,48.15],[1.91,48.15],[1.91,48.16],[1.91,48.17],[1.93,48.17],[1.94,48.17],[1.96,48.17],[1.97,48.17],[1.97,48.18],[1.95,48.19],[1.96,48.2],[1.97,48.2],[1.98,48.2],[1.96,48.22],[1.97,48.23],[1.96,48.24],[1.97,48.26],[1.98,48.26],[1.99,48.27],[1.99,48.29]]]},"properties":{"code":"45","nom":"Loiret"}},{"type":"Feature","geometry":{"type":"Polygon","coordinates":[[[0.3,44.76],[0.31,44.76],[0.34,44.74],[0.35,44.72],[0.35,44.71],[0.34,44.7],[0.36,44.69],[0.35,44.67],[0.35,44.66],[0.35,44.65],[0.37,44.66],[0.38,44.65],[0.39,44.65],[0.41,44.65],[0.45,44.65],[0.47,44.67],[0.49,44.67],[0.5,44.67],[0.52,44.68],[0.54,44.67],[0.57,44.67],[0.58,44.69],[0.59,44.7],[0.61,44.7],[0.62,44.69],[0.62,44.7],[0.63,44.71],[0.64,44.7],[0.66,44.69],[0.66,44.68],[0.68,44.68],[0.72,44.68],[0.73,44.68],[0.74,44.68],[0.76,44.68],[0.76,44.69],[0.78,44.68],[0.79,44.7],[0.8,44.7],[0.83,44.69],[0.83,44.68],[0.84,44.66],[0.84,44.65],[0.84,44.64],[0.82,44.63],[0.83,44.61],[0.84,44.62],[0.84,44.61],[0.84,44.6],[0.87,44.6],[0.88,44.62],[0.89,44.61],[0.92,44.63],[0.93,44.64],[0.95,44.64],[0.96,44.64],[0.97,44.64],[0.98,44.64],[1.0,44.63],[1.01,44.61],[1.05,44.61],[1.06,44.6],[1.07,44.6],[1.08,44.58],[1.07,44.57],[1.05,44.56],[1.03,44.56],[1.01,44.54],[1.01,44.55],[0.99,44.55],[0.98,44.54],[1.0,44.53],[1.02,44.51],[1.02,44.49],[1.01,44.48],[1.02,44.48],[1.02,44.46],[1.02,44.44],[1.03,44.43],[1.05,44.43],[1.06,44.43],[1.06,44.42],[1.06,44.4],[1.05,44.39],[1.06,44.39],[1.06,44.38],[1.06,44.37],[1.05,44.36],[1.0,44.37],[0.98,44.36],[0.97,44.36],[0.95,44.36],[0.94,44.35],[0.94,44.37],[0.93,44.38],[0.92,44.38],[0.9,44.38],[0.89,44.37],[0.89,44.36],[0.9,44.35],[0.87,44.32],[0.87,44.31],[0.88,44.31],[0.89,44.3],[0.92,44.3],[0.92,44.29],[0.95,44.28],[0.94,44.26],[0.93,44.27],[0.93,44.25],[0.92,44.24],[0.93,44.23],[0.92,44.23],[0.91,44.2],[0.91,44.19],[0.86,44.19],[0.85,44.17],[0.87,44.17],[0.88,44.18],[0.89,44.17],[0.89,44.16],[0.89,44.15],[0.88,44.14],[0.88,44.13],[0.87,44.13],[0.84,44.14],[0.82,44.14],[0.8,44.15],[0.79,44.14],[0.8,44.13],[0.8,44.12],[0.79,44.11],[0.77,44.11],[0.75,44.1],[0.74,44.07],[0.74,44.06],[0.72,44.06],[0.71,44.06],[0.69,44.05],[0.68,44.04],[0.68,44.03],[0.67,44.03],[0.66,44.03],[0.65,44.04],[0.63,44.05],[0.63,44.06],[0.6,44.07],[0.6,44.08],[0.58,44.08],[0.57,44.06],[0.54,44.05],[0.52,44.06],[0.51,44.06],[0.49,44.06],[0.48,44.05],[0.46,44.06],[0.45,44.04],[0.44,44.03],[0.42,44.03],[0.39,44.02],[0.38,44.01],[0.37,44.01],[0.36,44.02],[0.33,44.01],[0.32,44.01],[0.32,43.99],[0.3,43.99],[0.27,44.0],[0.25,44.0],[0.24,44.01],[0.22,44.02],[0.21,44.02],[0.2,44.01],[0.19,44.01],[0.18,44.0],[0.17,44.0],[0.17,43.98],[0.16,43.97],[0.14,43.97],[0.14,43.99],[0.13,44.0],[0.11,43.99],[0.08,43.98],[0.06,44.0],[0.06,44.02],[0.07,44.03],[0.08,44.04],[0.08,44.05],[0.1,44.07],[0.1,44.09],[0.13,44.11],[0.14,44.11],[0.13,44.12],[0.14,44.12],[0.03,44.13],[0.03,44.14],[-0.0,44.15],[-0.06,44.15],[-0.08,44.15],[-0.1,44.15],[-0.11,44.15],[-0.13,44.15],[-0.13,44.19],[-0.13,44.2],[-0.14,44.23],[-0.12,44.24],[-0.11,44.23],[-0.09,44.24],[-0.07,44.25],[-0.05,44.27],[-0.04,44.27],[-0.04,44.29],[-0.03,44.3],[-0.06,44.32],[-0.07,44.32],[-0.09,44.34],[-0.08,44.35],[-0.07,44.35],[-0.05,44.36],[-0.03,44.36],[-0.02,44.37],[-0.0,44.37],[0.01,44.37],[0.02,44.38],[0.01,44.38],[0.02,44.39],[-0.0,44.41],[-0.01,44.42],[-0.0,44.44],[0.01,44.45],[0.0,44.46],[-0.01,44.46],[-0.01,44.48],[-0.02,44.49],[-0.02,44.51],[0.0,44.52],[0.01,44.52],[0.02,44.53],[0.01,44.54],[-0.0,44.55],[0.02,44.54],[0.02,44.55],[0.04,44.55],[0.07,44.55],[0.08,44.56],[0.09,44.58],[0.08,44.58],[0.11,44.59],[0.14,44.61],[0.15,44.61],[0.15,44.62],[0.14,44.63],[0.14,44.64],[0.16,44.63],[0.17,44.63],[0.17,44.64],[0.18,44.66],[0.18,44.67],[0.16,44.67],[0.14,44.67],[0.13,44.67],[0.13,44.68],[0.11,44.68],[0.1,44.7],[0.11,44.71],[0.12,44.71],[0.13,44.7],[0.14,44.72],[0.14,44.74],[0.15,44.73],[0.16,44.74],[0.18,44.74],[0.18,44.75],[0.19,44.74],[0.2,44.72],[0.22,44.72],[0.21,44.74],[0.22,44.75],[0.23,44.76],[0.24,44.76],[0.24,44.75],[0.26,44.75],[0.29,44.76],[0.3,44.76]]]},"properties":{"code":"47","nom":"Lot-et-Garonne"}},{"type":"Feature","geometry":{"type":"Polygon","coordinates":[[[4.95,49.24],[4.96,49.25],[5.0,49.26],[5.02,49.27],[5.03,49.27],[5.05,49.27],[5.05,49.29],[5.06,49.29],[5.05,49.29],[5.04,49.3],[5.03,49.31],[5.04,49.32],[5.03,49.33],[5.03,49.34],[5.05,49.36],[5.06,49.37],[5.09,49.37],[5.1,49.39],[5.09,49.4],[5.1,49.41],[5.12,49.42],[5.11,49.43],[5.1,49.44],[5.11,49.46],[5.09,49.46],[5.08,49.47],[5.08,49.48],[5.07,49.49],[5.06,49.5],[5.06,49.51],[5.08,49.51],[5.1,49.54],[5.09,49.54],[5.1,49.56],[5.11,49.56],[5.11,49.57],[5.1,49.58],[5.11,49.59],[5.12,49.59],[5.14,49.59],[5.16,49.56],[5.17,49.56],[5.19,49.57],[5.2,49.57],[5.21,49.57],[5.23,49.57],[5.23,49.56],[5.25,49.56],[5.26,49.54],[5.28,49.54],[5.29,49.55],[5.31,49.56],[5.32,49.58],[5.34,49.59],[5.35,49.59],[5.36,49.59],[5.38,49.59],[5.38,49.6],[5.39,49.62],[5.43,49.6],[5.44,49.57],[5.45,49.56],[5.44,49.55],[5.47,49.54],[5.47,49.53],[5.45,49.52],[5.46,49.51],[5.47,49.5],[5.48,49.49],[5.47,49.48],[5.46,49.47],[5.47,49.46],[5.46,49.45],[5.48,49.44],[5.47,49.43],[5.48,49.43],[5.5,49.42],[5.51,49.42],[5.49,49.41],[5.48,49.4],[5.47,49.41],[5.45,49.4],[5.46,49.4],[5.47,49.4],[5.47,49.39],[5.48,49.38],[5.49,49.39],[5.5,49.41],[5.53,49.41],[5.55,49.42],[5.57,49.42],[5.59,49.42],[5.6,49.42],[5.61,49.42],[5.62,49.43],[5.63,49.44],[5.65,49.43],[5.68,49.42],[5.69,49.42],[5.69,49.4],[5.69,49.39],[5.71,49.38],[5.71,49.36],[5.73,49.36],[5.74,49.35],[5.74,49.34],[5.72,49.33],[5.72,49.32],[5.73,49.31],[5.75,49.31],[5.76,49.32],[5.77,49.3],[5.76,49.28],[5.75,49.28],[5.73,49.27],[5.73,49.26],[5.72,49.25],[5.74,49.23],[5.73,49.22],[5.72,49.22],[5.72,49.21],[5.73,49.2],[5.76,49.2],[5.77,49.2],[5.75,49.17],[5.74,49.16],[5.76,49.15],[5.76,49.14],[5.76,49.13],[5.75,49.13],[5.75,49.12],[5.76,49.11],[5.77,49.11],[5.79,49.11],[5.82,49.11],[5.82,49.09],[5.81,49.08],[5.81,49.06],[5.84,49.07],[5.83,49.06],[5.84,49.05],[5.85,49.04],[5.83,49.03],[5.82,49.02],[5.82,49.0],[5.8,48.98],[5.83,48.98],[5.83,48.97],[5.85,48.96],[5.85,48.95],[5.82,48.94],[5.8,48.95],[5.79,48.94],[5.78,48.93],[5.77,48.92],[5.75,48.92],[5.76,48.91],[5.77,48.9],[5.79,48.89],[5.79,48.88],[5.77,48.87],[5.77,48.86],[5.78,48.85],[5.78,48.83],[5.77,48.8],[5.76,48.8],[5.76,48.79],[5.78,48.8],[5.78,48.79],[5.77,48.79],[5.74,48.77],[5.73,48.76],[5.75,48.76],[5.74,48.75],[5.72,48.75],[5.71,48.74],[5.72,48.73],[5.74,48.72],[5.75,48.71],[5.76,48.7],[5.74,48.67],[5.75,48.67],[5.75,48.65],[5.76,48.63],[5.76,48.62],[5.77,48.62],[5.79,48.63],[5.8,48.63],[5.8,48.61],[5.79,48.61],[5.76,48.61],[5.75,48.6],[5.74,48.6],[5.72,48.59],[5.71,48.58],[5.72,48.56],[5.73,48.55],[5.75,48.55],[5.78,48.54],[5.77,48.53],[5.76,48.52],[5.77,48.5],[5.76,48.49],[5.74,48.47],[5.71,48.46],[5.69,48.46],[5.68,48.47],[5.67,48.47],[5.64,48.47],[5.65,48.46],[5.63,48.45],[5.62,48.44],[5.61,48.44],[5.59,48.44],[5.58,48.44],[5.58,48.43],[5.57,48.43],[5.56,48.44],[5.55,48.44],[5.52,48.43],[5.51,48.43],[5.51,48.42],[5.51,48.41],[5.5,48.41],[5.47,48.42],[5.45,48.42],[5.44,48.43],[5.43,48.44],[5.41,48.45],[5.4,48.45],[5.41,48.46],[5.4,48.47],[5.38,48.47],[5.37,48.48],[5.35,48.48],[5.34,48.49],[5.33,48.5],[5.33,48.51],[5.31,48.51],[5.31,48.52],[5.3,48.51],[5.26,48.52],[5.23,48.53],[5.21,48.53],[5.21,48.54],[5.2,48.54],[5.2,48.55],[5.18,48.55],[5.17,48.57],[5.15,48.56],[5.13,48.57],[5.13,48.58],[5.12,48.58],[5.12,48.6],[5.1,48.59],[5.07,48.6],[5.06,48.62],[5.06,48.63],[5.05,48.63],[5.03,48.61],[5.01,48.61],[5.0,48.61],[4.99,48.62],[5.01,48.63],[5.0,48.65],[4.99,48.66],[5.01,48.67],[5.01,48.68],[5.0,48.68],[4.99,48.68],[5.01,48.7],[5.0,48.71],[5.01,48.71],[5.01,48.72],[5.01,48.74],[4.99,48.74],[4.98,48.75],[4.95,48.77],[4.94,48.78],[4.93,48.79],[4.9,48.8],[4.89,48.8],[4.9,48.81],[4.89,48.82],[4.92,48.84],[4.94,48.84],[4.94,48.85],[4.93,48.85],[4.92,48.86],[4.91,48.87],[4.92,48.89],[4.92,48.9],[4.93,48.91],[4.94,48.92],[4.95,48.93],[4.96,48.93],[4.99,48.93],[5.0,48.94],[5.01,48.94],[5.02,48.95],[5.03,48.96],[5.04,48.97],[5.03,48.98],[5.02,48.98],[5.01,48.98],[5.0,48.98],[5.0,48.99],[5.01,49.0],[5.03,48.99],[5.03,49.01],[5.04,49.01],[5.04,49.02],[5.02,49.03],[5.01,49.03],[4.99,49.03],[4.97,49.02],[5.0,49.05],[5.01,49.06],[5.0,49.08],[5.0,49.09],[5.0,49.1],[4.99,49.11],[4.97,49.13],[4.96,49.16],[4.95,49.17],[4.94,49.19],[4.96,49.2],[4.98,49.2],[4.99,49.21],[4.98,49.22],[4.97,49.24],[4.95,49.24]],[[5.46,49.48],[5.46,49.49],[5.44,49.5],[5.43,49.49],[5.45,49.48],[5.46,49.48]]]},"properties":{"code":"55","nom":"Meuse"}},{"type":"Feature","geometry":{"type":"Polygon","coordinates":[[[-0.84,48.75],[-0.82,48.75],[-0.8,48.77],[-0.79,48.78],[-0.78,48.79],[-0.76,48.79],[-0.74,48.79],[-0.72,48.8],[-0.71,48.8],[-0.71,48.81],[-0.68,48.82],[-0.7,48.83],[-0.71,48.84],[-0.7,48.84],[-0.66,48.84],[-0.64,48.84],[-0.65,48.83],[-0.63,48.83],[-0.61,48.83],[-0.58,48.84],[-0.57,48.83],[-0.54,48.85],[-0.51,48.85],[-0.49,48.85],[-0.5,48.86],[-0.48,48.86],[-0.46,48.87],[-0.45,48.87],[-0.43,48.87],[-0.42,48.87],[-0.41,48.87],[-0.4,48.86],[-0.39,48.85],[-0.36,48.84],[-0.37,48.83],[-0.35,48.82],[-0.33,48.84],[-0.34,48.84],[-0.33,48.86],[-0.31,48.86],[-0.3,48.85],[-0.28,48.85],[-0.26,48.85],[-0.24,48.85],[-0.21,48.84],[-0.2,48.85],[-0.19,48.84],[-0.18,48.83],[-0.17,48.82],[-0.15,48.82],[-0.14,48.82],[-0.15,48.83],[-0.13,48.84],[-0.12,48.84],[-0.09,48.84],[-0.08,48.84],[-0.06,48.84],[-0.06,48.85],[-0.04,48.86],[-0.03,48.87],[-0.01,48.88],[0.03,48.9],[0.05,48.9],[0.06,48.9],[0.07,48.93],[0.08,48.94],[0.09,48.94],[0.13,48.95],[0.14,48.95],[0.15,48.94],[0.15,48.93],[0.16,48.92],[0.18,48.93],[0.19,48.94],[0.21,48.95],[0.23,48.94],[0.24,48.94],[0.24,48.96],[0.26,48.96],[0.28,48.96],[0.28,48.95],[0.31,48.95],[0.32,48.95],[0.33,48.94],[0.36,48.95],[0.37,48.96],[0.38,48.97],[0.39,48.97],[0.41,48.96],[0.4,48.95],[0.41,48.95],[0.41,48.94],[0.39,48.93],[0.39,48.91],[0.4,48.91],[0.42,48.9],[0.42,48.89],[0.43,48.89],[0.44,48.88],[0.46,48.88],[0.46,48.89],[0.48,48.89],[0.49,48.88],[0.5,48.88],[0.52,48.88],[0.54,48.88],[0.55,48.88],[0.57,48.89],[0.58,48.89],[0.6,48.88],[0.59,48.88],[0.59,48.87],[0.6,48.88],[0.6,48.86],[0.61,48.85],[0.63,48.85],[0.62,48.84],[0.61,48.83],[0.63,48.83],[0.65,48.82],[0.66,48.81],[0.69,48.79],[0.7,48.79],[0.73,48.78],[0.74,48.78],[0.76,48.77],[0.75,48.76],[0.77,48.74],[0.76,48.73],[0.75,48.72],[0.74,48.72],[0.73,48.71],[0.75,48.7],[0.77,48.7],[0.76,48.69],[0.76,48.68],[0.78,48.67],[0.8,48.68],[0.81,48.67],[0.81,48.66],[0.82,48.65],[0.82,48.64],[0.83,48.63],[0.82,48.62],[0.82,48.61],[0.83,48.61],[0.85,48.6],[0.85,48.58],[0.87,48.57],[0.89,48.57],[0.93,48.56],[0.94,48.55],[0.92,48.54],[0.95,48.53],[0.97,48.52],[0.95,48.5],[0.94,48.5],[0.95,48.49],[0.96,48.48],[0.94,48.48],[0.94,48.46],[0.96,48.44],[0.98,48.44],[0.95,48.42],[0.94,48.4],[0.93,48.39],[0.91,48.37],[0.9,48.37],[0.88,48.36],[0.87,48.36],[0.86,48.35],[0.84,48.35],[0.83,48.34],[0.82,48.35],[0.79,48.34],[0.78,48.33],[0.77,48.33],[0.76,48.31],[0.76,48.3],[0.78,48.3],[0.79,48.29],[0.79,48.28],[0.79,48.27],[0.79,48.26],[0.8,48.25],[0.81,48.24],[0.83,48.22],[0.83,48.21],[0.81,48.2],[0.8,48.19],[0.76,48.18],[0.74,48.19],[0.73,48.2],[0.72,48.2],[0.72,48.21],[0.68,48.25],[0.65,48.26],[0.64,48.26],[0.63,48.25],[0.58,48.24],[0.56,48.25],[0.55,48.25],[0.54,48.25],[0.54,48.26],[0.53,48.27],[0.51,48.27],[0.49,48.29],[0.51,48.3],[0.49,48.31],[0.48,48.3],[0.46,48.31],[0.44,48.3],[0.43,48.31],[0.43,48.32],[0.42,48.32],[0.41,48.31],[0.4,48.32],[0.38,48.33],[0.38,48.34],[0.39,48.35],[0.38,48.36],[0.38,48.38],[0.37,48.39],[0.38,48.4],[0.37,48.41],[0.38,48.42],[0.38,48.43],[0.37,48.44],[0.36,48.45],[0.36,48.46],[0.34,48.46],[0.33,48.47],[0.32,48.47],[0.3,48.48],[0.28,48.48],[0.26,48.48],[0.23,48.47],[0.22,48.47],[0.19,48.46],[0.18,48.46],[0.17,48.46],[0.17,48.45],[0.16,48.45],[0.16,48.44],[0.15,48.44],[0.12,48.44],[0.1,48.41],[0.08,48.41],[0.07,48.41],[0.06,48.39],[0.06,48.38],[0.02,48.38],[0.01,48.39],[-0.0,48.4],[-0.02,48.39],[-0.04,48.38],[-0.05,48.38],[-0.05,48.39],[-0.06,48.4],[-0.05,48.41],[-0.06,48.43],[-0.05,48.45],[-0.07,48.46],[-0.07,48.45],[-0.11,48.45],[-0.12,48.45],[-0.15,48.46],[-0.15,48.48],[-0.16,48.5],[-0.17,48.5],[-0.17,48.52],[-0.16,48.52],[-0.15,48.52],[-0.14,48.53],[-0.17,48.54],[-0.19,48.55],[-0.21,48.56],[-0.22,48.56],[-0.23,48.56],[-0.24,48.57],[-0.26,48.55],[-0.25,48.54],[-0.24,48.54],[-0.25,48.53],[-0.27,48.52],[-0.27,48.51],[-0.28,48.51],[-0.3,48.52],[-0.32,48.52],[-0.34,48.5],[-0.36,48.5],[-0.35,48.48],[-0.37,48.49],[-0.39,48.5],[-0.4,48.51],[-0.41,48.51],[-0.42,48.51],[-0.43,48.51],[-0.46,48.51],[-0.47,48.51],[-0.48,48.5],[-0.49,48.5],[-0.51,48.51],[-0.53,48.5],[-0.55,48.48],[-0.55,48.47],[-0.57,48.47],[-0.6,48.47],[-0.62,48.46],[-0.65,48.44],[-0.65,48.46],[-0.66,48.48],[-0.67,48.49],[-0.69,48.48],[-0.69,48.47],[-0.7,48.47],[-0.71,48.47],[-0.73,48.47],[-0.74,48.46],[-0.72,48.45],[-0.74,48.45],[-0.76,48.44],[-0.77,48.44],[-0.78,48.45],[-0.78,48.47],[-0.8,48.47],[-0.8,48.46],[-0.81,48.46],[-0.82,48.47],[-0.83,48.48],[-0.84,48.49],[-0.85,48.5],[-0.86,48.5],[-0.85,48.52],[-0.83,48.53],[-0.81,48.55],[-0.79,48.55],[-0.77,48.56],[-0.77,48.58],[-0.77,48.59],[-0.75,48.6],[-0.75,48.62],[-0.74,48.63],[-0.76,48.63],[-0.77,48.66],[-0.75,48.67],[-0.74,48.68],[-0.74,48.69],[-0.76,48.69],[-0.77,48.7],[-0.8,48.71],[-0.81,48.73],[-0.82,48.73],[-0.84,48.73],[-0.85,48.73],[-0.85,48.75],[-0.84,48.75]]]},"properties":{"code":"61","nom":"Orne"}},{"type":"Feature","geometry":{"type":"Polygon","coordinates":[[[2.07,51.01],[2.08,51.01],[2.1,51.0],[2.12,50.98],[2.13,50.97],[2.14,50.96],[2.14,50.95],[2.15,50.94],[2.15,50.93],[2.16,50.92],[2.17,50.9],[2.18,50.88],[2.2,50.84],[2.21,50.84],[2.21,50.81],[2.23,50.81],[2.25,50.79],[2.27,50.78],[2.29,50.79],[2.29,50.78],[2.31,50.79],[2.31,50.78],[2.34,50.78],[2.37,50.77],[2.36,50.78],[2.38,50.78],[2.4,50.77],[2.41,50.77],[2.38,50.75],[2.36,50.75],[2.34,50.74],[2.34,50.73],[2.35,50.72],[2.36,50.71],[2.38,50.7],[2.36,50.68],[2.37,50.67],[2.38,50.67],[2.4,50.68],[2.41,50.67],[2.42,50.67],[2.43,50.66],[2.45,50.65],[2.47,50.64],[2.5,50.63],[2.52,50.64],[2.53,50.64],[2.54,50.63],[2.56,50.62],[2.57,50.63],[2.58,50.63],[2.59,50.64],[2.6,50.63],[2.61,50.63],[2.62,50.63],[2.63,50.62],[2.64,50.62],[2.67,50.62],[2.68,50.64],[2.7,50.63],[2.71,50.63],[2.73,50.61],[2.74,50.61],[2.76,50.62],[2.75,50.63],[2.77,50.63],[2.78,50.63],[2.79,50.63],[2.77,50.65],[2.76,50.66],[2.77,50.66],[2.78,50.67],[2.79,50.66],[2.81,50.67],[2.82,50.66],[2.84,50.66],[2.87,50.63],[2.86,50.63],[2.84,50.63],[2.83,50.62],[2.81,50.6],[2.79,50.58],[2.81,50.58],[2.82,50.57],[2.81,50.55],[2.79,50.55],[2.8,50.54],[2.8,50.53],[2.81,50.53],[2.83,50.53],[2.86,50.53],[2.89,50.54],[2.89,50.52],[2.88,50.51],[2.9,50.5],[2.91,50.5],[2.93,50.51],[2.95,50.51],[2.96,50.51],[3.0,50.5],[3.01,50.49],[3.02,50.48],[3.02,50.47],[3.01,50.46],[3.02,50.45],[3.02,50.44],[3.04,50.44],[3.05,50.46],[3.07,50.46],[3.07,50.45],[3.08,50.44],[3.07,50.43],[3.05,50.43],[3.03,50.42],[3.03,50.41],[3.0,50.4],[2.98,50.4],[2.99,50.39],[2.99,50.38],[3.01,50.36],[3.04,50.34],[3.05,50.35],[3.06,50.33],[3.08,50.31],[3.07,50.31],[3.05,50.29],[3.06,50.29],[3.05,50.28],[3.03,50.29],[3.02,50.28],[3.01,50.27],[3.02,50.26],[3.04,50.27],[3.05,50.28],[3.06,50.27],[3.08,50.27],[3.11,50.27],[3.13,50.27],[3.15,50.26],[3.15,50.24],[3.17,50.24],[3.19,50.23],[3.18,50.22],[3.14,50.22],[3.13,50.2],[3.14,50.2],[3.14,50.19],[3.16,50.18],[3.15,50.18],[3.13,50.17],[3.12,50.17],[3.1,50.16],[3.12,50.15],[3.13,50.14],[3.12,50.13],[3.1,50.12],[3.1,50.1],[3.11,50.1],[3.11,50.09],[3.1,50.08],[3.09,50.08],[3.08,50.06],[3.09,50.05],[3.07,50.05],[3.03,50.06],[3.01,50.06],[3.0,50.05],[2.99,50.05],[2.97,50.04],[2.96,50.05],[2.95,50.05],[2.93,50.04],[2.92,50.05],[2.92,50.04],[2.9,50.04],[2.88,50.03],[2.87,50.02],[2.86,50.02],[2.85,50.03],[2.86,50.03],[2.88,50.04],[2.86,50.06],[2.86,50.08],[2.84,50.07],[2.83,50.06],[2.82,50.07],[2.81,50.06],[2.79,50.05],[2.78,50.04],[2.76,50.04],[2.75,50.04],[2.74,50.05],[2.76,50.06],[2.76,50.07],[2.77,50.08],[2.78,50.09],[2.78,50.1],[2.78,50.11],[2.76,50.11],[2.75,50.11],[2.73,50.13],[2.71,50.13],[2.71,50.12],[2.71,50.11],[2.7,50.1],[2.72,50.09],[2.7,50.08],[2.69,50.09],[2.67,50.09],[2.66,50.1],[2.65,50.1],[2.63,50.1],[2.62,50.11],[2.6,50.11],[2.58,50.11],[2.57,50.12],[2.58,50.13],[2.58,50.14],[2.57,50.14],[2.55,50.14],[2.54,50.12],[2.53,50.12],[2.52,50.13],[2.51,50.14],[2.48,50.14],[2.45,50.12],[2.43,50.09],[2.42,50.09],[2.41,50.1],[2.39,50.11],[2.38,50.11],[2.38,50.13],[2.39,50.14],[2.39,50.16],[2.4,50.16],[2.41,50.16],[2.41,50.17],[2.44,50.18],[2.45,50.18],[2.47,50.19],[2.5,50.19],[2.49,50.2],[2.49,50.21],[2.47,50.21],[2.46,50.22],[2.45,50.23],[2.44,50.23],[2.42,50.23],[2.41,50.23],[2.39,50.23],[2.38,50.23],[2.37,50.21],[2.36,50.21],[2.36,50.22],[2.33,50.24],[2.32,50.24],[2.33,50.22],[2.3,50.21],[2.27,50.23],[2.25,50.21],[2.23,50.21],[2.22,50.22],[2.19,50.21],[2.17,50.21],[2.16,50.2],[2.15,50.19],[2.15,50.2],[2.14,50.21],[2.12,50.21],[2.11,50.2],[2.1,50.21],[2.09,50.2],[2.08,50.22],[2.07,50.23],[2.06,50.24],[2.08,50.25],[2.07,50.26],[2.05,50.26],[2.04,50.27],[2.03,50.27],[2.01,50.27],[1.99,50.28],[1.97,50.28],[1.96,50.29],[1.95,50.29],[1.94,50.3],[1.96,50.31],[1.96,50.32],[1.96,50.33],[1.95,50.33],[1.94,50.33],[1.92,50.31],[1.9,50.31],[1.89,50.32],[1.88,50.32],[1.87,50.33],[1.85,50.34],[1.83,50.34],[1.81,50.36],[1.78,50.36],[1.76,50.36],[1.74,50.35],[1.73,50.35],[1.69,50.34],[1.67,50.33],[1.66,50.34],[1.65,50.34],[1.64,50.35],[1.63,50.36],[1.63,50.37],[1.61,50.37],[1.6,50.38],[1.58,50.38],[1.57,50.39],[1.56,50.39],[1.56,50.4],[1.56,50.42],[1.57,50.44],[1.58,50.49],[1.58,50.52],[1.59,50.54],[1.63,50.52],[1.62,50.54],[1.61,50.54],[1.6,50.55],[1.58,50.56],[1.58,50.57],[1.58,50.58],[1.58,50.64],[1.57,50.66],[1.56,50.69],[1.56,50.7],[1.57,50.72],[1.56,50.72],[1.58,50.73],[1.59,50.73],[1.6,50.75],[1.6,50.76],[1.6,50.79],[1.61,50.8],[1.6,50.81],[1.59,50.83],[1.58,50.85],[1.58,50.87],[1.59,50.87],[1.6,50.87],[1.64,50.88],[1.66,50.89],[1.69,50.92],[1.71,50.93],[1.73,50.94],[1.78,50.95],[1.85,50.97],[1.87,50.97],[1.89,50.97],[1.92,50.98],[1.94,50.99],[1.96,50.99],[1.99,50.99],[2.04,51.0],[2.05,51.0],[2.07,51.01]],[[3.0,50.13],[3.0,50.12],[3.01,50.11],[3.03,50.12],[3.04,50.13],[3.06,50.13],[3.07,50.13],[3.07,50.15],[3.1,50.16],[3.09,50.17],[3.06,50.17],[3.05,50.17],[3.04,50.16],[3.04,50.15],[3.03,50.15],[3.0,50.15],[3.0,50.14],[3.0,50.13]]]},"properties":{"code":"62","nom":"Pas-de-Calais"}},{"type":"Feature","geometry":{"type":"Polygon","coordinates":[[[2.57,46.14],[2.58,46.13],[2.59,46.13],[2.6,46.13],[2.62,46.12],[2.64,46.12],[2.65,46.12],[2.67,46.15],[2.68,46.17],[2.7,46.18],[2.72,46.18],[2.73,46.2],[2.72,46.21],[2.73,46.22],[2.74,46.22],[2.76,46.21],[2.77,46.21],[2.79,46.2],[2.81,46.2],[2.82,46.22],[2.82,46.23],[2.82,46.24],[2.84,46.25],[2.86,46.26],[2.87,46.25],[2.89,46.25],[2.9,46.25],[2.92,46.25],[2.94,46.24],[2.93,46.23],[2.94,46.22],[2.93,46.22],[2.91,46.21],[2.91,46.2],[2.92,46.19],[2.92,46.18],[2.91,46.18],[2.94,46.17],[2.95,46.17],[2.96,46.15],[2.96,46.13],[2.97,46.12],[2.98,46.12],[2.99,46.12],[3.01,46.12],[3.02,46.1],[3.04,46.11],[3.05,46.1],[3.07,46.1],[3.09,46.11],[3.1,46.1],[3.1,46.08],[3.11,46.08],[3.13,46.07],[3.17,46.07],[3.18,46.07],[3.21,46.07],[3.24,46.06],[3.26,46.07],[3.27,46.06],[3.3,46.07],[3.32,46.06],[3.33,46.05],[3.33,46.04],[3.36,46.05],[3.37,46.06],[3.39,46.06],[3.4,46.07],[3.42,46.07],[3.43,46.06],[3.44,46.06],[3.45,46.06],[3.46,46.05],[3.47,46.04],[3.46,46.02],[3.46,46.01],[3.48,46.01],[3.5,46.01],[3.52,46.02],[3.53,46.02],[3.55,46.02],[3.56,46.02],[3.57,46.02],[3.59,46.02],[3.6,46.02],[3.62,45.99],[3.63,45.98],[3.63,45.96],[3.65,45.96],[3.67,45.96],[3.68,45.96],[3.68,45.95],[3.68,45.94],[3.69,45.93],[3.72,45.92],[3.73,45.91],[3.75,45.9],[3.75,45.89],[3.74,45.87],[3.73,45.87],[3.72,45.87],[3.72,45.85],[3.73,45.83],[3.72,45.82],[3.72,45.81],[3.71,45.8],[3.69,45.79],[3.7,45.78],[3.72,45.78],[3.74,45.77],[3.73,45.76],[3.75,45.74],[3.76,45.75],[3.77,45.73],[3.78,45.72],[3.78,45.71],[3.78,45.7],[3.78,45.69],[3.79,45.67],[3.8,45.66],[3.82,45.65],[3.82,45.63],[3.84,45.63],[3.85,45.63],[3.86,45.62],[3.87,45.61],[3.88,45.6],[3.9,45.6],[3.91,45.59],[3.93,45.58],[3.95,45.56],[3.95,45.54],[3.95,45.53],[3.96,45.51],[3.96,45.5],[3.98,45.49],[3.98,45.48],[3.97,45.48],[3.97,45.47],[3.98,45.45],[3.96,45.44],[3.94,45.43],[3.92,45.42],[3.91,45.41],[3.9,45.41],[3.89,45.39],[3.89,45.38],[3.89,45.37],[3.9,45.36],[3.89,45.35],[3.88,45.35],[3.86,45.36],[3.85,45.36],[3.84,45.37],[3.84,45.38],[3.82,45.38],[3.81,45.39],[3.8,45.39],[3.79,45.37],[3.79,45.35],[3.78,45.35],[3.77,45.35],[3.76,45.35],[3.74,45.35],[3.72,45.36],[3.7,45.36],[3.7,45.37],[3.69,45.37],[3.68,45.38],[3.67,45.38],[3.66,45.36],[3.64,45.36],[3.64,45.35],[3.63,45.34],[3.62,45.34],[3.61,45.34],[3.6,45.35],[3.59,45.36],[3.59,45.37],[3.59,45.38],[3.58,45.39],[3.57,45.4],[3.56,45.39],[3.55,45.4],[3.52,45.4],[3.51,45.41],[3.5,45.43],[3.48,45.42],[3.46,45.4],[3.43,45.4],[3.42,45.4],[3.41,45.4],[3.39,45.4],[3.38,45.4],[3.36,45.42],[3.34,45.42],[3.34,45.41],[3.33,45.41],[3.32,45.41],[3.31,45.42],[3.3,45.42],[3.29,45.4],[3.27,45.39],[3.25,45.39],[3.24,45.39],[3.22,45.38],[3.22,45.37],[3.2,45.37],[3.19,45.36],[3.18,45.36],[3.17,45.35],[3.15,45.35],[3.14,45.35],[3.12,45.35],[3.1,45.35],[3.09,45.35],[3.09,45.34],[3.08,45.34],[3.07,45.34],[3.06,45.33],[3.07,45.31],[3.06,45.31],[3.04,45.3],[3.02,45.3],[3.02,45.29],[3.0,45.29],[2.97,45.31],[2.95,45.31],[2.93,45.34],[2.92,45.37],[2.91,45.37],[2.89,45.38],[2.88,45.38],[2.87,45.38],[2.86,45.39],[2.85,45.39],[2.83,45.39],[2.82,45.4],[2.81,45.4],[2.8,45.39],[2.79,45.39],[2.76,45.39],[2.74,45.39],[2.73,45.39],[2.71,45.38],[2.7,45.39],[2.69,45.4],[2.68,45.41],[2.68,45.42],[2.69,45.43],[2.69,45.44],[2.68,45.44],[2.66,45.43],[2.65,45.44],[2.62,45.44],[2.62,45.47],[2.6,45.45],[2.59,45.45],[2.57,45.46],[2.55,45.46],[2.54,45.46],[2.54,45.48],[2.52,45.48],[2.51,45.48],[2.51,45.49],[2.51,45.5],[2.51,45.51],[2.52,45.52],[2.52,45.55],[2.51,45.55],[2.49,45.56],[2.49,45.57],[2.47,45.58],[2.46,45.59],[2.47,45.6],[2.48,45.61],[2.48,45.62],[2.48,45.64],[2.49,45.64],[2.5,45.64],[2.51,45.64],[2.52,45.66],[2.51,45.67],[2.53,45.68],[2.53,45.69],[2.52,45.7],[2.52,45.71],[2.49,45.74],[2.48,45.75],[2.45,45.76],[2.44,45.76],[2.43,45.77],[2.43,45.78],[2.43,45.79],[2.42,45.8],[2.4,45.82],[2.39,45.83],[2.4,45.84],[2.43,45.83],[2.44,45.85],[2.45,45.85],[2.44,45.86],[2.47,45.87],[2.48,45.86],[2.49,45.86],[2.51,45.89],[2.53,45.9],[2.54,45.9],[2.56,45.91],[2.54,45.92],[2.55,45.94],[2.57,45.95],[2.57,45.96],[2.59,45.96],[2.61,45.97],[2.61,45.98],[2.59,45.99],[2.6,46.03],[2.57,46.05],[2.56,46.06],[2.56,46.07],[2.55,46.08],[2.55,46.1],[2.55,46.11],[2.56,46.13],[2.56,46.14],[2.57,46.14]]]},"properties":{"code":"63","nom":"Puy-de-D\u00f4me"}},{"type":"Feature","geometry":{"type":"Polygon","coordinates":[[[7.64,49.05],[7.67,49.05],[7.71,49.05],[7.72,49.05],[7.73,49.04],[7.75,49.05],[7.76,49.05],[7.77,49.05],[7.78,49.06],[7.79,49.06],[7.8,49.06],[7.82,49.05],[7.84,49.04],[7.86,49.04],[7.87,49.03],[7.88,49.05],[7.89,49.05],[7.92,49.04],[7.93,49.06],[7.95,49.06],[7.95,49.05],[7.97,49.04],[7.97,49.03],[7.98,49.03],[8.0,49.03],[8.02,49.02],[8.05,49.01],[8.07,49.0],[8.09,48.99],[8.12,48.99],[8.14,48.98],[8.17,48.98],[8.19,48.98],[8.2,48.97],[8.21,48.98],[8.23,48.97],[8.2,48.96],[8.18,48.93],[8.15,48.9],[8.12,48.87],[8.11,48.84],[8.11,48.82],[8.1,48.81],[8.08,48.8],[8.06,48.79],[8.04,48.79],[8.03,48.79],[8.02,48.77],[8.01,48.76],[8.0,48.76],[7.98,48.76],[7.97,48.76],[7.97,48.75],[7.97,48.73],[7.96,48.72],[7.89,48.66],[7.84,48.64],[7.83,48.62],[7.8,48.59],[7.8,48.58],[7.81,48.56],[7.8,48.53],[7.81,48.52],[7.81,48.51],[7.79,48.5],[7.77,48.49],[7.76,48.46],[7.76,48.45],[7.74,48.4],[7.73,48.39],[7.73,48.38],[7.75,48.34],[7.74,48.32],[7.73,48.32],[7.7,48.31],[7.7,48.3],[7.69,48.29],[7.69,48.28],[7.67,48.22],[7.66,48.22],[7.64,48.21],[7.63,48.19],[7.6,48.16],[7.6,48.14],[7.6,48.13],[7.58,48.13],[7.58,48.12],[7.55,48.12],[7.52,48.13],[7.51,48.14],[7.52,48.15],[7.51,48.15],[7.48,48.16],[7.47,48.16],[7.47,48.2],[7.48,48.2],[7.46,48.21],[7.44,48.22],[7.41,48.22],[7.4,48.23],[7.38,48.24],[7.35,48.25],[7.33,48.25],[7.32,48.25],[7.31,48.26],[7.31,48.27],[7.3,48.27],[7.29,48.28],[7.3,48.28],[7.29,48.29],[7.28,48.3],[7.28,48.31],[7.25,48.3],[7.23,48.31],[7.2,48.31],[7.19,48.32],[7.18,48.33],[7.18,48.34],[7.17,48.34],[7.16,48.34],[7.14,48.33],[7.12,48.33],[7.11,48.34],[7.08,48.35],[7.09,48.37],[7.11,48.38],[7.1,48.39],[7.09,48.4],[7.1,48.41],[7.1,48.43],[7.11,48.44],[7.1,48.45],[7.12,48.48],[7.09,48.49],[7.09,48.51],[7.1,48.5],[7.12,48.5],[7.13,48.51],[7.12,48.51],[7.1,48.52],[7.08,48.51],[7.06,48.52],[7.08,48.54],[7.09,48.53],[7.11,48.54],[7.13,48.53],[7.15,48.53],[7.17,48.53],[7.19,48.54],[7.19,48.55],[7.2,48.55],[7.22,48.55],[7.26,48.59],[7.26,48.6],[7.27,48.61],[7.28,48.63],[7.27,48.63],[7.28,48.64],[7.3,48.66],[7.28,48.66],[7.26,48.66],[7.26,48.67],[7.24,48.69],[7.26,48.69],[7.26,48.7],[7.27,48.71],[7.29,48.73],[7.29,48.75],[7.3,48.76],[7.31,48.76],[7.31,48.77],[7.29,48.78],[7.29,48.79],[7.27,48.8],[7.26,48.8],[7.25,48.81],[7.24,48.82],[7.23,48.83],[7.22,48.82],[7.19,48.83],[7.2,48.84],[7.18,48.85],[7.18,48.84],[7.15,48.84],[7.14,48.83],[7.15,48.82],[7.12,48.81],[7.13,48.8],[7.11,48.8],[7.09,48.79],[7.08,48.79],[7.07,48.8],[7.09,48.81],[7.08,48.81],[7.06,48.82],[7.05,48.81],[7.05,48.82],[7.05,48.83],[7.05,48.85],[7.06,48.85],[7.09,48.85],[7.1,48.85],[7.1,48.86],[7.08,48.86],[7.05,48.86],[7.05,48.87],[7.03,48.88],[7.01,48.88],[6.99,48.89],[6.98,48.89],[6.95,48.89],[6.96,48.9],[6.96,48.92],[6.94,48.92],[6.94,48.93],[6.96,48.93],[6.98,48.93],[6.99,48.95],[6.99,48.96],[7.03,48.96],[7.03,48.97],[7.04,48.98],[7.03,48.99],[7.04,49.0],[7.05,49.01],[7.05,49.02],[7.05,49.03],[7.08,49.05],[7.07,49.06],[7.07,49.07],[7.08,49.07],[7.1,49.08],[7.11,49.07],[7.11,49.06],[7.1,49.06],[7.11,49.04],[7.12,49.04],[7.12,49.02],[7.13,49.0],[7.17,49.01],[7.18,49.0],[7.18,48.99],[7.2,48.99],[7.21,48.98],[7.24,48.99],[7.29,48.97],[7.29,48.96],[7.3,48.96],[7.33,48.94],[7.35,48.95],[7.36,48.96],[7.37,48.95],[7.39,48.95],[7.4,48.96],[7.43,48.96],[7.45,48.97],[7.46,48.96],[7.48,48.96],[7.49,48.95],[7.5,48.95],[7.53,48.94],[7.54,48.93],[7.56,48.94],[7.55,48.94],[7.56,48.95],[7.58,48.96],[7.58,48.97],[7.59,48.98],[7.59,48.99],[7.61,49.01],[7.61,49.02],[7.63,49.04],[7.64,49.05]]]},"properties":{"code":"67","nom":"Bas-Rhin"}},{"type":"Feature","geometry":{"type":"Polygon","coordinates":[[[7.2,48.31],[7.23,48.31],[7.25,48.3],[7.28,48.31],[7.28,48.3],[7.29,48.29],[7.3,48.28],[7.29,48.28],[7.3,48.27],[7.31,48.27],[7.31,48.26],[7.32,48.25],[7.33,48.25],[7.35,48.25],[7.38,48.24],[7.4,48.23],[7.41,48.22],[7.44,48.22],[7.46,48.21],[7.48,48.2],[7.47,48.2],[7.47,48.16],[7.48,48.16],[7.51,48.15],[7.52,48.15],[7.51,48.14],[7.52,48.13],[7.55,48.12],[7.58,48.12],[7.58,48.11],[7.58,48.1],[7.57,48.08],[7.57,48.05],[7.57,48.04],[7.57,48.03],[7.61,48.0],[7.62,47.99],[7.62,47.97],[7.61,47.95],[7.59,47.94],[7.58,47.93],[7.58,47.92],[7.58,47.9],[7.58,47.89],[7.56,47.88],[7.56,47.86],[7.56,47.85],[7.56,47.84],[7.55,47.82],[7.55,47.81],[7.53,47.79],[7.53,47.77],[7.55,47.74],[7.54,47.72],[7.53,47.71],[7.51,47.7],[7.51,47.69],[7.52,47.68],[7.52,47.67],[7.52,47.66],[7.54,47.65],[7.57,47.63],[7.57,47.62],[7.59,47.6],[7.58,47.58],[7.57,47.58],[7.56,47.57],[7.5,47.54],[7.5,47.53],[7.51,47.53],[7.52,47.53],[7.53,47.53],[7.53,47.52],[7.51,47.51],[7.51,47.5],[7.49,47.48],[7.47,47.48],[7.46,47.49],[7.45,47.49],[7.43,47.5],[7.42,47.48],[7.46,47.47],[7.45,47.46],[7.43,47.46],[7.42,47.45],[7.4,47.44],[7.38,47.43],[7.36,47.43],[7.34,47.44],[7.33,47.44],[7.3,47.44],[7.28,47.43],[7.27,47.43],[7.25,47.42],[7.24,47.44],[7.22,47.44],[7.21,47.43],[7.18,47.44],[7.17,47.45],[7.18,47.46],[7.18,47.47],[7.2,47.49],[7.17,47.49],[7.16,47.49],[7.15,47.5],[7.13,47.5],[7.14,47.51],[7.14,47.53],[7.13,47.54],[7.12,47.55],[7.11,47.55],[7.11,47.56],[7.1,47.57],[7.09,47.57],[7.09,47.59],[7.08,47.6],[7.06,47.6],[7.04,47.6],[7.03,47.59],[7.01,47.6],[7.01,47.61],[7.0,47.62],[7.02,47.64],[7.02,47.65],[7.04,47.65],[7.03,47.66],[7.05,47.67],[7.04,47.68],[7.05,47.68],[7.04,47.69],[7.03,47.7],[7.04,47.72],[7.02,47.74],[6.99,47.75],[6.97,47.75],[6.94,47.77],[6.92,47.77],[6.91,47.78],[6.9,47.78],[6.86,47.79],[6.84,47.81],[6.85,47.82],[6.86,47.83],[6.9,47.84],[6.91,47.85],[6.92,47.85],[6.91,47.87],[6.91,47.88],[6.9,47.88],[6.9,47.89],[6.92,47.9],[6.93,47.91],[6.93,47.92],[6.91,47.92],[6.92,47.93],[6.93,47.93],[6.92,47.94],[6.93,47.96],[6.93,47.97],[6.94,47.98],[6.94,48.0],[6.95,48.0],[6.96,48.0],[6.98,48.01],[6.99,48.02],[7.0,48.02],[7.02,48.04],[7.01,48.04],[7.03,48.07],[7.04,48.08],[7.05,48.08],[7.07,48.11],[7.08,48.11],[7.08,48.12],[7.08,48.13],[7.07,48.13],[7.06,48.14],[7.08,48.16],[7.08,48.17],[7.09,48.18],[7.11,48.19],[7.11,48.2],[7.12,48.21],[7.13,48.24],[7.13,48.25],[7.15,48.26],[7.16,48.27],[7.16,48.28],[7.18,48.29],[7.17,48.3],[7.19,48.3],[7.2,48.31]]]},"properties":{"code":"68","nom":"Haut-Rhin"}},{"type":"Feature","geometry":{"type":"Polygon","coordinates":[[[1.38,50.07],[1.39,50.06],[1.41,50.06],[1.42,50.07],[1.45,50.07],[1.46,50.06],[1.46,50.04],[1.47,50.03],[1.49,50.02],[1.5,50.02],[1.52,50.01],[1.53,50.0],[1.55,49.99],[1.56,49.98],[1.57,49.97],[1.59,49.95],[1.62,49.94],[1.68,49.92],[1.69,49.9],[1.71,49.89],[1.71,49.87],[1.72,49.87],[1.72,49.85],[1.73,49.83],[1.74,49.81],[1.75,49.79],[1.76,49.78],[1.77,49.78],[1.78,49.76],[1.75,49.76],[1.74,49.75],[1.74,49.74],[1.72,49.73],[1.71,49.73],[1.72,49.71],[1.71,49.71],[1.69,49.69],[1.7,49.68],[1.72,49.68],[1.72,49.69],[1.74,49.7],[1.75,49.69],[1.75,49.68],[1.73,49.67],[1.72,49.66],[1.7,49.65],[1.7,49.64],[1.72,49.63],[1.72,49.62],[1.7,49.61],[1.7,49.6],[1.71,49.6],[1.71,49.59],[1.72,49.59],[1.71,49.58],[1.73,49.56],[1.73,49.54],[1.74,49.54],[1.75,49.53],[1.73,49.52],[1.72,49.51],[1.73,49.5],[1.74,49.5],[1.76,49.51],[1.77,49.51],[1.79,49.5],[1.79,49.49],[1.77,49.48],[1.78,49.48],[1.77,49.47],[1.75,49.46],[1.75,49.45],[1.74,49.45],[1.73,49.44],[1.72,49.43],[1.72,49.42],[1.71,49.41],[1.7,49.41],[1.7,49.4],[1.69,49.4],[1.68,49.41],[1.67,49.4],[1.66,49.4],[1.63,49.41],[1.62,49.41],[1.61,49.41],[1.59,49.43],[1.58,49.44],[1.55,49.44],[1.54,49.43],[1.53,49.44],[1.5,49.44],[1.49,49.45],[1.48,49.45],[1.45,49.45],[1.44,49.46],[1.41,49.46],[1.4,49.45],[1.39,49.45],[1.37,49.45],[1.36,49.45],[1.35,49.45],[1.34,49.44],[1.34,49.43],[1.31,49.43],[1.31,49.42],[1.31,49.4],[1.29,49.39],[1.29,49.38],[1.28,49.36],[1.27,49.36],[1.27,49.35],[1.22,49.35],[1.2,49.35],[1.2,49.34],[1.18,49.34],[1.16,49.34],[1.15,49.34],[1.14,49.33],[1.13,49.31],[1.09,49.31],[1.08,49.31],[1.05,49.3],[1.06,49.28],[1.05,49.27],[1.04,49.26],[1.03,49.26],[1.01,49.25],[0.99,49.25],[0.99,49.27],[0.98,49.27],[0.97,49.28],[0.96,49.27],[0.96,49.29],[0.94,49.32],[0.93,49.31],[0.91,49.31],[0.91,49.3],[0.9,49.3],[0.89,49.3],[0.89,49.32],[0.86,49.33],[0.85,49.33],[0.87,49.34],[0.89,49.35],[0.91,49.34],[0.92,49.34],[0.93,49.34],[0.92,49.35],[0.92,49.36],[0.92,49.37],[0.92,49.39],[0.9,49.38],[0.89,49.37],[0.88,49.37],[0.89,49.38],[0.87,49.39],[0.86,49.4],[0.85,49.39],[0.82,49.4],[0.8,49.41],[0.8,49.42],[0.78,49.41],[0.77,49.42],[0.76,49.42],[0.74,49.41],[0.72,49.41],[0.71,49.4],[0.69,49.41],[0.67,49.4],[0.65,49.41],[0.66,49.42],[0.64,49.43],[0.63,49.43],[0.61,49.43],[0.58,49.43],[0.56,49.44],[0.52,49.48],[0.5,49.49],[0.49,49.48],[0.43,49.46],[0.4,49.45],[0.37,49.44],[0.34,49.44],[0.34,49.45],[0.27,49.45],[0.26,49.45],[0.24,49.45],[0.22,49.45],[0.19,49.45],[0.17,49.46],[0.12,49.46],[0.12,49.47],[0.09,49.48],[0.09,49.49],[0.09,49.5],[0.07,49.51],[0.07,49.54],[0.1,49.57],[0.11,49.58],[0.14,49.62],[0.15,49.65],[0.16,49.66],[0.16,49.68],[0.17,49.69],[0.19,49.7],[0.21,49.71],[0.24,49.72],[0.28,49.74],[0.31,49.74],[0.32,49.74],[0.35,49.76],[0.36,49.76],[0.37,49.77],[0.4,49.78],[0.43,49.79],[0.48,49.81],[0.51,49.82],[0.52,49.82],[0.53,49.83],[0.57,49.85],[0.63,49.86],[0.64,49.86],[0.67,49.87],[0.7,49.87],[0.73,49.87],[0.77,49.87],[0.79,49.88],[0.84,49.89],[0.88,49.9],[0.93,49.91],[0.95,49.92],[0.96,49.92],[1.02,49.92],[1.07,49.93],[1.08,49.93],[1.11,49.94],[1.16,49.96],[1.18,49.97],[1.19,49.97],[1.21,49.98],[1.23,49.99],[1.3,50.03],[1.32,50.04],[1.33,50.05],[1.37,50.06],[1.38,50.07]]]},"properties":{"code":"76","nom":"Seine-Maritime"}},{"type":"Feature","geometry":{"type":"Polygon","coordinates":[[[2.94,48.16],[2.93,48.18],[2.95,48.19],[2.97,48.19],[2.97,48.21],[2.99,48.21],[3.01,48.21],[3.02,48.23],[3.02,48.24],[3.03,48.25],[3.05,48.25],[3.04,48.27],[3.02,48.28],[3.03,48.29],[3.02,48.29],[3.03,48.3],[3.02,48.31],[3.04,48.33],[3.04,48.34],[3.05,48.36],[3.06,48.36],[3.09,48.36],[3.1,48.35],[3.12,48.37],[3.14,48.37],[3.17,48.37],[3.18,48.38],[3.18,48.37],[3.2,48.36],[3.23,48.37],[3.25,48.37],[3.26,48.37],[3.28,48.38],[3.31,48.37],[3.31,48.38],[3.33,48.37],[3.37,48.37],[3.36,48.38],[3.37,48.39],[3.38,48.4],[3.4,48.39],[3.41,48.39],[3.41,48.38],[3.42,48.37],[3.43,48.36],[3.44,48.37],[3.45,48.37],[3.47,48.37],[3.5,48.37],[3.51,48.36],[3.53,48.34],[3.55,48.33],[3.54,48.32],[3.56,48.32],[3.57,48.31],[3.59,48.3],[3.59,48.29],[3.58,48.28],[3.59,48.28],[3.61,48.27],[3.62,48.27],[3.62,48.25],[3.61,48.25],[3.6,48.24],[3.6,48.23],[3.61,48.23],[3.62,48.23],[3.61,48.22],[3.61,48.21],[3.6,48.2],[3.58,48.19],[3.59,48.18],[3.62,48.19],[3.63,48.19],[3.64,48.18],[3.65,48.17],[3.66,48.16],[3.67,48.14],[3.69,48.14],[3.69,48.15],[3.71,48.14],[3.72,48.16],[3.71,48.17],[3.72,48.18],[3.74,48.17],[3.75,48.16],[3.75,48.15],[3.74,48.14],[3.74,48.13],[3.76,48.13],[3.77,48.13],[3.78,48.12],[3.8,48.1],[3.8,48.09],[3.81,48.08],[3.82,48.07],[3.83,48.06],[3.83,48.05],[3.82,48.04],[3.83,48.04],[3.84,48.04],[3.85,48.03],[3.87,48.02],[3.87,48.0],[3.86,48.0],[3.84,48.0],[3.85,47.98],[3.86,47.98],[3.88,47.98],[3.89,48.0],[3.9,48.0],[3.91,47.98],[3.91,47.96],[3.9,47.94],[3.89,47.93],[3.91,47.93],[3.93,47.93],[3.94,47.93],[3.96,47.93],[3.99,47.93],[4.01,47.94],[4.01,47.93],[4.03,47.93],[4.04,47.93],[4.05,47.93],[4.06,47.94],[4.06,47.95],[4.08,47.94],[4.09,47.94],[4.09,47.93],[4.11,47.93],[4.13,47.94],[4.14,47.94],[4.15,47.95],[4.17,47.96],[4.18,47.96],[4.19,47.95],[4.19,47.94],[4.2,47.94],[4.21,47.95],[4.2,47.97],[4.21,47.97],[4.23,47.97],[4.22,47.95],[4.24,47.94],[4.25,47.93],[4.27,47.92],[4.29,47.93],[4.3,47.92],[4.31,47.9],[4.3,47.9],[4.28,47.9],[4.27,47.89],[4.25,47.88],[4.25,47.87],[4.26,47.87],[4.26,47.84],[4.27,47.84],[4.29,47.85],[4.3,47.85],[4.32,47.85],[4.33,47.84],[4.32,47.83],[4.33,47.82],[4.32,47.81],[4.34,47.8],[4.33,47.79],[4.33,47.78],[4.33,47.77],[4.33,47.76],[4.33,47.75],[4.31,47.75],[4.3,47.74],[4.29,47.73],[4.28,47.74],[4.26,47.74],[4.26,47.73],[4.24,47.72],[4.25,47.72],[4.27,47.71],[4.26,47.69],[4.27,47.69],[4.27,47.68],[4.25,47.68],[4.24,47.68],[4.23,47.68],[4.23,47.67],[4.25,47.66],[4.23,47.64],[4.22,47.63],[4.21,47.63],[4.21,47.61],[4.2,47.6],[4.19,47.58],[4.19,47.57],[4.18,47.55],[4.16,47.55],[4.15,47.54],[4.15,47.53],[4.14,47.52],[4.12,47.52],[4.11,47.5],[4.12,47.49],[4.12,47.48],[4.13,47.47],[4.12,47.44],[4.1,47.43],[4.09,47.44],[4.08,47.43],[4.08,47.42],[4.07,47.41],[4.07,47.4],[4.09,47.4],[4.09,47.39],[4.08,47.38],[4.09,47.37],[4.11,47.38],[4.11,47.36],[4.1,47.36],[4.11,47.35],[4.11,47.34],[4.09,47.34],[4.08,47.34],[4.05,47.34],[4.04,47.33],[4.03,47.33],[4.03,47.32],[4.0,47.31],[3.97,47.33],[3.97,47.37],[3.97,47.38],[3.95,47.39],[3.94,47.38],[3.93,47.38],[3.91,47.38],[3.9,47.37],[3.89,47.36],[3.87,47.37],[3.87,47.38],[3.86,47.39],[3.86,47.4],[3.88,47.4],[3.89,47.41],[3.89,47.42],[3.88,47.43],[3.85,47.44],[3.85,47.43],[3.85,47.41],[3.82,47.4],[3.83,47.39],[3.83,47.38],[3.82,47.38],[3.8,47.39],[3.79,47.39],[3.78,47.4],[3.77,47.41],[3.74,47.4],[3.73,47.4],[3.71,47.41],[3.71,47.42],[3.68,47.43],[3.67,47.44],[3.68,47.45],[3.67,47.45],[3.66,47.45],[3.62,47.46],[3.6,47.47],[3.6,47.46],[3.59,47.46],[3.58,47.46],[3.58,47.48],[3.58,47.5],[3.56,47.5],[3.54,47.52],[3.52,47.52],[3.51,47.53],[3.51,47.55],[3.5,47.56],[3.49,47.56],[3.49,47.53],[3.49,47.5],[3.49,47.49],[3.46,47.5],[3.45,47.51],[3.43,47.51],[3.4,47.51],[3.38,47.49],[3.36,47.49],[3.35,47.47],[3.31,47.49],[3.3,47.49],[3.29,47.5],[3.28,47.5],[3.25,47.49],[3.24,47.49],[3.23,47.5],[3.2,47.52],[3.19,47.52],[3.17,47.52],[3.16,47.52],[3.14,47.54],[3.12,47.54],[3.12,47.57],[3.12,47.58],[3.1,47.59],[3.08,47.59],[3.06,47.57],[3.03,47.56],[3.01,47.56],[2.99,47.57],[2.98,47.57],[2.96,47.58],[2.95,47.59],[2.94,47.6],[2.95,47.61],[2.94,47.62],[2.94,47.64],[2.95,47.65],[2.94,47.66],[2.93,47.66],[2.92,47.67],[2.92,47.68],[2.9,47.7],[2.88,47.7],[2.88,47.71],[2.88,47.72],[2.86,47.71],[2.85,47.72],[2.85,47.73],[2.86,47.75],[2.86,47.76],[2.87,47.76],[2.89,47.76],[2.91,47.77],[2.94,47.76],[2.99,47.79],[3.02,47.79],[3.03,47.8],[3.02,47.81],[3.01,47.83],[3.03,47.84],[3.02,47.86],[3.01,47.86],[3.0,47.87],[3.01,47.87],[3.01,47.9],[3.03,47.91],[3.04,47.91],[3.05,47.91],[3.05,47.92],[3.06,47.93],[3.08,47.93],[3.08,47.94],[3.1,47.95],[3.11,47.95],[3.12,47.96],[3.13,47.97],[3.12,48.0],[3.12,48.01],[3.1,48.01],[3.1,48.02],[3.12,48.03],[3.1,48.04],[3.09,48.05],[3.07,48.06],[3.05,48.07],[3.05,48.09],[3.04,48.1],[3.04,48.12],[3.02,48.12],[3.03,48.13],[3.01,48.15],[2.99,48.14],[2.99,48.15],[2.96,48.15],[2.95,48.17],[2.94,48.16]]]},"properties":{"code":"89","nom":"Yonne"}},{"type":"Feature","geometry":{"type":"Polygon","coordinates":[[[2.55,49.01],[2.57,49.01],[2.57,49.0],[2.58,48.99],[2.58,48.98],[2.56,48.98],[2.59,48.95],[2.6,48.93],[2.59,48.92],[2.59,48.91],[2.58,48.9],[2.56,48.89],[2.57,48.88],[2.57,48.87],[2.59,48.87],[2.58,48.86],[2.57,48.85],[2.59,48.83],[2.6,48.81],[2.59,48.81],[2.57,48.81],[2.57,48.82],[2.53,48.84],[2.5,48.86],[2.48,48.86],[2.45,48.85],[2.42,48.85],[2.41,48.87],[2.4,48.89],[2.39,48.9],[2.32,48.9],[2.31,48.91],[2.32,48.92],[2.34,48.93],[2.34,48.94],[2.33,48.95],[2.29,48.95],[2.29,48.96],[2.3,48.97],[2.31,48.96],[2.33,48.96],[2.35,48.97],[2.37,48.97],[2.38,48.97],[2.39,48.96],[2.41,48.96],[2.43,48.96],[2.46,48.96],[2.47,48.96],[2.5,48.97],[2.5,48.98],[2.51,48.98],[2.52,48.99],[2.53,49.01],[2.55,49.0],[2.55,49.01]]]},"properties":{"code":"93","nom":"Seine-Saint-Denis"}},{"type":"Feature","geometry":{"type":"Polygon","coordinates":[[[5.68,44.19],[5.69,44.19],[5.72,44.2],[5.74,44.2],[5.76,44.21],[5.78,44.21],[5.8,44.21],[5.81,44.21],[5.83,44.2],[5.85,44.2],[5.86,44.2],[5.89,44.19],[5.91,44.19],[5.91,44.2],[5.88,44.21],[5.87,44.22],[5.87,44.23],[5.85,44.25],[5.83,44.26],[5.82,44.28],[5.84,44.3],[5.85,44.3],[5.87,44.3],[5.88,44.29],[5.88,44.28],[5.88,44.27],[5.91,44.25],[5.92,44.26],[5.91,44.27],[5.91,44.28],[5.92,44.29],[5.93,44.31],[5.91,44.31],[5.9,44.32],[5.9,44.33],[5.9,44.34],[5.91,44.34],[5.92,44.35],[5.94,44.36],[5.94,44.37],[5.95,44.4],[5.98,44.41],[6.02,44.42],[6.03,44.44],[6.05,44.45],[6.07,44.45],[6.08,44.46],[6.08,44.47],[6.08,44.48],[6.12,44.48],[6.13,44.47],[6.16,44.46],[6.16,44.44],[6.16,44.43],[6.17,44.44],[6.18,44.43],[6.2,44.42],[6.22,44.4],[6.23,44.38],[6.24,44.38],[6.26,44.41],[6.26,44.42],[6.25,44.44],[6.24,44.45],[6.23,44.46],[6.26,44.47],[6.29,44.48],[6.3,44.47],[6.32,44.47],[6.33,44.46],[6.34,44.47],[6.34,44.49],[6.35,44.5],[6.33,44.51],[6.34,44.51],[6.36,44.52],[6.37,44.51],[6.4,44.49],[6.41,44.48],[6.41,44.47],[6.43,44.47],[6.46,44.46],[6.47,44.45],[6.48,44.45],[6.49,44.45],[6.52,44.45],[6.54,44.45],[6.56,44.45],[6.58,44.45],[6.63,44.45],[6.64,44.49],[6.65,44.49],[6.67,44.5],[6.67,44.52],[6.68,44.52],[6.68,44.54],[6.7,44.54],[6.72,44.55],[6.74,44.55],[6.75,44.56],[6.76,44.57],[6.77,44.58],[6.77,44.59],[6.78,44.59],[6.8,44.6],[6.83,44.61],[6.84,44.61],[6.85,44.62],[6.86,44.63],[6.88,44.63],[6.9,44.65],[6.91,44.66],[6.94,44.65],[6.95,44.65],[6.95,44.64],[6.97,44.63],[6.95,44.62],[6.94,44.61],[6.94,44.6],[6.93,44.59],[6.93,44.58],[6.92,44.57],[6.91,44.56],[6.88,44.55],[6.87,44.54],[6.86,44.53],[6.85,44.53],[6.86,44.5],[6.88,44.48],[6.91,44.47],[6.91,44.45],[6.94,44.44],[6.94,44.43],[6.92,44.42],[6.92,44.43],[6.9,44.42],[6.89,44.42],[6.9,44.41],[6.89,44.4],[6.9,44.37],[6.89,44.36],[6.86,44.35],[6.84,44.35],[6.82,44.33],[6.81,44.33],[6.8,44.32],[6.79,44.3],[6.79,44.29],[6.79,44.27],[6.76,44.28],[6.76,44.27],[6.75,44.26],[6.72,44.25],[6.73,44.23],[6.71,44.22],[6.72,44.21],[6.71,44.2],[6.7,44.19],[6.7,44.18],[6.69,44.17],[6.71,44.14],[6.71,44.13],[6.72,44.12],[6.73,44.11],[6.74,44.1],[6.76,44.08],[6.75,44.06],[6.75,44.04],[6.77,44.03],[6.79,44.02],[6.8,44.01],[6.84,43.99],[6.83,43.98],[6.84,43.98],[6.85,43.95],[6.87,43.95],[6.88,43.94],[6.9,43.93],[6.91,43.93],[6.93,43.91],[6.94,43.9],[6.92,43.89],[6.91,43.89],[6.88,43.89],[6.88,43.9],[6.84,43.92],[6.83,43.92],[6.8,43.91],[6.78,43.88],[6.76,43.88],[6.75,43.87],[6.71,43.88],[6.67,43.89],[6.67,43.88],[6.7,43.87],[6.7,43.86],[6.68,43.85],[6.67,43.84],[6.67,43.83],[6.68,43.83],[6.7,43.82],[6.71,43.81],[6.69,43.8],[6.68,43.8],[6.64,43.8],[6.64,43.79],[6.63,43.79],[6.62,43.81],[6.6,43.8],[6.59,43.81],[6.57,43.79],[6.55,43.78],[6.54,43.79],[6.52,43.81],[6.51,43.8],[6.48,43.79],[6.47,43.8],[6.46,43.79],[6.44,43.8],[6.43,43.79],[6.41,43.79],[6.41,43.76],[6.39,43.75],[6.38,43.73],[6.37,43.74],[6.36,43.74],[6.33,43.75],[6.32,43.75],[6.26,43.78],[6.26,43.79],[6.25,43.8],[6.22,43.8],[6.2,43.79],[6.19,43.78],[6.18,43.76],[6.15,43.74],[6.14,43.74],[6.13,43.74],[6.11,43.74],[6.1,43.74],[6.09,43.72],[6.08,43.71],[6.05,43.7],[6.04,43.69],[6.04,43.68],[6.02,43.67],[6.01,43.68],[6.01,43.69],[5.99,43.7],[5.99,43.71],[5.97,43.72],[5.96,43.72],[5.94,43.73],[5.94,43.74],[5.94,43.75],[5.93,43.75],[5.93,43.76],[5.91,43.75],[5.9,43.75],[5.91,43.74],[5.9,43.73],[5.88,43.72],[5.86,43.72],[5.85,43.72],[5.84,43.74],[5.82,43.75],[5.8,43.75],[5.78,43.76],[5.76,43.73],[5.75,43.74],[5.73,43.75],[5.72,43.76],[5.71,43.78],[5.69,43.79],[5.68,43.79],[5.67,43.81],[5.66,43.82],[5.65,43.83],[5.62,43.83],[5.6,43.83],[5.58,43.83],[5.57,43.83],[5.56,43.82],[5.54,43.82],[5.55,43.85],[5.57,43.87],[5.59,43.88],[5.59,43.89],[5.61,43.91],[5.59,43.92],[5.58,43.91],[5.58,43.92],[5.57,43.94],[5.54,43.94],[5.53,43.95],[5.51,43.95],[5.51,43.96],[5.51,43.97],[5.52,43.99],[5.53,44.01],[5.54,44.01],[5.54,44.03],[5.54,44.07],[5.52,44.07],[5.5,44.06],[5.5,44.08],[5.5,44.1],[5.5,44.12],[5.52,44.13],[5.53,44.13],[5.54,44.14],[5.55,44.15],[5.57,44.15],[5.58,44.16],[5.56,44.17],[5.58,44.19],[5.6,44.19],[5.62,44.18],[5.64,44.17],[5.63,44.15],[5.66,44.15],[5.67,44.15],[5.68,44.15],[5.68,44.16],[5.66,44.17],[5.65,44.17],[5.64,44.17],[5.65,44.19],[5.68,44.19]]]},"properties":{"code":"04","nom":"Alpes-de-Haute-Provence"}},{"type":"Feature","geometry":{"type":"Polygon","coordinates":[[[6.26,45.13],[6.28,45.12],[6.29,45.11],[6.3,45.11],[6.33,45.12],[6.36,45.1],[6.37,45.08],[6.37,45.07],[6.39,45.06],[6.4,45.06],[6.44,45.06],[6.45,45.05],[6.47,45.06],[6.49,45.06],[6.49,45.07],[6.48,45.09],[6.5,45.1],[6.51,45.11],[6.53,45.1],[6.56,45.1],[6.56,45.11],[6.58,45.12],[6.59,45.12],[6.62,45.12],[6.63,45.11],[6.63,45.1],[6.65,45.09],[6.65,45.08],[6.66,45.07],[6.66,45.05],[6.67,45.04],[6.66,45.03],[6.67,45.02],[6.72,45.02],[6.74,45.02],[6.75,45.01],[6.75,45.0],[6.74,44.99],[6.75,44.99],[6.75,44.98],[6.76,44.97],[6.76,44.96],[6.75,44.94],[6.76,44.93],[6.75,44.92],[6.75,44.91],[6.77,44.9],[6.78,44.9],[6.8,44.89],[6.8,44.88],[6.83,44.87],[6.84,44.86],[6.86,44.85],[6.88,44.85],[6.91,44.85],[6.93,44.86],[6.95,44.86],[6.97,44.85],[6.98,44.85],[7.01,44.84],[7.01,44.83],[7.02,44.82],[7.02,44.81],[7.0,44.79],[7.01,44.78],[7.02,44.76],[7.02,44.75],[7.02,44.74],[7.03,44.73],[7.04,44.72],[7.07,44.71],[7.07,44.69],[7.08,44.68],[7.06,44.68],[7.04,44.69],[7.02,44.69],[7.01,44.69],[6.99,44.69],[6.98,44.68],[6.96,44.68],[6.95,44.65],[6.94,44.65],[6.91,44.66],[6.9,44.65],[6.88,44.63],[6.86,44.63],[6.85,44.62],[6.84,44.61],[6.83,44.61],[6.8,44.6],[6.78,44.59],[6.77,44.59],[6.77,44.58],[6.76,44.57],[6.75,44.56],[6.74,44.55],[6.72,44.55],[6.7,44.54],[6.68,44.54],[6.68,44.52],[6.67,44.52],[6.67,44.5],[6.65,44.49],[6.64,44.49],[6.63,44.45],[6.58,44.45],[6.56,44.45],[6.54,44.45],[6.52,44.45],[6.49,44.45],[6.48,44.45],[6.47,44.45],[6.46,44.46],[6.43,44.47],[6.41,44.47],[6.41,44.48],[6.4,44.49],[6.37,44.51],[6.36,44.52],[6.34,44.51],[6.33,44.51],[6.35,44.5],[6.34,44.49],[6.34,44.47],[6.33,44.46],[6.32,44.47],[6.3,44.47],[6.29,44.48],[6.26,44.47],[6.23,44.46],[6.24,44.45],[6.25,44.44],[6.26,44.42],[6.26,44.41],[6.24,44.38],[6.23,44.38],[6.22,44.4],[6.2,44.42],[6.18,44.43],[6.17,44.44],[6.16,44.43],[6.16,44.44],[6.16,44.46],[6.13,44.47],[6.12,44.48],[6.08,44.48],[6.08,44.47],[6.08,44.46],[6.07,44.45],[6.05,44.45],[6.03,44.44],[6.02,44.42],[5.98,44.41],[5.95,44.4],[5.94,44.37],[5.94,44.36],[5.92,44.35],[5.91,44.34],[5.9,44.34],[5.9,44.33],[5.9,44.32],[5.91,44.31],[5.93,44.31],[5.92,44.29],[5.91,44.28],[5.91,44.27],[5.92,44.26],[5.91,44.25],[5.88,44.27],[5.88,44.28],[5.88,44.29],[5.87,44.3],[5.85,44.3],[5.84,44.3],[5.82,44.28],[5.83,44.26],[5.85,44.25],[5.87,44.23],[5.87,44.22],[5.88,44.21],[5.91,44.2],[5.91,44.19],[5.89,44.19],[5.86,44.2],[5.85,44.2],[5.83,44.2],[5.81,44.21],[5.8,44.21],[5.78,44.21],[5.76,44.21],[5.74,44.2],[5.72,44.2],[5.69,44.19],[5.68,44.19],[5.69,44.2],[5.68,44.21],[5.68,44.23],[5.67,44.25],[5.68,44.26],[5.69,44.27],[5.68,44.28],[5.65,44.27],[5.63,44.28],[5.64,44.3],[5.61,44.31],[5.61,44.32],[5.63,44.33],[5.62,44.33],[5.59,44.33],[5.57,44.33],[5.55,44.33],[5.54,44.33],[5.54,44.34],[5.51,44.35],[5.49,44.34],[5.48,44.35],[5.47,44.35],[5.46,44.37],[5.43,44.37],[5.44,44.38],[5.44,44.39],[5.43,44.41],[5.42,44.42],[5.43,44.43],[5.45,44.43],[5.48,44.42],[5.49,44.43],[5.5,44.44],[5.46,44.45],[5.46,44.46],[5.46,44.47],[5.46,44.48],[5.46,44.5],[5.47,44.5],[5.48,44.49],[5.51,44.49],[5.54,44.48],[5.56,44.47],[5.57,44.48],[5.58,44.47],[5.6,44.47],[5.62,44.47],[5.63,44.5],[5.65,44.5],[5.66,44.5],[5.65,44.51],[5.63,44.53],[5.61,44.53],[5.6,44.54],[5.6,44.55],[5.61,44.57],[5.63,44.59],[5.65,44.61],[5.65,44.62],[5.64,44.63],[5.64,44.65],[5.65,44.66],[5.66,44.65],[5.69,44.65],[5.73,44.64],[5.74,44.64],[5.74,44.65],[5.75,44.65],[5.75,44.66],[5.77,44.66],[5.79,44.65],[5.81,44.68],[5.82,44.69],[5.83,44.69],[5.83,44.7],[5.8,44.71],[5.81,44.71],[5.82,44.73],[5.83,44.74],[5.83,44.76],[5.84,44.76],[5.85,44.75],[5.87,44.75],[5.88,44.75],[5.89,44.75],[5.9,44.76],[5.92,44.75],[5.93,44.76],[5.94,44.76],[5.95,44.76],[5.96,44.77],[5.98,44.78],[5.98,44.79],[5.95,44.8],[5.98,44.82],[6.0,44.82],[6.02,44.84],[6.03,44.84],[6.04,44.83],[6.06,44.82],[6.07,44.82],[6.1,44.84],[6.12,44.85],[6.13,44.86],[6.14,44.86],[6.15,44.86],[6.17,44.85],[6.19,44.85],[6.2,44.86],[6.22,44.85],[6.25,44.85],[6.26,44.86],[6.27,44.87],[6.29,44.87],[6.3,44.87],[6.32,44.86],[6.34,44.85],[6.36,44.85],[6.35,44.88],[6.36,44.89],[6.35,44.92],[6.36,44.94],[6.33,44.95],[6.32,44.95],[6.33,44.97],[6.31,44.98],[6.32,44.99],[6.32,45.0],[6.3,45.0],[6.27,45.0],[6.25,45.0],[6.2,45.01],[6.21,45.03],[6.22,45.07],[6.24,45.07],[6.24,45.09],[6.23,45.1],[6.23,45.11],[6.24,45.12],[6.25,45.12],[6.26,45.13]]]},"properties":{"code":"05","nom":"Hautes-Alpes"}},{"type":"Feature","geometry":{"type":"Polygon","coordinates":[[[4.48,45.24],[4.49,45.23],[4.51,45.23],[4.51,45.24],[4.53,45.24],[4.56,45.25],[4.58,45.24],[4.6,45.25],[4.6,45.26],[4.59,45.27],[4.6,45.29],[4.62,45.29],[4.61,45.31],[4.64,45.32],[4.64,45.33],[4.66,45.34],[4.68,45.35],[4.7,45.35],[4.72,45.36],[4.73,45.36],[4.76,45.37],[4.77,45.35],[4.76,45.34],[4.76,45.33],[4.77,45.32],[4.79,45.31],[4.8,45.3],[4.81,45.29],[4.81,45.26],[4.8,45.25],[4.8,45.23],[4.81,45.2],[4.8,45.19],[4.81,45.18],[4.81,45.17],[4.81,45.16],[4.83,45.16],[4.82,45.15],[4.8,45.13],[4.8,45.12],[4.82,45.11],[4.83,45.1],[4.83,45.09],[4.83,45.08],[4.83,45.07],[4.85,45.06],[4.86,45.06],[4.85,45.05],[4.84,45.04],[4.85,45.02],[4.84,45.01],[4.84,45.0],[4.85,44.99],[4.85,44.98],[4.86,44.97],[4.88,44.96],[4.89,44.94],[4.87,44.92],[4.87,44.91],[4.86,44.9],[4.85,44.89],[4.86,44.88],[4.86,44.87],[4.84,44.86],[4.84,44.84],[4.82,44.84],[4.82,44.83],[4.82,44.82],[4.81,44.82],[4.8,44.8],[4.79,44.79],[4.78,44.78],[4.77,44.78],[4.76,44.77],[4.77,44.76],[4.76,44.74],[4.76,44.73],[4.76,44.72],[4.77,44.71],[4.77,44.7],[4.78,44.68],[4.78,44.65],[4.77,44.64],[4.76,44.63],[4.74,44.6],[4.74,44.59],[4.71,44.58],[4.7,44.57],[4.71,44.57],[4.7,44.56],[4.69,44.56],[4.69,44.54],[4.7,44.54],[4.71,44.53],[4.69,44.52],[4.69,44.51],[4.69,44.49],[4.7,44.48],[4.7,44.47],[4.7,44.45],[4.69,44.44],[4.67,44.44],[4.67,44.43],[4.66,44.41],[4.66,44.4],[4.65,44.37],[4.65,44.35],[4.65,44.33],[4.65,44.3],[4.65,44.27],[4.64,44.27],[4.64,44.28],[4.63,44.28],[4.62,44.28],[4.61,44.29],[4.59,44.29],[4.57,44.3],[4.56,44.3],[4.54,44.32],[4.53,44.32],[4.52,44.33],[4.5,44.34],[4.48,44.34],[4.46,44.34],[4.45,44.33],[4.45,44.3],[4.44,44.28],[4.42,44.29],[4.4,44.29],[4.39,44.29],[4.39,44.3],[4.4,44.33],[4.39,44.35],[4.37,44.34],[4.34,44.34],[4.32,44.32],[4.3,44.32],[4.29,44.31],[4.29,44.29],[4.28,44.27],[4.26,44.26],[4.24,44.27],[4.22,44.29],[4.19,44.3],[4.18,44.32],[4.15,44.31],[4.14,44.31],[4.14,44.33],[4.13,44.34],[4.11,44.33],[4.1,44.33],[4.07,44.33],[4.05,44.32],[4.04,44.33],[4.05,44.33],[4.05,44.34],[4.06,44.37],[4.05,44.38],[4.04,44.38],[4.04,44.39],[4.06,44.39],[4.07,44.41],[4.06,44.41],[4.04,44.42],[4.05,44.43],[4.04,44.45],[4.02,44.45],[4.01,44.45],[4.0,44.46],[3.99,44.47],[3.99,44.49],[3.99,44.5],[3.98,44.51],[3.98,44.52],[3.97,44.54],[3.96,44.55],[3.95,44.57],[3.93,44.57],[3.92,44.58],[3.92,44.59],[3.91,44.59],[3.91,44.61],[3.9,44.61],[3.89,44.62],[3.89,44.65],[3.88,44.66],[3.87,44.68],[3.88,44.7],[3.87,44.7],[3.87,44.71],[3.86,44.71],[3.87,44.73],[3.88,44.73],[3.88,44.74],[3.86,44.74],[3.87,44.75],[3.9,44.76],[3.92,44.77],[3.92,44.78],[3.93,44.79],[3.94,44.8],[3.95,44.82],[3.96,44.83],[3.97,44.82],[3.98,44.81],[3.99,44.82],[3.98,44.83],[3.99,44.83],[4.0,44.82],[4.01,44.83],[4.0,44.84],[4.01,44.84],[4.02,44.83],[4.03,44.83],[4.02,44.85],[4.03,44.85],[4.03,44.87],[4.04,44.87],[4.08,44.87],[4.1,44.88],[4.12,44.88],[4.14,44.87],[4.16,44.87],[4.17,44.88],[4.18,44.89],[4.18,44.91],[4.19,44.91],[4.22,44.93],[4.22,44.94],[4.22,44.96],[4.24,44.97],[4.25,44.96],[4.26,44.96],[4.27,44.97],[4.29,44.97],[4.31,44.97],[4.31,44.98],[4.3,44.99],[4.29,45.0],[4.3,45.02],[4.31,45.03],[4.35,45.03],[4.36,45.03],[4.38,45.04],[4.38,45.05],[4.36,45.05],[4.35,45.07],[4.36,45.08],[4.36,45.09],[4.36,45.1],[4.38,45.1],[4.4,45.1],[4.4,45.12],[4.39,45.12],[4.38,45.12],[4.37,45.13],[4.38,45.14],[4.4,45.14],[4.41,45.14],[4.42,45.14],[4.43,45.13],[4.43,45.12],[4.44,45.11],[4.44,45.12],[4.46,45.12],[4.45,45.13],[4.44,45.14],[4.45,45.16],[4.46,45.17],[4.46,45.18],[4.47,45.18],[4.48,45.2],[4.48,45.22],[4.49,45.22],[4.48,45.24]]]},"properties":{"code":"07","nom":"Ard\u00e8che"}},{"type":"Feature","geometry":{"type":"Polygon","coordinates":[[[4.23,49.96],[4.25,49.96],[4.29,49.96],[4.3,49.97],[4.33,49.96],[4.35,49.95],[4.38,49.95],[4.39,49.95],[4.4,49.95],[4.44,49.94],[4.45,49.94],[4.48,49.95],[4.51,49.95],[4.53,49.96],[4.54,49.97],[4.56,49.97],[4.57,49.98],[4.59,49.99],[4.62,49.99],[4.67,50.0],[4.69,50.0],[4.69,50.01],[4.69,50.03],[4.7,50.05],[4.7,50.06],[4.68,50.06],[4.69,50.08],[4.7,50.1],[4.75,50.11],[4.76,50.14],[4.78,50.14],[4.81,50.15],[4.82,50.17],[4.82,50.16],[4.83,50.15],[4.88,50.15],[4.88,50.14],[4.89,50.14],[4.89,50.13],[4.88,50.13],[4.87,50.12],[4.87,50.11],[4.87,50.1],[4.85,50.1],[4.84,50.09],[4.84,50.08],[4.84,50.07],[4.82,50.07],[4.83,50.05],[4.84,50.05],[4.84,50.04],[4.82,50.03],[4.82,50.0],[4.81,49.99],[4.79,49.98],[4.79,49.97],[4.79,49.96],[4.81,49.95],[4.83,49.95],[4.84,49.95],[4.85,49.95],[4.86,49.93],[4.88,49.92],[4.89,49.91],[4.88,49.9],[4.87,49.88],[4.86,49.87],[4.85,49.86],[4.86,49.85],[4.87,49.84],[4.87,49.82],[4.87,49.81],[4.86,49.79],[4.88,49.79],[4.89,49.79],[4.91,49.79],[4.93,49.79],[4.96,49.8],[5.0,49.8],[5.01,49.78],[5.04,49.77],[5.06,49.77],[5.06,49.76],[5.09,49.76],[5.12,49.74],[5.12,49.73],[5.12,49.72],[5.14,49.71],[5.15,49.72],[5.16,49.71],[5.17,49.71],[5.17,49.69],[5.21,49.69],[5.22,49.69],[5.23,49.69],[5.25,49.69],[5.26,49.69],[5.27,49.7],[5.28,49.69],[5.29,49.68],[5.31,49.67],[5.33,49.65],[5.32,49.64],[5.3,49.63],[5.31,49.61],[5.34,49.62],[5.34,49.63],[5.35,49.63],[5.37,49.62],[5.39,49.62],[5.38,49.6],[5.38,49.59],[5.36,49.59],[5.35,49.59],[5.34,49.59],[5.32,49.58],[5.31,49.56],[5.29,49.55],[5.28,49.54],[5.26,49.54],[5.25,49.56],[5.23,49.56],[5.23,49.57],[5.21,49.57],[5.2,49.57],[5.19,49.57],[5.17,49.56],[5.16,49.56],[5.14,49.59],[5.12,49.59],[5.11,49.59],[5.1,49.58],[5.11,49.57],[5.11,49.56],[5.1,49.56],[5.09,49.54],[5.1,49.54],[5.08,49.51],[5.06,49.51],[5.06,49.5],[5.07,49.49],[5.08,49.48],[5.08,49.47],[5.09,49.46],[5.11,49.46],[5.1,49.44],[5.11,49.43],[5.12,49.42],[5.1,49.41],[5.09,49.4],[5.1,49.39],[5.09,49.37],[5.06,49.37],[5.05,49.36],[5.03,49.34],[5.03,49.33],[5.04,49.32],[5.03,49.31],[5.04,49.3],[5.05,49.29],[5.06,49.29],[5.05,49.29],[5.05,49.27],[5.03,49.27],[5.02,49.27],[5.0,49.26],[4.96,49.25],[4.95,49.24],[4.92,49.25],[4.92,49.27],[4.89,49.26],[4.88,49.26],[4.88,49.25],[4.86,49.24],[4.87,49.23],[4.83,49.24],[4.82,49.24],[4.82,49.25],[4.79,49.24],[4.77,49.24],[4.74,49.24],[4.73,49.25],[4.72,49.25],[4.7,49.26],[4.69,49.26],[4.67,49.24],[4.65,49.24],[4.65,49.23],[4.64,49.23],[4.63,49.24],[4.62,49.25],[4.61,49.26],[4.61,49.27],[4.59,49.27],[4.59,49.28],[4.6,49.29],[4.58,49.29],[4.58,49.3],[4.56,49.3],[4.54,49.29],[4.52,49.28],[4.48,49.28],[4.46,49.28],[4.45,49.27],[4.44,49.28],[4.42,49.28],[4.41,49.29],[4.39,49.3],[4.38,49.31],[4.38,49.32],[4.35,49.32],[4.33,49.33],[4.31,49.33],[4.29,49.35],[4.28,49.35],[4.26,49.37],[4.25,49.38],[4.23,49.38],[4.21,49.39],[4.2,49.38],[4.19,49.4],[4.18,49.4],[4.16,49.4],[4.14,49.4],[4.13,49.4],[4.08,49.4],[4.07,49.4],[4.05,49.41],[4.04,49.42],[4.04,49.43],[4.04,49.44],[4.05,49.45],[4.06,49.45],[4.05,49.46],[4.04,49.47],[4.04,49.51],[4.05,49.51],[4.06,49.51],[4.06,49.52],[4.07,49.52],[4.08,49.52],[4.08,49.53],[4.07,49.54],[4.05,49.55],[4.06,49.55],[4.06,49.56],[4.08,49.57],[4.06,49.57],[4.06,49.58],[4.07,49.59],[4.05,49.6],[4.03,49.61],[4.03,49.62],[4.04,49.62],[4.04,49.64],[4.05,49.63],[4.07,49.64],[4.1,49.63],[4.11,49.64],[4.13,49.65],[4.12,49.66],[4.13,49.68],[4.15,49.68],[4.14,49.69],[4.18,49.7],[4.19,49.71],[4.19,49.72],[4.21,49.72],[4.22,49.73],[4.23,49.75],[4.25,49.76],[4.24,49.77],[4.23,49.77],[4.21,49.77],[4.21,49.78],[4.22,49.79],[4.23,49.79],[4.21,49.81],[4.22,49.82],[4.22,49.83],[4.24,49.85],[4.25,49.86],[4.25,49.87],[4.25,49.9],[4.23,49.9],[4.22,49.91],[4.22,49.92],[4.22,49.94],[4.23,49.95],[4.23,49.96]]]},"properties":{"code":"08","nom":"Ardennes"}},{"type":"Feature","geometry":{"type":"Polygon","coordinates":[[[1.69,43.27],[1.7,43.26],[1.7,43.24],[1.72,43.22],[1.73,43.21],[1.71,43.2],[1.71,43.19],[1.74,43.19],[1.74,43.18],[1.75,43.18],[1.78,43.16],[1.81,43.16],[1.82,43.15],[1.85,43.15],[1.84,43.16],[1.85,43.16],[1.86,43.15],[1.88,43.14],[1.88,43.13],[1.9,43.12],[1.9,43.13],[1.92,43.13],[1.95,43.12],[1.95,43.1],[1.96,43.09],[1.95,43.08],[1.96,43.07],[1.95,43.07],[1.94,43.06],[1.94,43.05],[1.95,43.05],[1.96,43.05],[1.97,43.05],[1.98,43.03],[1.99,43.03],[1.97,43.01],[1.99,43.0],[1.99,42.97],[2.0,42.96],[1.99,42.95],[1.98,42.96],[1.96,42.96],[1.94,42.95],[1.93,42.94],[1.98,42.93],[1.99,42.92],[1.99,42.9],[1.98,42.88],[1.99,42.87],[1.95,42.86],[1.88,42.85],[1.87,42.84],[1.86,42.83],[1.86,42.82],[1.87,42.82],[1.9,42.81],[1.92,42.78],[1.93,42.77],[1.91,42.77],[1.92,42.76],[1.94,42.75],[1.96,42.74],[2.01,42.73],[2.01,42.74],[2.03,42.74],[2.03,42.75],[2.04,42.75],[2.06,42.76],[2.09,42.75],[2.09,42.74],[2.13,42.72],[2.14,42.71],[2.16,42.7],[2.17,42.7],[2.18,42.68],[2.17,42.67],[2.17,42.66],[2.15,42.66],[2.13,42.67],[2.12,42.67],[2.11,42.67],[2.1,42.66],[2.08,42.67],[2.05,42.66],[2.03,42.65],[2.02,42.65],[2.0,42.66],[1.97,42.62],[1.95,42.62],[1.94,42.61],[1.93,42.61],[1.91,42.61],[1.9,42.61],[1.89,42.59],[1.87,42.59],[1.87,42.58],[1.86,42.58],[1.83,42.58],[1.82,42.58],[1.8,42.57],[1.79,42.57],[1.78,42.58],[1.77,42.58],[1.75,42.58],[1.74,42.59],[1.73,42.59],[1.73,42.6],[1.74,42.61],[1.73,42.62],[1.72,42.61],[1.7,42.62],[1.69,42.62],[1.66,42.62],[1.65,42.63],[1.64,42.63],[1.62,42.63],[1.6,42.63],[1.58,42.63],[1.57,42.65],[1.55,42.66],[1.52,42.65],[1.5,42.65],[1.49,42.65],[1.48,42.65],[1.48,42.64],[1.47,42.63],[1.48,42.61],[1.47,42.61],[1.46,42.6],[1.44,42.6],[1.44,42.61],[1.42,42.63],[1.41,42.65],[1.39,42.67],[1.39,42.69],[1.38,42.69],[1.35,42.7],[1.35,42.71],[1.36,42.72],[1.34,42.72],[1.33,42.72],[1.31,42.72],[1.3,42.72],[1.28,42.71],[1.25,42.72],[1.23,42.73],[1.22,42.72],[1.18,42.72],[1.17,42.71],[1.16,42.71],[1.13,42.73],[1.13,42.75],[1.12,42.76],[1.11,42.77],[1.08,42.79],[1.05,42.78],[1.04,42.79],[1.01,42.79],[1.0,42.79],[0.98,42.79],[0.97,42.8],[0.96,42.81],[0.94,42.8],[0.93,42.79],[0.91,42.8],[0.88,42.81],[0.87,42.82],[0.86,42.83],[0.86,42.84],[0.85,42.86],[0.85,42.87],[0.84,42.87],[0.84,42.88],[0.84,42.89],[0.83,42.91],[0.83,42.92],[0.86,42.93],[0.88,42.93],[0.89,42.94],[0.88,42.95],[0.87,42.96],[0.91,42.96],[0.93,42.97],[0.95,42.97],[0.98,42.97],[0.98,42.98],[1.0,42.99],[1.01,43.01],[1.02,43.01],[1.01,43.02],[0.99,43.03],[0.98,43.05],[0.99,43.07],[1.01,43.08],[0.99,43.09],[0.99,43.1],[1.01,43.11],[1.03,43.1],[1.04,43.1],[1.05,43.13],[1.05,43.14],[1.06,43.14],[1.09,43.13],[1.09,43.14],[1.11,43.14],[1.12,43.16],[1.14,43.14],[1.15,43.14],[1.16,43.13],[1.18,43.14],[1.21,43.12],[1.21,43.11],[1.22,43.09],[1.25,43.09],[1.26,43.09],[1.26,43.1],[1.27,43.11],[1.28,43.11],[1.29,43.12],[1.3,43.12],[1.27,43.15],[1.24,43.15],[1.22,43.15],[1.21,43.16],[1.23,43.17],[1.23,43.18],[1.23,43.19],[1.24,43.19],[1.25,43.18],[1.26,43.19],[1.27,43.2],[1.3,43.19],[1.31,43.19],[1.33,43.2],[1.35,43.21],[1.36,43.21],[1.37,43.21],[1.38,43.23],[1.38,43.24],[1.35,43.24],[1.34,43.24],[1.33,43.25],[1.33,43.26],[1.31,43.26],[1.3,43.26],[1.3,43.28],[1.29,43.29],[1.3,43.29],[1.3,43.3],[1.32,43.3],[1.32,43.31],[1.34,43.32],[1.37,43.31],[1.38,43.29],[1.4,43.28],[1.41,43.27],[1.43,43.26],[1.43,43.25],[1.42,43.24],[1.42,43.23],[1.43,43.22],[1.45,43.21],[1.46,43.21],[1.48,43.22],[1.48,43.23],[1.5,43.22],[1.5,43.23],[1.49,43.24],[1.5,43.25],[1.49,43.26],[1.49,43.27],[1.49,43.28],[1.49,43.29],[1.52,43.29],[1.52,43.28],[1.52,43.27],[1.54,43.28],[1.55,43.28],[1.57,43.25],[1.57,43.26],[1.57,43.27],[1.57,43.28],[1.58,43.27],[1.6,43.27],[1.61,43.26],[1.64,43.26],[1.64,43.24],[1.65,43.24],[1.65,43.26],[1.67,43.28],[1.69,43.27]]]},"properties":{"code":"09","nom":"Ari\u00e8ge"}},{"type":"Feature","geometry":{"type":"MultiPolygon","coordinates":[[[[-1.48,46.21],[-1.47,46.22],[-1.46,46.23],[-1.41,46.23],[-1.42,46.22],[-1.44,46.21],[-1.42,46.2],[-1.4,46.2],[-1.36,46.21],[-1.35,46.2],[-1.32,46.19],[-1.31,46.19],[-1.29,46.19],[-1.27,46.16],[-1.26,46.16],[-1.28,46.15],[-1.3,46.14],[-1.32,46.15],[-1.33,46.15],[-1.35,46.16],[-1.37,46.17],[-1.39,46.18],[-1.46,46.2],[-1.47,46.2],[-1.51,46.19],[-1.54,46.2],[-1.54,46.22],[-1.56,46.24],[-1.56,46.25],[-1.54,46.24],[-1.52,46.25],[-1.51,46.26],[-1.5,46.26],[-1.48,46.25],[-1.47,46.23],[-1.48,46.23],[-1.49,46.23],[-1.5,46.23],[-1.51,46.22],[-1.51,46.21],[-1.5,46.22],[-1.49,46.21],[-1.48,46.21]]],[[[-1.13,46.31],[-1.12,46.32],[-1.11,46.32],[-1.1,46.31],[-1.08,46.32],[-1.06,46.34],[-1.05,46.34],[-1.03,46.35],[-1.01,46.36],[-1.0,46.35],[-0.98,46.35],[-0.96,46.37],[-0.95,46.36],[-0.94,46.37],[-0.93,46.37],[-0.94,46.35],[-0.94,46.34],[-0.96,46.32],[-0.93,46.31],[-0.9,46.31],[-0.89,46.32],[-0.89,46.33],[-0.85,46.32],[-0.84,46.32],[-0.85,46.33],[-0.84,46.34],[-0.83,46.34],[-0.82,46.34],[-0.81,46.34],[-0.8,46.33],[-0.78,46.32],[-0.76,46.31],[-0.75,46.3],[-0.76,46.3],[-0.75,46.29],[-0.74,46.27],[-0.75,46.25],[-0.69,46.22],[-0.69,46.21],[-0.68,46.2],[-0.69,46.19],[-0.69,46.18],[-0.67,46.18],[-0.66,46.17],[-0.63,46.16],[-0.61,46.16],[-0.61,46.15],[-0.62,46.15],[-0.63,46.15],[-0.62,46.14],[-0.61,46.14],[-0.6,46.14],[-0.58,46.14],[-0.58,46.15],[-0.57,46.14],[-0.55,46.14],[-0.53,46.14],[-0.53,46.13],[-0.51,46.12],[-0.52,46.11],[-0.51,46.11],[-0.48,46.11],[-0.45,46.1],[-0.42,46.11],[-0.42,46.09],[-0.4,46.08],[-0.38,46.1],[-0.37,46.09],[-0.36,46.09],[-0.36,46.08],[-0.34,46.08],[-0.31,46.08],[-0.29,46.09],[-0.28,46.08],[-0.27,46.06],[-0.25,46.05],[-0.21,46.04],[-0.19,46.05],[-0.19,46.04],[-0.19,46.03],[-0.17,46.03],[-0.17,46.02],[-0.16,46.02],[-0.16,46.01],[-0.14,46.0],[-0.14,45.98],[-0.12,45.98],[-0.1,45.97],[-0.1,45.96],[-0.09,45.96],[-0.09,45.95],[-0.1,45.94],[-0.1,45.93],[-0.11,45.93],[-0.13,45.93],[-0.14,45.93],[-0.15,45.93],[-0.14,45.92],[-0.13,45.91],[-0.15,45.9],[-0.13,45.89],[-0.13,45.88],[-0.13,45.87],[-0.12,45.87],[-0.12,45.86],[-0.13,45.85],[-0.14,45.85],[-0.14,45.84],[-0.14,45.82],[-0.15,45.8],[-0.15,45.79],[-0.16,45.78],[-0.17,45.79],[-0.19,45.79],[-0.2,45.78],[-0.22,45.78],[-0.24,45.8],[-0.27,45.81],[-0.29,45.81],[-0.3,45.79],[-0.31,45.79],[-0.32,45.78],[-0.34,45.79],[-0.37,45.78],[-0.4,45.79],[-0.4,45.77],[-0.41,45.77],[-0.43,45.76],[-0.45,45.77],[-0.46,45.75],[-0.46,45.74],[-0.42,45.74],[-0.4,45.73],[-0.42,45.72],[-0.42,45.71],[-0.42,45.7],[-0.42,45.69],[-0.41,45.68],[-0.38,45.66],[-0.39,45.65],[-0.41,45.66],[-0.43,45.63],[-0.43,45.62],[-0.42,45.62],[-0.4,45.62],[-0.39,45.63],[-0.38,45.61],[-0.36,45.6],[-0.34,45.59],[-0.33,45.58],[-0.32,45.58],[-0.3,45.56],[-0.31,45.55],[-0.32,45.54],[-0.32,45.53],[-0.3,45.53],[-0.29,45.53],[-0.28,45.53],[-0.27,45.53],[-0.26,45.52],[-0.27,45.51],[-0.25,45.5],[-0.24,45.5],[-0.25,45.49],[-0.26,45.49],[-0.26,45.47],[-0.28,45.47],[-0.29,45.46],[-0.28,45.46],[-0.27,45.46],[-0.26,45.45],[-0.25,45.44],[-0.25,45.42],[-0.23,45.42],[-0.23,45.41],[-0.25,45.41],[-0.26,45.4],[-0.28,45.4],[-0.28,45.39],[-0.29,45.39],[-0.31,45.39],[-0.31,45.37],[-0.29,45.37],[-0.28,45.36],[-0.25,45.36],[-0.25,45.35],[-0.25,45.34],[-0.26,45.34],[-0.28,45.35],[-0.29,45.33],[-0.28,45.32],[-0.28,45.31],[-0.27,45.3],[-0.26,45.3],[-0.26,45.31],[-0.24,45.31],[-0.23,45.32],[-0.21,45.31],[-0.19,45.31],[-0.18,45.31],[-0.16,45.3],[-0.14,45.29],[-0.12,45.29],[-0.11,45.29],[-0.11,45.27],[-0.11,45.25],[-0.12,45.25],[-0.09,45.25],[-0.04,45.25],[-0.04,45.24],[-0.03,45.23],[-0.01,45.23],[0.0,45.23],[0.01,45.22],[-0.0,45.21],[-0.0,45.2],[0.0,45.19],[0.0,45.18],[-0.02,45.17],[-0.02,45.16],[-0.0,45.16],[0.0,45.15],[-0.02,45.15],[-0.04,45.14],[-0.03,45.13],[-0.04,45.11],[-0.04,45.1],[-0.05,45.1],[-0.06,45.1],[-0.08,45.12],[-0.09,45.12],[-0.1,45.12],[-0.11,45.12],[-0.12,45.11],[-0.14,45.09],[-0.15,45.09],[-0.16,45.09],[-0.19,45.09],[-0.21,45.1],[-0.22,45.11],[-0.23,45.11],[-0.25,45.11],[-0.26,45.11],[-0.27,45.14],[-0.28,45.14],[-0.31,45.15],[-0.31,45.14],[-0.32,45.15],[-0.32,45.16],[-0.34,45.17],[-0.36,45.17],[-0.38,45.16],[-0.38,45.14],[-0.39,45.16],[-0.4,45.18],[-0.41,45.19],[-0.42,45.2],[-0.41,45.22],[-0.41,45.24],[-0.41,45.25],[-0.42,45.25],[-0.42,45.27],[-0.43,45.28],[-0.47,45.29],[-0.49,45.29],[-0.51,45.29],[-0.53,45.29],[-0.56,45.3],[-0.57,45.3],[-0.57,45.31],[-0.57,45.33],[-0.59,45.34],[-0.59,45.33],[-0.59,45.32],[-0.61,45.32],[-0.64,45.32],[-0.71,45.33],[-0.72,45.33],[-0.75,45.32],[-0.77,45.37],[-0.84,45.44],[-0.86,45.45],[-0.93,45.5],[-1.03,45.57],[-0.99,45.58],[-0.99,45.6],[-1.01,45.6],[-1.01,45.61],[-1.02,45.62],[-1.03,45.62],[-1.05,45.62],[-1.07,45.63],[-1.12,45.65],[-1.16,45.67],[-1.18,45.68],[-1.2,45.69],[-1.21,45.7],[-1.23,45.69],[-1.24,45.71],[-1.24,45.76],[-1.24,45.77],[-1.24,45.78],[-1.23,45.79],[-1.22,45.79],[-1.21,45.8],[-1.19,45.79],[-1.17,45.79],[-1.16,45.8],[-1.14,45.8],[-1.13,45.81],[-1.14,45.82],[-1.15,45.83],[-1.15,45.84],[-1.17,45.85],[-1.16,45.85],[-1.15,45.86],[-1.12,45.86],[-1.1,45.87],[-1.1,45.89],[-1.08,45.9],[-1.07,45.91],[-1.08,45.94],[-1.1,45.94],[-1.09,45.95],[-1.06,45.95],[-1.07,45.96],[-1.08,45.96],[-1.08,45.97],[-1.08,45.98],[-1.09,45.98],[-1.1,45.99],[-1.08,46.0],[-1.06,45.99],[-1.06,46.0],[-1.05,46.01],[-1.06,46.03],[-1.06,46.04],[-1.07,46.05],[-1.09,46.05],[-1.09,46.08],[-1.1,46.09],[-1.12,46.1],[-1.13,46.1],[-1.14,46.11],[-1.13,46.11],[-1.13,46.12],[-1.15,46.13],[-1.16,46.14],[-1.17,46.14],[-1.17,46.15],[-1.16,46.15],[-1.16,46.16],[-1.19,46.15],[-1.21,46.15],[-1.23,46.15],[-1.24,46.16],[-1.24,46.17],[-1.22,46.17],[-1.22,46.18],[-1.21,46.18],[-1.2,46.19],[-1.21,46.2],[-1.2,46.21],[-1.17,46.22],[-1.15,46.24],[-1.14,46.25],[-1.12,46.26],[-1.11,46.26],[-1.12,46.29],[-1.12,46.3],[-1.13,46.31]]],[[[-1.25,45.85],[-1.26,45.87],[-1.27,45.88],[-1.29,45.89],[-1.34,45.92],[-1.35,45.93],[-1.38,45.95],[-1.39,45.97],[-1.39,45.99],[-1.39,46.0],[-1.4,46.02],[-1.41,46.05],[-1.39,46.04],[-1.37,46.04],[-1.37,46.03],[-1.34,46.01],[-1.31,45.99],[-1.3,45.99],[-1.28,45.99],[-1.25,45.99],[-1.24,45.98],[-1.24,45.97],[-1.24,45.96],[-1.23,45.94],[-1.23,45.93],[-1.22,45.91],[-1.21,45.9],[-1.19,45.89],[-1.19,45.88],[-1.2,45.87],[-1.21,45.85],[-1.2,45.83],[-1.21,45.82],[-1.22,45.81],[-1.24,45.8],[-1.25,45.82],[-1.25,45.85]]]]},"properties":{"code":"17","nom":"Charente-Maritime"}},{"type":"Feature","geometry":{"type":"Polygon","coordinates":[[[1.9,45.7],[1.91,45.7],[1.92,45.71],[1.94,45.71],[1.95,45.72],[1.96,45.72],[1.98,45.72],[1.99,45.72],[2.0,45.73],[2.0,45.75],[2.02,45.76],[2.04,45.76],[2.05,45.76],[2.06,45.76],[2.06,45.75],[2.08,45.75],[2.08,45.73],[2.1,45.73],[2.11,45.72],[2.12,45.73],[2.13,45.74],[2.15,45.72],[2.16,45.72],[2.16,45.74],[2.17,45.73],[2.18,45.72],[2.2,45.72],[2.19,45.7],[2.21,45.7],[2.22,45.71],[2.22,45.7],[2.24,45.69],[2.27,45.69],[2.27,45.68],[2.27,45.66],[2.29,45.67],[2.31,45.68],[2.32,45.67],[2.33,45.68],[2.34,45.68],[2.35,45.7],[2.34,45.71],[2.35,45.71],[2.37,45.71],[2.39,45.71],[2.41,45.71],[2.44,45.7],[2.44,45.71],[2.45,45.71],[2.46,45.72],[2.48,45.74],[2.49,45.74],[2.52,45.71],[2.52,45.7],[2.53,45.69],[2.53,45.68],[2.51,45.67],[2.52,45.66],[2.51,45.64],[2.5,45.64],[2.49,45.64],[2.48,45.64],[2.48,45.62],[2.48,45.61],[2.47,45.6],[2.46,45.59],[2.47,45.58],[2.49,45.57],[2.49,45.56],[2.51,45.55],[2.52,45.55],[2.52,45.52],[2.51,45.51],[2.51,45.5],[2.51,45.49],[2.51,45.48],[2.51,45.46],[2.5,45.45],[2.49,45.42],[2.49,45.41],[2.52,45.4],[2.53,45.39],[2.52,45.38],[2.49,45.38],[2.48,45.37],[2.47,45.38],[2.46,45.38],[2.44,45.38],[2.42,45.4],[2.41,45.4],[2.4,45.4],[2.4,45.41],[2.38,45.41],[2.36,45.42],[2.35,45.41],[2.35,45.4],[2.36,45.4],[2.37,45.39],[2.36,45.38],[2.36,45.36],[2.35,45.35],[2.36,45.34],[2.35,45.33],[2.32,45.32],[2.31,45.31],[2.29,45.29],[2.28,45.29],[2.27,45.29],[2.26,45.28],[2.26,45.27],[2.25,45.27],[2.24,45.26],[2.24,45.25],[2.22,45.24],[2.2,45.22],[2.19,45.2],[2.2,45.19],[2.2,45.18],[2.22,45.17],[2.23,45.17],[2.23,45.16],[2.21,45.16],[2.21,45.15],[2.19,45.14],[2.18,45.14],[2.19,45.11],[2.18,45.11],[2.18,45.1],[2.17,45.08],[2.15,45.09],[2.13,45.08],[2.12,45.07],[2.1,45.07],[2.1,45.06],[2.1,45.05],[2.11,45.04],[2.12,45.02],[2.14,45.01],[2.14,44.99],[2.13,44.99],[2.1,44.98],[2.09,44.98],[2.08,44.98],[2.06,44.98],[2.05,44.98],[2.01,44.98],[1.99,44.97],[1.97,44.97],[1.96,44.96],[1.95,44.95],[1.94,44.96],[1.94,44.97],[1.93,44.98],[1.91,44.98],[1.89,44.96],[1.87,44.95],[1.85,44.95],[1.84,44.94],[1.82,44.93],[1.81,44.93],[1.8,44.92],[1.78,44.94],[1.78,44.93],[1.77,44.92],[1.77,44.93],[1.75,44.94],[1.75,44.95],[1.74,44.96],[1.72,44.97],[1.71,44.97],[1.7,44.99],[1.69,45.0],[1.68,45.0],[1.67,45.0],[1.65,45.02],[1.65,45.03],[1.63,45.03],[1.61,45.03],[1.59,45.04],[1.58,45.04],[1.57,45.04],[1.55,45.03],[1.54,45.03],[1.54,45.04],[1.54,45.05],[1.52,45.04],[1.5,45.04],[1.48,45.03],[1.47,45.02],[1.46,45.01],[1.45,45.02],[1.44,45.03],[1.42,45.04],[1.42,45.05],[1.4,45.06],[1.41,45.07],[1.39,45.09],[1.39,45.1],[1.41,45.11],[1.41,45.13],[1.39,45.13],[1.36,45.13],[1.35,45.14],[1.34,45.14],[1.32,45.14],[1.31,45.14],[1.3,45.14],[1.27,45.15],[1.25,45.16],[1.25,45.17],[1.27,45.16],[1.29,45.18],[1.29,45.19],[1.28,45.2],[1.23,45.2],[1.23,45.21],[1.23,45.22],[1.26,45.23],[1.28,45.24],[1.28,45.26],[1.25,45.25],[1.24,45.26],[1.24,45.27],[1.23,45.27],[1.23,45.29],[1.24,45.29],[1.24,45.32],[1.26,45.32],[1.27,45.33],[1.28,45.34],[1.29,45.35],[1.32,45.36],[1.32,45.37],[1.32,45.38],[1.3,45.39],[1.29,45.39],[1.28,45.38],[1.27,45.4],[1.26,45.4],[1.26,45.41],[1.26,45.42],[1.27,45.42],[1.28,45.41],[1.29,45.42],[1.29,45.43],[1.28,45.43],[1.26,45.44],[1.25,45.44],[1.26,45.45],[1.26,45.46],[1.26,45.47],[1.27,45.48],[1.28,45.48],[1.29,45.49],[1.35,45.47],[1.37,45.49],[1.38,45.5],[1.39,45.5],[1.4,45.52],[1.41,45.53],[1.43,45.53],[1.44,45.52],[1.45,45.53],[1.46,45.55],[1.47,45.55],[1.48,45.57],[1.49,45.56],[1.49,45.55],[1.51,45.55],[1.52,45.56],[1.56,45.55],[1.57,45.56],[1.58,45.56],[1.59,45.58],[1.61,45.58],[1.62,45.58],[1.64,45.58],[1.64,45.59],[1.66,45.6],[1.66,45.61],[1.68,45.63],[1.71,45.64],[1.72,45.64],[1.75,45.65],[1.76,45.65],[1.77,45.66],[1.78,45.66],[1.78,45.68],[1.79,45.68],[1.8,45.67],[1.82,45.68],[1.83,45.67],[1.85,45.67],[1.87,45.66],[1.88,45.67],[1.88,45.68],[1.91,45.68],[1.91,45.69],[1.9,45.7]]]},"properties":{"code":"19","nom":"Corr\u00e8ze"}},{"type":"Feature","geometry":{"type":"Polygon","coordinates":[[[0.63,45.71],[0.64,45.7],[0.65,45.7],[0.65,45.69],[0.67,45.69],[0.71,45.69],[0.72,45.69],[0.73,45.69],[0.75,45.69],[0.76,45.67],[0.78,45.67],[0.77,45.65],[0.76,45.64],[0.76,45.63],[0.75,45.62],[0.76,45.61],[0.77,45.61],[0.78,45.59],[0.8,45.6],[0.81,45.59],[0.81,45.58],[0.82,45.58],[0.84,45.58],[0.85,45.6],[0.86,45.61],[0.87,45.62],[0.89,45.6],[0.91,45.61],[0.91,45.6],[0.93,45.61],[0.95,45.61],[0.99,45.6],[1.0,45.61],[1.02,45.61],[1.03,45.6],[1.04,45.6],[1.03,45.58],[1.04,45.57],[1.05,45.56],[1.06,45.55],[1.07,45.55],[1.08,45.53],[1.1,45.54],[1.11,45.54],[1.12,45.55],[1.14,45.54],[1.17,45.52],[1.15,45.51],[1.14,45.51],[1.13,45.49],[1.12,45.49],[1.12,45.48],[1.14,45.47],[1.15,45.47],[1.16,45.48],[1.17,45.47],[1.18,45.46],[1.19,45.46],[1.21,45.46],[1.24,45.46],[1.23,45.44],[1.24,45.44],[1.25,45.44],[1.26,45.44],[1.28,45.43],[1.29,45.43],[1.29,45.42],[1.28,45.41],[1.27,45.42],[1.26,45.42],[1.26,45.41],[1.26,45.4],[1.27,45.4],[1.28,45.38],[1.29,45.39],[1.3,45.39],[1.32,45.38],[1.32,45.37],[1.32,45.36],[1.29,45.35],[1.28,45.34],[1.27,45.33],[1.26,45.32],[1.24,45.32],[1.24,45.29],[1.23,45.29],[1.23,45.27],[1.24,45.27],[1.24,45.26],[1.25,45.25],[1.28,45.26],[1.28,45.24],[1.26,45.23],[1.23,45.22],[1.23,45.21],[1.23,45.2],[1.28,45.2],[1.29,45.19],[1.29,45.18],[1.27,45.16],[1.25,45.17],[1.25,45.16],[1.27,45.15],[1.3,45.14],[1.31,45.14],[1.32,45.14],[1.34,45.14],[1.35,45.14],[1.36,45.13],[1.39,45.13],[1.41,45.13],[1.41,45.11],[1.39,45.1],[1.39,45.09],[1.41,45.07],[1.4,45.06],[1.42,45.05],[1.42,45.04],[1.44,45.03],[1.45,45.02],[1.43,45.01],[1.41,45.01],[1.41,45.0],[1.41,44.98],[1.42,44.96],[1.44,44.94],[1.44,44.93],[1.44,44.92],[1.42,44.92],[1.41,44.91],[1.42,44.9],[1.44,44.89],[1.44,44.88],[1.43,44.87],[1.42,44.87],[1.4,44.86],[1.4,44.85],[1.39,44.85],[1.38,44.84],[1.37,44.85],[1.36,44.84],[1.36,44.83],[1.36,44.81],[1.34,44.81],[1.33,44.81],[1.3,44.8],[1.3,44.79],[1.3,44.78],[1.31,44.77],[1.32,44.77],[1.32,44.74],[1.3,44.74],[1.3,44.73],[1.29,44.71],[1.27,44.72],[1.26,44.71],[1.25,44.71],[1.24,44.7],[1.24,44.69],[1.22,44.68],[1.19,44.68],[1.18,44.68],[1.17,44.68],[1.16,44.67],[1.15,44.67],[1.15,44.65],[1.15,44.64],[1.14,44.62],[1.11,44.6],[1.1,44.59],[1.1,44.58],[1.1,44.57],[1.09,44.57],[1.08,44.58],[1.07,44.6],[1.06,44.6],[1.05,44.61],[1.01,44.61],[1.0,44.63],[0.98,44.64],[0.97,44.64],[0.96,44.64],[0.95,44.64],[0.93,44.64],[0.92,44.63],[0.89,44.61],[0.88,44.62],[0.87,44.6],[0.84,44.6],[0.84,44.61],[0.84,44.62],[0.83,44.61],[0.82,44.63],[0.84,44.64],[0.84,44.65],[0.84,44.66],[0.83,44.68],[0.83,44.69],[0.8,44.7],[0.79,44.7],[0.78,44.68],[0.76,44.69],[0.76,44.68],[0.74,44.68],[0.73,44.68],[0.72,44.68],[0.68,44.68],[0.66,44.68],[0.66,44.69],[0.64,44.7],[0.63,44.71],[0.62,44.7],[0.62,44.69],[0.61,44.7],[0.59,44.7],[0.58,44.69],[0.57,44.67],[0.54,44.67],[0.52,44.68],[0.5,44.67],[0.49,44.67],[0.47,44.67],[0.45,44.65],[0.41,44.65],[0.39,44.65],[0.38,44.65],[0.37,44.66],[0.35,44.65],[0.35,44.66],[0.35,44.67],[0.36,44.69],[0.34,44.7],[0.35,44.71],[0.35,44.72],[0.34,44.74],[0.31,44.76],[0.3,44.76],[0.28,44.77],[0.27,44.78],[0.27,44.8],[0.27,44.81],[0.26,44.83],[0.28,44.82],[0.3,44.83],[0.3,44.84],[0.32,44.85],[0.31,44.85],[0.29,44.86],[0.27,44.87],[0.26,44.87],[0.24,44.87],[0.24,44.86],[0.22,44.84],[0.21,44.84],[0.19,44.82],[0.17,44.83],[0.13,44.83],[0.11,44.82],[0.11,44.83],[0.1,44.83],[0.08,44.83],[0.08,44.82],[0.06,44.83],[0.05,44.82],[0.04,44.83],[0.04,44.84],[0.02,44.85],[0.01,44.85],[-0.0,44.85],[-0.03,44.85],[-0.03,44.86],[-0.02,44.86],[-0.01,44.87],[0.0,44.87],[0.0,44.88],[0.01,44.89],[0.03,44.92],[0.02,44.93],[0.01,44.95],[0.01,44.96],[0.02,44.98],[0.03,44.98],[0.04,44.99],[0.04,45.01],[0.04,45.03],[0.05,45.04],[0.07,45.06],[0.07,45.07],[0.06,45.08],[0.06,45.1],[0.05,45.11],[0.02,45.12],[-0.0,45.12],[-0.02,45.12],[-0.04,45.1],[-0.04,45.11],[-0.03,45.13],[-0.04,45.14],[-0.02,45.15],[0.0,45.15],[-0.0,45.16],[-0.02,45.16],[-0.02,45.17],[0.0,45.18],[0.0,45.19],[0.01,45.2],[0.03,45.21],[0.04,45.22],[0.05,45.23],[0.06,45.22],[0.08,45.22],[0.1,45.23],[0.11,45.21],[0.13,45.21],[0.15,45.21],[0.15,45.22],[0.16,45.23],[0.17,45.24],[0.17,45.25],[0.18,45.26],[0.19,45.26],[0.2,45.26],[0.22,45.29],[0.24,45.29],[0.25,45.29],[0.27,45.3],[0.27,45.32],[0.26,45.33],[0.26,45.35],[0.25,45.36],[0.25,45.37],[0.27,45.41],[0.27,45.42],[0.28,45.43],[0.29,45.43],[0.31,45.43],[0.32,45.44],[0.3,45.45],[0.3,45.46],[0.31,45.46],[0.33,45.44],[0.33,45.46],[0.36,45.47],[0.36,45.48],[0.38,45.48],[0.38,45.49],[0.39,45.49],[0.41,45.49],[0.42,45.48],[0.43,45.49],[0.43,45.5],[0.46,45.53],[0.47,45.54],[0.48,45.54],[0.5,45.54],[0.51,45.55],[0.5,45.56],[0.51,45.59],[0.52,45.6],[0.5,45.62],[0.51,45.62],[0.52,45.63],[0.53,45.64],[0.54,45.64],[0.54,45.63],[0.55,45.64],[0.56,45.63],[0.58,45.64],[0.57,45.65],[0.59,45.67],[0.6,45.67],[0.6,45.69],[0.62,45.7],[0.63,45.71]]]},"properties":{"code":"24","nom":"Dordogne"}},{"type":"Feature","geometry":{"type":"Polygon","coordinates":[[[0.3,49.43],[0.34,49.43],[0.34,49.44],[0.37,49.44],[0.4,49.45],[0.43,49.46],[0.49,49.48],[0.5,49.49],[0.52,49.48],[0.56,49.44],[0.58,49.43],[0.61,49.43],[0.63,49.43],[0.64,49.43],[0.66,49.42],[0.65,49.41],[0.67,49.4],[0.69,49.41],[0.71,49.4],[0.72,49.41],[0.74,49.41],[0.76,49.42],[0.77,49.42],[0.78,49.41],[0.8,49.42],[0.8,49.41],[0.82,49.4],[0.85,49.39],[0.86,49.4],[0.87,49.39],[0.89,49.38],[0.88,49.37],[0.89,49.37],[0.9,49.38],[0.92,49.39],[0.92,49.37],[0.92,49.36],[0.92,49.35],[0.93,49.34],[0.92,49.34],[0.91,49.34],[0.89,49.35],[0.87,49.34],[0.85,49.33],[0.86,49.33],[0.89,49.32],[0.89,49.3],[0.9,49.3],[0.91,49.3],[0.91,49.31],[0.93,49.31],[0.94,49.32],[0.96,49.29],[0.96,49.27],[0.97,49.28],[0.98,49.27],[0.99,49.27],[0.99,49.25],[1.01,49.25],[1.03,49.26],[1.04,49.26],[1.05,49.27],[1.06,49.28],[1.05,49.3],[1.08,49.31],[1.09,49.31],[1.13,49.31],[1.14,49.33],[1.15,49.34],[1.16,49.34],[1.18,49.34],[1.2,49.34],[1.2,49.35],[1.22,49.35],[1.27,49.35],[1.27,49.36],[1.28,49.36],[1.29,49.38],[1.29,49.39],[1.31,49.4],[1.31,49.42],[1.31,49.43],[1.34,49.43],[1.34,49.44],[1.35,49.45],[1.36,49.45],[1.37,49.45],[1.39,49.45],[1.4,49.45],[1.41,49.46],[1.44,49.46],[1.45,49.45],[1.48,49.45],[1.49,49.45],[1.5,49.44],[1.53,49.44],[1.54,49.43],[1.55,49.44],[1.58,49.44],[1.59,49.43],[1.61,49.41],[1.62,49.41],[1.63,49.41],[1.66,49.4],[1.67,49.4],[1.68,49.41],[1.69,49.4],[1.7,49.4],[1.7,49.41],[1.71,49.41],[1.74,49.41],[1.72,49.39],[1.74,49.38],[1.75,49.37],[1.76,49.37],[1.76,49.36],[1.77,49.33],[1.77,49.32],[1.78,49.3],[1.8,49.28],[1.79,49.27],[1.8,49.27],[1.79,49.26],[1.79,49.25],[1.77,49.25],[1.76,49.26],[1.75,49.27],[1.71,49.26],[1.7,49.25],[1.7,49.23],[1.68,49.21],[1.68,49.2],[1.67,49.18],[1.66,49.15],[1.65,49.15],[1.66,49.13],[1.65,49.12],[1.62,49.09],[1.61,49.08],[1.6,49.08],[1.57,49.08],[1.56,49.07],[1.55,49.07],[1.52,49.07],[1.51,49.07],[1.5,49.06],[1.48,49.05],[1.46,49.06],[1.45,49.05],[1.46,49.03],[1.47,49.02],[1.48,49.0],[1.46,48.99],[1.47,48.98],[1.48,48.98],[1.5,48.98],[1.51,48.98],[1.52,48.98],[1.5,48.97],[1.5,48.95],[1.5,48.94],[1.48,48.94],[1.46,48.94],[1.46,48.93],[1.45,48.92],[1.46,48.91],[1.46,48.9],[1.47,48.89],[1.47,48.88],[1.45,48.87],[1.43,48.87],[1.42,48.86],[1.41,48.86],[1.4,48.86],[1.39,48.85],[1.36,48.83],[1.36,48.81],[1.38,48.79],[1.37,48.78],[1.36,48.78],[1.34,48.77],[1.33,48.76],[1.32,48.76],[1.3,48.77],[1.28,48.76],[1.27,48.76],[1.25,48.76],[1.26,48.77],[1.25,48.77],[1.22,48.77],[1.22,48.76],[1.2,48.77],[1.18,48.77],[1.16,48.77],[1.15,48.77],[1.15,48.79],[1.12,48.79],[1.12,48.78],[1.12,48.77],[1.11,48.75],[1.1,48.75],[1.09,48.76],[1.08,48.75],[1.07,48.76],[1.06,48.76],[1.04,48.74],[1.03,48.73],[1.02,48.73],[1.01,48.73],[0.98,48.73],[0.96,48.73],[0.96,48.72],[0.92,48.71],[0.9,48.71],[0.89,48.72],[0.88,48.72],[0.86,48.69],[0.85,48.68],[0.83,48.68],[0.81,48.67],[0.8,48.68],[0.78,48.67],[0.76,48.68],[0.76,48.69],[0.77,48.7],[0.75,48.7],[0.73,48.71],[0.74,48.72],[0.75,48.72],[0.76,48.73],[0.77,48.74],[0.75,48.76],[0.76,48.77],[0.74,48.78],[0.73,48.78],[0.7,48.79],[0.69,48.79],[0.66,48.81],[0.65,48.82],[0.63,48.83],[0.61,48.83],[0.62,48.84],[0.63,48.85],[0.61,48.85],[0.6,48.86],[0.6,48.88],[0.59,48.87],[0.59,48.88],[0.6,48.88],[0.58,48.89],[0.57,48.89],[0.55,48.88],[0.54,48.88],[0.52,48.88],[0.5,48.88],[0.49,48.88],[0.48,48.89],[0.46,48.89],[0.46,48.88],[0.44,48.88],[0.43,48.89],[0.42,48.89],[0.42,48.9],[0.4,48.91],[0.39,48.91],[0.39,48.93],[0.41,48.94],[0.41,48.95],[0.43,48.97],[0.43,48.98],[0.43,48.99],[0.44,49.01],[0.45,49.01],[0.43,49.03],[0.39,49.03],[0.38,49.04],[0.38,49.05],[0.37,49.05],[0.38,49.06],[0.38,49.07],[0.39,49.07],[0.41,49.08],[0.42,49.07],[0.42,49.09],[0.4,49.1],[0.41,49.12],[0.41,49.13],[0.42,49.13],[0.43,49.14],[0.42,49.15],[0.39,49.15],[0.39,49.16],[0.39,49.18],[0.39,49.19],[0.39,49.21],[0.38,49.22],[0.37,49.22],[0.34,49.23],[0.33,49.24],[0.32,49.25],[0.34,49.25],[0.37,49.26],[0.38,49.26],[0.38,49.29],[0.37,49.29],[0.34,49.3],[0.33,49.28],[0.31,49.28],[0.32,49.3],[0.32,49.31],[0.3,49.31],[0.31,49.32],[0.32,49.34],[0.31,49.36],[0.3,49.37],[0.31,49.39],[0.3,49.41],[0.3,49.43]]]},"properties":{"code":"27","nom":"Eure"}},{"type":"Feature","geometry":{"type":"Polygon","coordinates":[[[0.23,47.61],[0.24,47.61],[0.26,47.61],[0.27,47.61],[0.28,47.6],[0.29,47.6],[0.32,47.59],[0.34,47.59],[0.34,47.58],[0.37,47.57],[0.38,47.57],[0.4,47.58],[0.39,47.59],[0.38,47.61],[0.36,47.62],[0.36,47.63],[0.38,47.64],[0.4,47.64],[0.42,47.62],[0.45,47.62],[0.46,47.63],[0.46,47.64],[0.48,47.65],[0.48,47.64],[0.5,47.65],[0.51,47.65],[0.54,47.66],[0.56,47.67],[0.59,47.67],[0.6,47.68],[0.61,47.68],[0.61,47.69],[0.63,47.71],[0.64,47.71],[0.64,47.7],[0.65,47.7],[0.64,47.69],[0.65,47.68],[0.67,47.7],[0.7,47.68],[0.71,47.68],[0.74,47.7],[0.75,47.69],[0.78,47.68],[0.81,47.68],[0.83,47.68],[0.86,47.69],[0.86,47.67],[0.85,47.65],[0.86,47.63],[0.85,47.62],[0.86,47.6],[0.9,47.6],[0.9,47.62],[0.91,47.62],[0.92,47.63],[0.93,47.63],[0.96,47.63],[0.97,47.62],[0.99,47.62],[0.99,47.61],[0.99,47.59],[1.0,47.58],[1.01,47.6],[1.02,47.61],[1.03,47.61],[1.05,47.59],[1.06,47.57],[1.07,47.57],[1.08,47.56],[1.05,47.54],[1.05,47.53],[1.07,47.52],[1.07,47.51],[1.07,47.5],[1.08,47.49],[1.09,47.48],[1.09,47.47],[1.09,47.46],[1.11,47.47],[1.12,47.46],[1.13,47.45],[1.11,47.43],[1.09,47.43],[1.11,47.41],[1.11,47.4],[1.12,47.39],[1.12,47.38],[1.11,47.38],[1.11,47.37],[1.12,47.35],[1.11,47.35],[1.11,47.33],[1.09,47.33],[1.1,47.31],[1.11,47.3],[1.14,47.29],[1.16,47.27],[1.17,47.29],[1.19,47.28],[1.22,47.29],[1.24,47.29],[1.24,47.28],[1.24,47.27],[1.26,47.27],[1.27,47.26],[1.28,47.25],[1.3,47.23],[1.3,47.22],[1.32,47.2],[1.33,47.19],[1.34,47.18],[1.35,47.17],[1.35,47.15],[1.36,47.14],[1.37,47.12],[1.36,47.11],[1.34,47.1],[1.33,47.1],[1.32,47.1],[1.31,47.1],[1.32,47.08],[1.31,47.07],[1.29,47.07],[1.27,47.05],[1.27,47.04],[1.26,47.03],[1.23,47.01],[1.22,47.02],[1.2,47.03],[1.18,47.04],[1.16,47.04],[1.14,47.03],[1.12,47.02],[1.11,47.03],[1.09,47.02],[1.08,47.02],[1.07,47.0],[1.06,47.0],[1.06,46.99],[1.05,46.98],[1.06,46.97],[1.06,46.96],[1.06,46.95],[1.04,46.94],[1.03,46.91],[1.03,46.88],[1.02,46.87],[1.02,46.86],[1.02,46.85],[1.01,46.84],[1.01,46.81],[0.99,46.8],[1.0,46.79],[1.0,46.78],[1.01,46.77],[1.01,46.76],[0.99,46.76],[0.97,46.75],[0.96,46.74],[0.94,46.74],[0.93,46.75],[0.92,46.76],[0.88,46.75],[0.87,46.75],[0.85,46.76],[0.84,46.76],[0.83,46.78],[0.82,46.79],[0.81,46.79],[0.82,46.81],[0.81,46.81],[0.81,46.83],[0.8,46.83],[0.79,46.84],[0.8,46.85],[0.79,46.85],[0.77,46.85],[0.77,46.86],[0.75,46.86],[0.75,46.87],[0.73,46.88],[0.73,46.89],[0.7,46.9],[0.7,46.93],[0.71,46.94],[0.7,46.96],[0.69,46.97],[0.68,46.98],[0.66,46.98],[0.66,46.99],[0.65,46.99],[0.64,46.99],[0.62,47.0],[0.62,47.01],[0.59,47.01],[0.57,47.0],[0.57,46.98],[0.59,46.98],[0.6,46.97],[0.6,46.96],[0.57,46.96],[0.54,46.96],[0.53,46.96],[0.51,46.96],[0.48,46.95],[0.44,46.94],[0.44,46.93],[0.42,46.94],[0.41,46.94],[0.39,46.94],[0.37,46.95],[0.36,46.94],[0.35,46.94],[0.34,46.94],[0.32,46.93],[0.31,46.94],[0.31,46.95],[0.31,46.97],[0.3,46.97],[0.31,46.98],[0.3,46.98],[0.31,47.0],[0.31,47.01],[0.3,47.02],[0.31,47.03],[0.31,47.05],[0.3,47.05],[0.27,47.04],[0.26,47.06],[0.27,47.07],[0.26,47.07],[0.24,47.07],[0.23,47.06],[0.21,47.05],[0.19,47.06],[0.18,47.06],[0.17,47.07],[0.2,47.09],[0.19,47.1],[0.18,47.11],[0.17,47.11],[0.16,47.1],[0.13,47.11],[0.14,47.12],[0.13,47.12],[0.12,47.13],[0.11,47.13],[0.1,47.12],[0.08,47.12],[0.08,47.14],[0.08,47.15],[0.07,47.14],[0.05,47.16],[0.06,47.18],[0.07,47.19],[0.05,47.2],[0.07,47.22],[0.07,47.25],[0.08,47.27],[0.08,47.28],[0.1,47.31],[0.11,47.31],[0.12,47.33],[0.13,47.33],[0.14,47.34],[0.15,47.35],[0.14,47.36],[0.16,47.37],[0.18,47.38],[0.17,47.39],[0.17,47.4],[0.15,47.4],[0.18,47.42],[0.19,47.42],[0.18,47.45],[0.19,47.46],[0.2,47.48],[0.22,47.5],[0.22,47.51],[0.22,47.53],[0.21,47.53],[0.2,47.53],[0.19,47.54],[0.2,47.54],[0.22,47.57],[0.23,47.58],[0.23,47.61]]]},"properties":{"code":"37","nom":"Indre-et-Loire"}},{"type":"Feature","geometry":{"type":"Polygon","coordinates":[[[3.36,44.97],[3.37,44.97],[3.37,44.96],[3.39,44.95],[3.4,44.96],[3.41,44.94],[3.41,44.93],[3.41,44.92],[3.42,44.91],[3.42,44.9],[3.44,44.88],[3.44,44.86],[3.44,44.85],[3.45,44.84],[3.46,44.83],[3.48,44.82],[3.48,44.81],[3.49,44.81],[3.49,44.82],[3.51,44.82],[3.54,44.83],[3.56,44.82],[3.56,44.83],[3.57,44.83],[3.58,44.83],[3.59,44.83],[3.59,44.85],[3.6,44.86],[3.59,44.88],[3.61,44.88],[3.61,44.87],[3.63,44.88],[3.64,44.88],[3.66,44.87],[3.67,44.85],[3.67,44.84],[3.66,44.84],[3.67,44.83],[3.7,44.83],[3.7,44.84],[3.72,44.83],[3.74,44.84],[3.75,44.82],[3.76,44.81],[3.78,44.8],[3.8,44.78],[3.8,44.77],[3.81,44.77],[3.82,44.77],[3.83,44.78],[3.84,44.77],[3.83,44.76],[3.84,44.75],[3.86,44.74],[3.88,44.74],[3.88,44.73],[3.87,44.73],[3.86,44.71],[3.87,44.71],[3.87,44.7],[3.88,44.7],[3.87,44.68],[3.88,44.66],[3.89,44.65],[3.89,44.62],[3.9,44.61],[3.91,44.61],[3.91,44.59],[3.92,44.59],[3.92,44.58],[3.93,44.57],[3.95,44.57],[3.96,44.55],[3.97,44.54],[3.98,44.52],[3.98,44.51],[3.99,44.5],[3.99,44.49],[3.99,44.47],[4.0,44.46],[3.98,44.45],[3.97,44.44],[3.97,44.43],[3.96,44.41],[3.95,44.41],[3.95,44.4],[3.94,44.4],[3.93,44.41],[3.91,44.4],[3.9,44.39],[3.89,44.39],[3.89,44.38],[3.91,44.37],[3.92,44.36],[3.93,44.34],[3.94,44.34],[3.95,44.33],[3.94,44.32],[3.92,44.31],[3.94,44.29],[3.94,44.28],[3.94,44.27],[3.95,44.27],[3.96,44.27],[3.97,44.26],[3.97,44.25],[3.95,44.25],[3.95,44.24],[3.95,44.22],[3.94,44.2],[3.96,44.19],[3.96,44.18],[3.98,44.17],[3.97,44.16],[3.95,44.17],[3.93,44.18],[3.92,44.18],[3.93,44.17],[3.93,44.16],[3.91,44.16],[3.91,44.15],[3.89,44.15],[3.88,44.13],[3.86,44.13],[3.83,44.14],[3.82,44.14],[3.81,44.13],[3.8,44.13],[3.78,44.13],[3.78,44.14],[3.77,44.14],[3.76,44.15],[3.75,44.15],[3.73,44.16],[3.7,44.17],[3.69,44.17],[3.68,44.18],[3.66,44.17],[3.65,44.18],[3.64,44.18],[3.63,44.16],[3.65,44.15],[3.64,44.14],[3.63,44.12],[3.61,44.12],[3.6,44.12],[3.57,44.12],[3.55,44.11],[3.54,44.12],[3.52,44.12],[3.51,44.13],[3.48,44.12],[3.47,44.13],[3.45,44.13],[3.44,44.13],[3.43,44.13],[3.43,44.15],[3.41,44.15],[3.39,44.17],[3.37,44.17],[3.37,44.18],[3.36,44.19],[3.36,44.2],[3.34,44.2],[3.31,44.2],[3.3,44.21],[3.28,44.2],[3.26,44.2],[3.24,44.19],[3.21,44.19],[3.22,44.21],[3.23,44.23],[3.22,44.23],[3.2,44.24],[3.18,44.25],[3.16,44.24],[3.16,44.25],[3.16,44.26],[3.15,44.27],[3.14,44.27],[3.14,44.26],[3.12,44.26],[3.13,44.28],[3.15,44.31],[3.15,44.32],[3.15,44.33],[3.13,44.33],[3.13,44.35],[3.13,44.36],[3.12,44.36],[3.12,44.38],[3.13,44.39],[3.14,44.39],[3.14,44.41],[3.13,44.41],[3.14,44.43],[3.14,44.44],[3.14,44.45],[3.12,44.46],[3.12,44.47],[3.1,44.48],[3.08,44.49],[3.07,44.5],[3.08,44.52],[3.07,44.53],[3.08,44.56],[3.08,44.57],[3.06,44.58],[3.05,44.59],[3.03,44.6],[3.02,44.61],[3.01,44.62],[2.98,44.64],[2.98,44.65],[3.0,44.67],[3.02,44.71],[3.03,44.72],[3.04,44.71],[3.04,44.73],[3.03,44.73],[3.03,44.75],[3.04,44.76],[3.05,44.78],[3.05,44.8],[3.06,44.82],[3.08,44.82],[3.07,44.83],[3.1,44.83],[3.1,44.84],[3.1,44.85],[3.11,44.87],[3.11,44.89],[3.12,44.89],[3.13,44.9],[3.14,44.9],[3.15,44.89],[3.17,44.87],[3.18,44.86],[3.2,44.87],[3.22,44.88],[3.23,44.88],[3.23,44.89],[3.23,44.9],[3.23,44.91],[3.25,44.92],[3.25,44.93],[3.26,44.94],[3.26,44.93],[3.27,44.93],[3.29,44.93],[3.3,44.94],[3.34,44.96],[3.35,44.95],[3.36,44.97]]]},"properties":{"code":"48","nom":"Loz\u00e8re"}},{"type":"Feature","geometry":{"type":"Polygon","coordinates":[[[2.87,47.52],[2.85,47.54],[2.86,47.55],[2.87,47.55],[2.89,47.55],[2.91,47.56],[2.91,47.57],[2.96,47.56],[2.98,47.57],[2.99,47.57],[3.01,47.56],[3.03,47.56],[3.06,47.57],[3.08,47.59],[3.1,47.59],[3.12,47.58],[3.12,47.57],[3.12,47.54],[3.14,47.54],[3.16,47.52],[3.17,47.52],[3.19,47.52],[3.2,47.52],[3.23,47.5],[3.24,47.49],[3.25,47.49],[3.28,47.5],[3.29,47.5],[3.3,47.49],[3.31,47.49],[3.35,47.47],[3.36,47.49],[3.38,47.49],[3.4,47.51],[3.43,47.51],[3.45,47.51],[3.46,47.5],[3.49,47.49],[3.49,47.5],[3.49,47.53],[3.49,47.56],[3.5,47.56],[3.51,47.55],[3.51,47.53],[3.52,47.52],[3.54,47.52],[3.56,47.5],[3.58,47.5],[3.58,47.48],[3.58,47.46],[3.59,47.46],[3.6,47.46],[3.6,47.47],[3.62,47.46],[3.66,47.45],[3.67,47.45],[3.68,47.45],[3.67,47.44],[3.68,47.43],[3.71,47.42],[3.71,47.41],[3.73,47.4],[3.74,47.4],[3.77,47.41],[3.78,47.4],[3.79,47.39],[3.8,47.39],[3.82,47.38],[3.83,47.38],[3.83,47.39],[3.82,47.4],[3.85,47.41],[3.85,47.43],[3.85,47.44],[3.88,47.43],[3.89,47.42],[3.89,47.41],[3.88,47.4],[3.86,47.4],[3.86,47.39],[3.87,47.38],[3.87,47.37],[3.89,47.36],[3.9,47.37],[3.91,47.38],[3.93,47.38],[3.94,47.38],[3.95,47.39],[3.97,47.38],[3.97,47.37],[3.97,47.33],[4.0,47.31],[4.03,47.32],[4.03,47.33],[4.04,47.33],[4.05,47.34],[4.08,47.34],[4.09,47.34],[4.11,47.34],[4.11,47.33],[4.12,47.34],[4.13,47.35],[4.14,47.35],[4.12,47.34],[4.12,47.33],[4.13,47.32],[4.11,47.31],[4.12,47.3],[4.11,47.29],[4.12,47.28],[4.12,47.26],[4.12,47.25],[4.14,47.24],[4.17,47.25],[4.18,47.25],[4.19,47.24],[4.22,47.22],[4.23,47.2],[4.21,47.18],[4.21,47.16],[4.2,47.15],[4.18,47.15],[4.14,47.14],[4.12,47.15],[4.12,47.14],[4.11,47.13],[4.12,47.12],[4.11,47.12],[4.1,47.13],[4.09,47.12],[4.06,47.12],[4.05,47.11],[4.05,47.1],[4.04,47.09],[4.04,47.08],[4.07,47.06],[4.07,47.05],[4.06,47.04],[4.06,47.02],[4.05,47.01],[4.04,47.0],[4.0,46.99],[4.0,46.97],[4.01,46.97],[4.03,46.98],[4.04,46.99],[4.04,46.97],[4.06,46.96],[4.04,46.95],[4.04,46.94],[4.05,46.94],[4.04,46.93],[4.04,46.92],[4.05,46.9],[4.06,46.9],[4.08,46.89],[4.09,46.87],[4.1,46.86],[4.09,46.86],[4.08,46.85],[4.06,46.84],[4.04,46.83],[4.06,46.82],[4.06,46.79],[4.06,46.78],[4.05,46.78],[4.04,46.79],[4.02,46.78],[4.0,46.78],[3.99,46.78],[3.96,46.77],[3.96,46.76],[3.94,46.75],[3.92,46.74],[3.89,46.73],[3.88,46.73],[3.87,46.73],[3.85,46.73],[3.84,46.72],[3.84,46.71],[3.83,46.7],[3.81,46.71],[3.8,46.7],[3.78,46.74],[3.75,46.75],[3.74,46.75],[3.7,46.75],[3.69,46.74],[3.66,46.74],[3.65,46.74],[3.64,46.74],[3.63,46.75],[3.62,46.75],[3.6,46.75],[3.6,46.76],[3.59,46.76],[3.58,46.75],[3.58,46.74],[3.6,46.73],[3.6,46.72],[3.58,46.71],[3.55,46.72],[3.55,46.71],[3.56,46.7],[3.55,46.68],[3.53,46.69],[3.52,46.68],[3.49,46.66],[3.49,46.65],[3.46,46.65],[3.45,46.66],[3.45,46.68],[3.45,46.69],[3.43,46.69],[3.43,46.7],[3.43,46.71],[3.41,46.71],[3.39,46.71],[3.38,46.71],[3.38,46.7],[3.37,46.69],[3.35,46.68],[3.31,46.69],[3.3,46.71],[3.27,46.72],[3.26,46.71],[3.23,46.7],[3.22,46.68],[3.2,46.68],[3.16,46.69],[3.13,46.73],[3.08,46.74],[3.06,46.75],[3.05,46.76],[3.04,46.78],[3.03,46.79],[3.04,46.81],[3.06,46.83],[3.05,46.84],[3.07,46.85],[3.07,46.88],[3.06,46.9],[3.05,46.9],[3.05,46.91],[3.06,46.93],[3.06,46.94],[3.08,46.96],[3.07,46.96],[3.06,46.98],[3.07,47.0],[3.08,47.02],[3.07,47.03],[3.06,47.05],[3.03,47.06],[3.02,47.06],[3.02,47.07],[3.02,47.08],[3.03,47.09],[3.03,47.13],[3.02,47.14],[3.02,47.16],[3.01,47.18],[3.0,47.2],[2.98,47.22],[2.98,47.24],[2.98,47.26],[2.97,47.27],[2.94,47.29],[2.93,47.3],[2.91,47.31],[2.88,47.32],[2.87,47.34],[2.87,47.35],[2.9,47.37],[2.9,47.39],[2.92,47.41],[2.92,47.42],[2.93,47.43],[2.93,47.44],[2.92,47.46],[2.91,47.47],[2.9,47.49],[2.89,47.51],[2.87,47.52]]]},"properties":{"code":"58","nom":"Ni\u00e8vre"}},{"type":"Feature","geometry":{"type":"MultiPolygon","coordinates":[[[[2.99,49.21],[2.99,49.22],[3.0,49.22],[2.99,49.21]]],[[[1.78,49.76],[1.8,49.75],[1.81,49.75],[1.82,49.74],[1.84,49.74],[1.84,49.73],[1.82,49.72],[1.84,49.72],[1.84,49.71],[1.85,49.7],[1.87,49.7],[1.88,49.7],[1.89,49.7],[1.91,49.71],[1.93,49.72],[1.95,49.7],[1.96,49.71],[1.96,49.72],[1.99,49.71],[2.0,49.71],[2.01,49.71],[2.03,49.71],[2.04,49.71],[2.05,49.7],[2.06,49.69],[2.05,49.69],[2.07,49.68],[2.08,49.69],[2.09,49.69],[2.1,49.69],[2.11,49.69],[2.12,49.69],[2.14,49.69],[2.16,49.7],[2.19,49.7],[2.21,49.7],[2.22,49.7],[2.25,49.7],[2.28,49.69],[2.3,49.68],[2.32,49.69],[2.33,49.68],[2.34,49.67],[2.35,49.66],[2.36,49.67],[2.37,49.66],[2.39,49.66],[2.41,49.66],[2.42,49.66],[2.45,49.65],[2.46,49.63],[2.47,49.63],[2.48,49.62],[2.49,49.63],[2.5,49.64],[2.52,49.63],[2.53,49.63],[2.55,49.62],[2.57,49.62],[2.56,49.61],[2.57,49.6],[2.58,49.6],[2.59,49.61],[2.6,49.61],[2.61,49.61],[2.62,49.61],[2.63,49.6],[2.63,49.59],[2.65,49.57],[2.67,49.58],[2.67,49.6],[2.67,49.61],[2.68,49.61],[2.69,49.63],[2.71,49.63],[2.72,49.62],[2.74,49.63],[2.76,49.62],[2.78,49.61],[2.8,49.62],[2.79,49.64],[2.79,49.66],[2.81,49.66],[2.84,49.66],[2.85,49.66],[2.85,49.67],[2.85,49.68],[2.86,49.68],[2.89,49.68],[2.87,49.7],[2.88,49.71],[2.89,49.7],[2.92,49.7],[2.93,49.69],[2.93,49.68],[2.94,49.68],[2.95,49.67],[2.96,49.68],[2.95,49.69],[2.97,49.7],[2.99,49.71],[3.0,49.7],[3.01,49.69],[3.02,49.69],[3.03,49.68],[3.04,49.69],[3.05,49.69],[3.06,49.71],[3.08,49.71],[3.08,49.69],[3.1,49.71],[3.12,49.71],[3.13,49.7],[3.12,49.68],[3.13,49.67],[3.1,49.66],[3.11,49.65],[3.11,49.63],[3.09,49.62],[3.12,49.6],[3.14,49.58],[3.13,49.57],[3.13,49.56],[3.13,49.54],[3.13,49.53],[3.12,49.52],[3.1,49.52],[3.1,49.51],[3.12,49.5],[3.12,49.49],[3.12,49.48],[3.11,49.48],[3.11,49.47],[3.15,49.45],[3.16,49.45],[3.16,49.44],[3.13,49.43],[3.12,49.43],[3.11,49.44],[3.1,49.44],[3.09,49.43],[3.1,49.41],[3.09,49.39],[3.1,49.38],[3.08,49.37],[3.07,49.35],[3.06,49.35],[3.06,49.34],[3.04,49.33],[3.03,49.33],[3.0,49.34],[2.99,49.33],[2.97,49.33],[2.97,49.32],[2.98,49.31],[2.97,49.3],[2.98,49.3],[2.99,49.29],[3.01,49.29],[3.03,49.29],[3.04,49.29],[3.04,49.28],[3.03,49.28],[3.03,49.24],[3.04,49.23],[3.03,49.23],[3.02,49.22],[3.01,49.22],[3.02,49.23],[3.0,49.24],[2.96,49.23],[2.96,49.22],[2.97,49.21],[2.97,49.19],[2.98,49.18],[2.99,49.19],[3.0,49.19],[3.02,49.18],[3.02,49.17],[3.04,49.17],[3.04,49.18],[3.02,49.19],[3.0,49.19],[3.0,49.21],[3.02,49.22],[3.03,49.21],[3.04,49.2],[3.05,49.21],[3.06,49.19],[3.08,49.19],[3.09,49.18],[3.1,49.2],[3.12,49.19],[3.11,49.18],[3.12,49.16],[3.14,49.16],[3.14,49.15],[3.12,49.15],[3.11,49.15],[3.11,49.14],[3.09,49.13],[3.09,49.12],[3.07,49.12],[3.06,49.1],[3.06,49.09],[3.05,49.09],[3.03,49.09],[3.01,49.09],[2.99,49.08],[2.99,49.07],[2.97,49.07],[2.97,49.09],[2.94,49.08],[2.92,49.08],[2.9,49.09],[2.89,49.08],[2.88,49.08],[2.87,49.07],[2.86,49.07],[2.85,49.08],[2.84,49.08],[2.82,49.09],[2.81,49.1],[2.79,49.09],[2.79,49.08],[2.76,49.06],[2.74,49.06],[2.73,49.07],[2.72,49.07],[2.71,49.07],[2.69,49.07],[2.68,49.08],[2.67,49.09],[2.63,49.11],[2.62,49.1],[2.61,49.09],[2.59,49.08],[2.58,49.08],[2.58,49.09],[2.56,49.1],[2.55,49.11],[2.56,49.12],[2.54,49.12],[2.53,49.12],[2.53,49.1],[2.49,49.11],[2.5,49.12],[2.48,49.13],[2.46,49.14],[2.44,49.13],[2.44,49.15],[2.42,49.15],[2.39,49.15],[2.38,49.16],[2.37,49.16],[2.36,49.15],[2.35,49.16],[2.32,49.18],[2.31,49.19],[2.3,49.18],[2.29,49.17],[2.29,49.16],[2.27,49.16],[2.26,49.16],[2.25,49.15],[2.22,49.15],[2.24,49.17],[2.22,49.18],[2.2,49.17],[2.18,49.17],[2.16,49.17],[2.16,49.18],[2.13,49.19],[2.11,49.19],[2.1,49.19],[2.09,49.2],[2.08,49.21],[2.07,49.2],[2.04,49.19],[2.02,49.19],[2.0,49.18],[1.97,49.18],[1.96,49.17],[1.95,49.17],[1.93,49.17],[1.89,49.17],[1.89,49.16],[1.88,49.17],[1.85,49.17],[1.84,49.17],[1.83,49.18],[1.81,49.18],[1.8,49.19],[1.79,49.18],[1.78,49.18],[1.76,49.17],[1.74,49.18],[1.74,49.19],[1.73,49.2],[1.72,49.2],[1.72,49.21],[1.73,49.21],[1.73,49.22],[1.73,49.23],[1.7,49.23],[1.7,49.25],[1.71,49.26],[1.75,49.27],[1.76,49.26],[1.77,49.25],[1.79,49.25],[1.79,49.26],[1.8,49.27],[1.79,49.27],[1.8,49.28],[1.78,49.3],[1.77,49.32],[1.77,49.33],[1.76,49.36],[1.76,49.37],[1.75,49.37],[1.74,49.38],[1.72,49.39],[1.74,49.41],[1.71,49.41],[1.72,49.42],[1.72,49.43],[1.73,49.44],[1.74,49.45],[1.75,49.45],[1.75,49.46],[1.77,49.47],[1.78,49.48],[1.77,49.48],[1.79,49.49],[1.79,49.5],[1.77,49.51],[1.76,49.51],[1.74,49.5],[1.73,49.5],[1.72,49.51],[1.73,49.52],[1.75,49.53],[1.74,49.54],[1.73,49.54],[1.73,49.56],[1.71,49.58],[1.72,49.59],[1.71,49.59],[1.71,49.6],[1.7,49.6],[1.7,49.61],[1.72,49.62],[1.72,49.63],[1.7,49.64],[1.7,49.65],[1.72,49.66],[1.73,49.67],[1.75,49.68],[1.75,49.69],[1.74,49.7],[1.72,49.69],[1.72,49.68],[1.7,49.68],[1.69,49.69],[1.71,49.71],[1.72,49.71],[1.71,49.73],[1.72,49.73],[1.74,49.74],[1.74,49.75],[1.75,49.76],[1.78,49.76]]]]},"properties":{"code":"60","nom":"Oise"}},{"type":"Feature","geometry":{"type":"Polygon","coordinates":[[[-0.24,43.58],[-0.22,43.59],[-0.21,43.59],[-0.2,43.58],[-0.18,43.59],[-0.18,43.6],[-0.16,43.58],[-0.15,43.59],[-0.13,43.58],[-0.12,43.59],[-0.11,43.58],[-0.1,43.58],[-0.09,43.56],[-0.09,43.55],[-0.09,43.54],[-0.08,43.55],[-0.06,43.55],[-0.06,43.53],[-0.04,43.53],[-0.04,43.51],[-0.05,43.49],[-0.03,43.49],[-0.03,43.47],[-0.02,43.47],[-0.07,43.46],[-0.06,43.45],[-0.07,43.44],[-0.06,43.43],[-0.05,43.42],[-0.06,43.42],[-0.07,43.41],[-0.04,43.41],[-0.03,43.43],[-0.02,43.43],[-0.02,43.44],[-0.0,43.44],[-0.0,43.43],[0.01,43.42],[-0.0,43.4],[0.01,43.39],[-0.01,43.37],[0.01,43.36],[0.02,43.35],[0.03,43.34],[0.01,43.33],[-0.0,43.33],[-0.02,43.33],[-0.03,43.31],[-0.05,43.3],[-0.04,43.29],[-0.02,43.28],[-0.02,43.27],[-0.03,43.26],[-0.02,43.25],[-0.04,43.24],[-0.05,43.23],[-0.05,43.22],[-0.07,43.22],[-0.07,43.18],[-0.1,43.18],[-0.1,43.17],[-0.11,43.18],[-0.12,43.18],[-0.13,43.16],[-0.14,43.15],[-0.14,43.14],[-0.15,43.13],[-0.17,43.12],[-0.17,43.11],[-0.19,43.11],[-0.2,43.1],[-0.19,43.09],[-0.19,43.08],[-0.2,43.07],[-0.2,43.06],[-0.19,43.05],[-0.21,43.04],[-0.22,43.03],[-0.24,43.04],[-0.26,43.04],[-0.26,43.02],[-0.26,43.01],[-0.29,43.01],[-0.29,42.99],[-0.29,42.96],[-0.28,42.94],[-0.28,42.93],[-0.29,42.93],[-0.3,42.93],[-0.31,42.92],[-0.33,42.92],[-0.32,42.91],[-0.32,42.9],[-0.32,42.88],[-0.31,42.87],[-0.31,42.85],[-0.32,42.84],[-0.35,42.84],[-0.36,42.83],[-0.36,42.82],[-0.38,42.81],[-0.39,42.8],[-0.41,42.81],[-0.42,42.81],[-0.44,42.8],[-0.46,42.81],[-0.47,42.81],[-0.51,42.83],[-0.52,42.81],[-0.52,42.8],[-0.53,42.79],[-0.54,42.79],[-0.55,42.78],[-0.57,42.78],[-0.56,42.8],[-0.57,42.81],[-0.58,42.81],[-0.59,42.8],[-0.6,42.81],[-0.6,42.82],[-0.6,42.83],[-0.62,42.84],[-0.64,42.85],[-0.65,42.86],[-0.66,42.86],[-0.66,42.87],[-0.68,42.88],[-0.7,42.88],[-0.72,42.89],[-0.73,42.9],[-0.73,42.91],[-0.73,42.92],[-0.73,42.93],[-0.73,42.94],[-0.74,42.95],[-0.75,42.97],[-0.76,42.97],[-0.79,42.96],[-0.8,42.96],[-0.81,42.95],[-0.84,42.95],[-0.87,42.95],[-0.88,42.96],[-0.9,42.96],[-0.91,42.96],[-0.92,42.96],[-0.95,42.95],[-0.96,42.96],[-0.98,42.96],[-0.98,42.97],[-1.0,42.98],[-1.01,42.99],[-1.02,42.99],[-1.03,42.99],[-1.07,43.0],[-1.08,43.0],[-1.09,43.01],[-1.11,43.02],[-1.12,43.02],[-1.13,43.01],[-1.14,43.01],[-1.15,43.03],[-1.17,43.04],[-1.18,43.03],[-1.21,43.05],[-1.23,43.05],[-1.25,43.04],[-1.26,43.04],[-1.27,43.05],[-1.29,43.06],[-1.31,43.07],[-1.3,43.09],[-1.27,43.12],[-1.32,43.11],[-1.33,43.11],[-1.34,43.1],[-1.34,43.08],[-1.35,43.05],[-1.35,43.03],[-1.44,43.05],[-1.47,43.08],[-1.47,43.09],[-1.46,43.1],[-1.44,43.11],[-1.42,43.12],[-1.41,43.13],[-1.41,43.14],[-1.42,43.15],[-1.41,43.16],[-1.4,43.16],[-1.4,43.18],[-1.38,43.19],[-1.39,43.2],[-1.38,43.22],[-1.38,43.23],[-1.38,43.25],[-1.41,43.27],[-1.43,43.27],[-1.44,43.27],[-1.47,43.27],[-1.5,43.28],[-1.51,43.29],[-1.53,43.29],[-1.55,43.29],[-1.56,43.29],[-1.56,43.28],[-1.57,43.26],[-1.58,43.25],[-1.6,43.25],[-1.61,43.25],[-1.62,43.26],[-1.63,43.28],[-1.62,43.3],[-1.62,43.31],[-1.64,43.31],[-1.65,43.31],[-1.67,43.31],[-1.68,43.31],[-1.7,43.31],[-1.71,43.3],[-1.73,43.3],[-1.74,43.31],[-1.74,43.32],[-1.74,43.33],[-1.75,43.33],[-1.76,43.34],[-1.78,43.34],[-1.79,43.35],[-1.78,43.36],[-1.79,43.37],[-1.77,43.37],[-1.76,43.38],[-1.75,43.39],[-1.74,43.38],[-1.69,43.4],[-1.68,43.39],[-1.67,43.39],[-1.66,43.39],[-1.66,43.4],[-1.66,43.41],[-1.64,43.41],[-1.63,43.42],[-1.61,43.43],[-1.6,43.44],[-1.59,43.45],[-1.58,43.46],[-1.57,43.48],[-1.55,43.5],[-1.53,43.52],[-1.52,43.53],[-1.5,43.53],[-1.49,43.54],[-1.48,43.54],[-1.46,43.53],[-1.46,43.52],[-1.44,43.51],[-1.42,43.51],[-1.42,43.5],[-1.39,43.5],[-1.37,43.49],[-1.33,43.5],[-1.3,43.5],[-1.29,43.5],[-1.27,43.51],[-1.22,43.53],[-1.2,43.55],[-1.17,43.55],[-1.16,43.54],[-1.16,43.53],[-1.13,43.52],[-1.13,43.51],[-1.17,43.51],[-1.17,43.49],[-1.16,43.49],[-1.15,43.5],[-1.15,43.49],[-1.14,43.49],[-1.14,43.5],[-1.12,43.5],[-1.11,43.51],[-1.09,43.51],[-1.08,43.52],[-1.07,43.52],[-1.07,43.51],[-1.05,43.51],[-1.03,43.51],[-1.02,43.5],[-1.01,43.51],[-0.99,43.51],[-0.99,43.53],[-1.0,43.53],[-0.99,43.54],[-0.98,43.54],[-0.96,43.53],[-0.95,43.53],[-0.94,43.54],[-0.93,43.53],[-0.92,43.54],[-0.91,43.55],[-0.9,43.55],[-0.86,43.54],[-0.84,43.54],[-0.84,43.55],[-0.83,43.56],[-0.82,43.56],[-0.8,43.56],[-0.79,43.56],[-0.78,43.56],[-0.78,43.58],[-0.77,43.58],[-0.75,43.56],[-0.73,43.56],[-0.73,43.55],[-0.72,43.54],[-0.71,43.56],[-0.7,43.56],[-0.69,43.56],[-0.67,43.57],[-0.64,43.57],[-0.66,43.56],[-0.65,43.56],[-0.63,43.55],[-0.62,43.54],[-0.6,43.54],[-0.58,43.55],[-0.57,43.56],[-0.56,43.54],[-0.53,43.55],[-0.53,43.56],[-0.51,43.56],[-0.51,43.57],[-0.47,43.59],[-0.45,43.6],[-0.43,43.59],[-0.44,43.58],[-0.45,43.57],[-0.46,43.57],[-0.45,43.56],[-0.45,43.55],[-0.44,43.55],[-0.41,43.57],[-0.38,43.57],[-0.35,43.56],[-0.34,43.55],[-0.33,43.56],[-0.3,43.56],[-0.3,43.57],[-0.29,43.57],[-0.28,43.58],[-0.26,43.59],[-0.25,43.58],[-0.24,43.58]],[[-0.1,43.36],[-0.09,43.36],[-0.09,43.34],[-0.1,43.33],[-0.11,43.34],[-0.12,43.33],[-0.11,43.32],[-0.1,43.31],[-0.08,43.31],[-0.07,43.32],[-0.06,43.35],[-0.07,43.36],[-0.08,43.36],[-0.09,43.37],[-0.11,43.37],[-0.1,43.36]],[[-0.1,43.24],[-0.1,43.25],[-0.09,43.25],[-0.08,43.26],[-0.08,43.27],[-0.1,43.29],[-0.09,43.3],[-0.11,43.31],[-0.12,43.31],[-0.13,43.29],[-0.14,43.28],[-0.14,43.27],[-0.13,43.26],[-0.12,43.24],[-0.1,43.24]]]},"properties":{"code":"64","nom":"Pyr\u00e9n\u00e9es-Atlantiques"}},{"type":"Feature","geometry":{"type":"Polygon","coordinates":[[[4.39,46.22],[4.39,46.25],[4.39,46.26],[4.41,46.3],[4.42,46.29],[4.43,46.3],[4.44,46.29],[4.46,46.3],[4.48,46.28],[4.49,46.29],[4.5,46.27],[4.54,46.27],[4.55,46.27],[4.55,46.28],[4.56,46.29],[4.57,46.29],[4.57,46.28],[4.59,46.27],[4.62,46.26],[4.62,46.27],[4.62,46.28],[4.63,46.29],[4.64,46.3],[4.65,46.3],[4.67,46.3],[4.68,46.3],[4.69,46.3],[4.69,46.29],[4.71,46.28],[4.71,46.27],[4.69,46.27],[4.68,46.26],[4.69,46.25],[4.7,46.25],[4.74,46.23],[4.73,46.23],[4.72,46.22],[4.74,46.21],[4.72,46.2],[4.72,46.18],[4.73,46.18],[4.76,46.17],[4.76,46.18],[4.78,46.18],[4.78,46.17],[4.8,46.16],[4.8,46.14],[4.77,46.12],[4.77,46.11],[4.75,46.09],[4.75,46.08],[4.76,46.08],[4.76,46.07],[4.76,46.06],[4.74,46.05],[4.75,46.04],[4.74,46.02],[4.75,46.01],[4.75,45.98],[4.75,45.97],[4.75,45.96],[4.73,45.95],[4.74,45.94],[4.75,45.93],[4.77,45.94],[4.78,45.93],[4.79,45.92],[4.81,45.92],[4.81,45.91],[4.81,45.9],[4.83,45.91],[4.85,45.91],[4.86,45.9],[4.87,45.89],[4.88,45.9],[4.88,45.88],[4.91,45.87],[4.9,45.86],[4.92,45.85],[4.92,45.83],[4.92,45.81],[4.92,45.8],[4.94,45.81],[4.96,45.81],[4.98,45.81],[5.0,45.81],[5.02,45.81],[5.04,45.81],[5.05,45.81],[5.07,45.81],[5.1,45.81],[5.09,45.78],[5.06,45.79],[5.06,45.78],[5.07,45.77],[5.09,45.77],[5.09,45.75],[5.09,45.74],[5.12,45.74],[5.13,45.73],[5.15,45.72],[5.16,45.71],[5.14,45.7],[5.13,45.71],[5.12,45.7],[5.1,45.7],[5.11,45.69],[5.09,45.68],[5.08,45.67],[5.05,45.66],[5.06,45.65],[5.04,45.65],[5.04,45.64],[5.04,45.62],[5.0,45.62],[4.99,45.62],[5.0,45.61],[5.0,45.6],[4.97,45.61],[4.96,45.61],[4.94,45.61],[4.93,45.61],[4.9,45.61],[4.89,45.6],[4.88,45.6],[4.87,45.6],[4.86,45.59],[4.86,45.58],[4.81,45.59],[4.8,45.59],[4.78,45.59],[4.78,45.58],[4.81,45.57],[4.83,45.55],[4.84,45.54],[4.86,45.54],[4.87,45.53],[4.87,45.52],[4.84,45.5],[4.83,45.5],[4.81,45.48],[4.78,45.47],[4.78,45.46],[4.76,45.46],[4.74,45.47],[4.74,45.49],[4.72,45.49],[4.7,45.48],[4.68,45.48],[4.66,45.49],[4.65,45.5],[4.65,45.52],[4.65,45.53],[4.66,45.54],[4.67,45.55],[4.68,45.55],[4.69,45.56],[4.68,45.57],[4.67,45.57],[4.66,45.56],[4.65,45.56],[4.66,45.54],[4.64,45.54],[4.64,45.55],[4.63,45.57],[4.61,45.58],[4.6,45.57],[4.59,45.57],[4.57,45.58],[4.55,45.58],[4.54,45.58],[4.52,45.57],[4.5,45.58],[4.51,45.58],[4.48,45.59],[4.47,45.59],[4.45,45.6],[4.44,45.62],[4.41,45.63],[4.39,45.65],[4.39,45.66],[4.37,45.67],[4.37,45.69],[4.37,45.7],[4.38,45.72],[4.39,45.74],[4.4,45.74],[4.39,45.75],[4.36,45.75],[4.35,45.77],[4.36,45.78],[4.38,45.78],[4.38,45.79],[4.37,45.81],[4.39,45.81],[4.38,45.82],[4.38,45.83],[4.39,45.84],[4.38,45.85],[4.39,45.85],[4.39,45.87],[4.38,45.86],[4.36,45.87],[4.34,45.88],[4.34,45.89],[4.32,45.9],[4.35,45.92],[4.34,45.92],[4.34,45.93],[4.32,45.94],[4.31,45.95],[4.29,45.95],[4.3,45.96],[4.3,45.97],[4.29,45.97],[4.28,45.98],[4.25,45.98],[4.25,45.99],[4.24,46.0],[4.28,45.99],[4.29,46.0],[4.3,45.99],[4.31,46.01],[4.31,46.02],[4.29,46.02],[4.28,46.02],[4.26,46.04],[4.25,46.05],[4.28,46.05],[4.3,46.06],[4.31,46.08],[4.31,46.11],[4.32,46.12],[4.32,46.13],[4.33,46.14],[4.34,46.13],[4.36,46.14],[4.37,46.15],[4.38,46.15],[4.41,46.14],[4.42,46.14],[4.43,46.15],[4.43,46.16],[4.44,46.17],[4.42,46.18],[4.41,46.18],[4.4,46.19],[4.4,46.2],[4.42,46.2],[4.42,46.21],[4.41,46.22],[4.39,46.22]]]},"properties":{"code":"69","nom":"Rh\u00f4ne"}},{"type":"Feature","geometry":{"type":"Polygon","coordinates":[[[4.12,47.12],[4.13,47.13],[4.15,47.11],[4.16,47.12],[4.17,47.12],[4.18,47.13],[4.19,47.13],[4.19,47.15],[4.18,47.15],[4.2,47.15],[4.21,47.16],[4.22,47.15],[4.24,47.14],[4.24,47.13],[4.25,47.13],[4.26,47.11],[4.27,47.11],[4.29,47.11],[4.3,47.11],[4.31,47.1],[4.34,47.1],[4.35,47.1],[4.34,47.07],[4.35,47.06],[4.36,47.07],[4.37,47.08],[4.38,47.08],[4.41,47.08],[4.42,47.08],[4.41,47.07],[4.41,47.05],[4.42,47.05],[4.43,47.04],[4.45,47.04],[4.47,47.04],[4.47,47.03],[4.49,47.03],[4.5,47.02],[4.51,47.01],[4.53,47.01],[4.55,47.02],[4.56,47.02],[4.56,47.0],[4.55,47.0],[4.55,46.99],[4.57,46.99],[4.57,46.98],[4.57,46.97],[4.59,46.97],[4.59,46.95],[4.6,46.95],[4.62,46.95],[4.62,46.94],[4.65,46.94],[4.66,46.94],[4.68,46.93],[4.66,46.91],[4.69,46.9],[4.72,46.91],[4.73,46.92],[4.74,46.92],[4.76,46.92],[4.78,46.92],[4.79,46.92],[4.79,46.93],[4.82,46.93],[4.82,46.94],[4.87,46.95],[4.89,46.95],[4.89,46.96],[4.9,46.97],[4.92,46.97],[4.97,46.96],[4.98,46.96],[5.0,46.96],[5.0,46.97],[5.01,46.97],[5.03,46.98],[5.05,46.98],[5.08,46.96],[5.09,46.96],[5.11,46.96],[5.12,46.96],[5.15,46.97],[5.17,46.96],[5.18,46.97],[5.2,46.98],[5.21,46.98],[5.22,46.99],[5.26,46.98],[5.25,46.97],[5.26,46.96],[5.26,46.95],[5.26,46.94],[5.27,46.93],[5.29,46.94],[5.31,46.94],[5.31,46.92],[5.32,46.9],[5.33,46.89],[5.34,46.89],[5.35,46.89],[5.36,46.88],[5.39,46.89],[5.4,46.89],[5.4,46.88],[5.4,46.87],[5.41,46.86],[5.44,46.86],[5.45,46.86],[5.46,46.86],[5.46,46.84],[5.46,46.83],[5.44,46.83],[5.42,46.83],[5.41,46.83],[5.39,46.83],[5.37,46.83],[5.35,46.81],[5.34,46.82],[5.33,46.81],[5.33,46.8],[5.34,46.79],[5.36,46.79],[5.37,46.78],[5.38,46.78],[5.39,46.77],[5.39,46.76],[5.37,46.75],[5.36,46.73],[5.39,46.73],[5.4,46.72],[5.39,46.71],[5.41,46.7],[5.4,46.69],[5.42,46.67],[5.43,46.66],[5.42,46.65],[5.44,46.64],[5.44,46.63],[5.42,46.62],[5.4,46.61],[5.41,46.6],[5.4,46.58],[5.38,46.58],[5.36,46.58],[5.37,46.57],[5.36,46.56],[5.36,46.55],[5.36,46.52],[5.37,46.52],[5.38,46.52],[5.39,46.51],[5.41,46.5],[5.42,46.5],[5.42,46.49],[5.42,46.47],[5.4,46.47],[5.39,46.47],[5.37,46.46],[5.32,46.46],[5.31,46.45],[5.28,46.45],[5.25,46.45],[5.25,46.46],[5.24,46.46],[5.23,46.47],[5.22,46.47],[5.21,46.48],[5.21,46.49],[5.2,46.51],[5.18,46.51],[5.17,46.51],[5.14,46.51],[5.12,46.49],[5.11,46.49],[5.1,46.5],[5.07,46.49],[5.05,46.48],[5.01,46.5],[5.01,46.51],[4.98,46.52],[4.96,46.51],[4.95,46.5],[4.94,46.52],[4.93,46.51],[4.93,46.5],[4.92,46.49],[4.92,46.47],[4.91,46.46],[4.9,46.45],[4.89,46.44],[4.89,46.4],[4.87,46.38],[4.86,46.37],[4.85,46.36],[4.85,46.33],[4.83,46.3],[4.83,46.27],[4.81,46.26],[4.81,46.25],[4.81,46.24],[4.79,46.22],[4.79,46.2],[4.78,46.19],[4.78,46.18],[4.76,46.18],[4.76,46.17],[4.73,46.18],[4.72,46.18],[4.72,46.2],[4.74,46.21],[4.72,46.22],[4.73,46.23],[4.74,46.23],[4.7,46.25],[4.69,46.25],[4.68,46.26],[4.69,46.27],[4.71,46.27],[4.71,46.28],[4.69,46.29],[4.69,46.3],[4.68,46.3],[4.67,46.3],[4.65,46.3],[4.64,46.3],[4.63,46.29],[4.62,46.28],[4.62,46.27],[4.62,46.26],[4.59,46.27],[4.57,46.28],[4.57,46.29],[4.56,46.29],[4.55,46.28],[4.55,46.27],[4.54,46.27],[4.5,46.27],[4.49,46.29],[4.48,46.28],[4.46,46.3],[4.44,46.29],[4.43,46.3],[4.42,46.29],[4.41,46.3],[4.39,46.26],[4.39,46.25],[4.39,46.22],[4.39,46.21],[4.38,46.21],[4.36,46.2],[4.37,46.19],[4.36,46.18],[4.35,46.19],[4.34,46.18],[4.33,46.18],[4.32,46.17],[4.3,46.17],[4.28,46.16],[4.25,46.16],[4.25,46.17],[4.26,46.18],[4.25,46.19],[4.24,46.19],[4.23,46.18],[4.22,46.18],[4.21,46.19],[4.19,46.19],[4.19,46.18],[4.17,46.17],[4.13,46.18],[4.1,46.2],[4.09,46.19],[4.07,46.19],[4.06,46.19],[4.05,46.18],[4.03,46.17],[3.99,46.17],[3.98,46.18],[3.97,46.19],[3.97,46.2],[3.93,46.21],[3.92,46.2],[3.91,46.21],[3.89,46.21],[3.9,46.23],[3.9,46.24],[3.91,46.24],[3.91,46.26],[3.91,46.27],[3.9,46.28],[3.89,46.29],[3.9,46.29],[3.91,46.3],[3.93,46.3],[3.94,46.3],[3.95,46.3],[3.95,46.32],[3.99,46.32],[4.0,46.32],[3.98,46.33],[3.99,46.36],[3.99,46.37],[3.98,46.38],[3.98,46.4],[3.99,46.41],[3.98,46.42],[4.0,46.43],[3.99,46.44],[4.01,46.44],[4.0,46.45],[4.0,46.46],[4.0,46.47],[3.97,46.48],[3.96,46.48],[3.95,46.48],[3.96,46.49],[3.95,46.49],[3.94,46.49],[3.92,46.5],[3.9,46.49],[3.9,46.48],[3.89,46.48],[3.86,46.49],[3.86,46.5],[3.86,46.51],[3.86,46.52],[3.85,46.51],[3.84,46.52],[3.85,46.52],[3.83,46.53],[3.82,46.53],[3.81,46.52],[3.8,46.52],[3.79,46.53],[3.77,46.54],[3.75,46.54],[3.74,46.54],[3.73,46.55],[3.74,46.56],[3.74,46.57],[3.73,46.6],[3.72,46.61],[3.71,46.61],[3.72,46.62],[3.72,46.63],[3.71,46.63],[3.7,46.65],[3.7,46.66],[3.68,46.67],[3.66,46.69],[3.65,46.7],[3.64,46.71],[3.64,46.72],[3.64,46.73],[3.62,46.74],[3.63,46.75],[3.64,46.74],[3.65,46.74],[3.66,46.74],[3.69,46.74],[3.7,46.75],[3.74,46.75],[3.75,46.75],[3.78,46.74],[3.8,46.7],[3.81,46.71],[3.83,46.7],[3.84,46.71],[3.84,46.72],[3.85,46.73],[3.87,46.73],[3.88,46.73],[3.89,46.73],[3.92,46.74],[3.94,46.75],[3.96,46.76],[3.96,46.77],[3.99,46.78],[4.0,46.78],[4.02,46.78],[4.04,46.79],[4.05,46.78],[4.06,46.78],[4.06,46.79],[4.06,46.82],[4.04,46.83],[4.06,46.84],[4.08,46.85],[4.09,46.86],[4.1,46.86],[4.09,46.87],[4.08,46.89],[4.06,46.9],[4.05,46.9],[4.04,46.92],[4.04,46.93],[4.05,46.94],[4.04,46.94],[4.04,46.95],[4.06,46.96],[4.04,46.97],[4.04,46.99],[4.03,46.98],[4.01,46.97],[4.0,46.97],[4.0,46.99],[4.04,47.0],[4.05,47.01],[4.06,47.02],[4.06,47.04],[4.07,47.05],[4.07,47.06],[4.04,47.08],[4.04,47.09],[4.05,47.1],[4.05,47.11],[4.06,47.12],[4.09,47.12],[4.1,47.13],[4.11,47.12],[4.12,47.12]]]},"properties":{"code":"71","nom":"Sa\u00f4ne-et-Loire"}},{"type":"Feature","geometry":{"type":"Polygon","coordinates":[[[2.32,48.9],[2.39,48.9],[2.4,48.89],[2.41,48.87],[2.42,48.85],[2.41,48.83],[2.42,48.84],[2.43,48.84],[2.45,48.84],[2.46,48.84],[2.47,48.83],[2.46,48.82],[2.44,48.82],[2.41,48.83],[2.39,48.83],[2.36,48.82],[2.33,48.82],[2.29,48.83],[2.28,48.83],[2.27,48.83],[2.26,48.83],[2.25,48.85],[2.22,48.85],[2.23,48.87],[2.26,48.88],[2.28,48.88],[2.29,48.89],[2.32,48.9]]]},"properties":{"code":"75","nom":"Paris"}},{"type":"Feature","geometry":{"type":"Polygon","coordinates":[[[2.2,48.91],[2.18,48.9],[2.17,48.89],[2.15,48.87],[2.15,48.85],[2.15,48.84],[2.15,48.82],[2.16,48.81],[2.18,48.81],[2.18,48.8],[2.2,48.8],[2.21,48.79],[2.22,48.79],[2.23,48.78],[2.21,48.77],[2.19,48.78],[2.19,48.76],[2.18,48.76],[2.17,48.76],[2.16,48.75],[2.15,48.75],[2.14,48.75],[2.13,48.74],[2.11,48.74],[2.1,48.73],[2.11,48.72],[2.11,48.71],[2.1,48.7],[2.1,48.69],[2.09,48.69],[2.08,48.69],[2.05,48.69],[2.04,48.68],[2.03,48.66],[2.01,48.66],[2.01,48.65],[2.02,48.64],[2.04,48.64],[2.03,48.63],[2.05,48.62],[2.06,48.62],[2.05,48.61],[2.03,48.6],[2.04,48.59],[2.02,48.57],[2.02,48.56],[2.0,48.56],[1.98,48.56],[1.96,48.56],[1.95,48.56],[1.94,48.56],[1.93,48.55],[1.97,48.53],[1.95,48.52],[1.94,48.5],[1.93,48.48],[1.91,48.47],[1.92,48.46],[1.92,48.45],[1.91,48.45],[1.91,48.44],[1.88,48.44],[1.84,48.45],[1.84,48.47],[1.8,48.47],[1.8,48.48],[1.79,48.49],[1.79,48.5],[1.78,48.51],[1.78,48.53],[1.79,48.55],[1.77,48.56],[1.77,48.57],[1.75,48.58],[1.74,48.57],[1.71,48.58],[1.7,48.58],[1.72,48.61],[1.71,48.61],[1.69,48.61],[1.68,48.62],[1.67,48.61],[1.66,48.62],[1.66,48.63],[1.65,48.63],[1.65,48.64],[1.64,48.64],[1.64,48.65],[1.63,48.65],[1.62,48.65],[1.6,48.66],[1.61,48.68],[1.61,48.69],[1.58,48.7],[1.59,48.71],[1.62,48.74],[1.63,48.75],[1.6,48.76],[1.58,48.76],[1.59,48.77],[1.58,48.78],[1.58,48.79],[1.58,48.81],[1.59,48.81],[1.58,48.83],[1.59,48.83],[1.6,48.84],[1.58,48.84],[1.58,48.85],[1.58,48.86],[1.57,48.87],[1.56,48.87],[1.55,48.87],[1.56,48.88],[1.56,48.89],[1.54,48.91],[1.54,48.92],[1.52,48.92],[1.51,48.92],[1.51,48.94],[1.5,48.94],[1.5,48.95],[1.5,48.97],[1.52,48.98],[1.51,48.98],[1.5,48.98],[1.48,48.98],[1.47,48.98],[1.46,48.99],[1.48,49.0],[1.47,49.02],[1.46,49.03],[1.45,49.05],[1.46,49.06],[1.48,49.05],[1.5,49.06],[1.51,49.07],[1.52,49.07],[1.55,49.07],[1.56,49.07],[1.57,49.08],[1.6,49.08],[1.61,49.08],[1.61,49.07],[1.63,49.08],[1.64,49.08],[1.66,49.08],[1.67,49.08],[1.7,49.07],[1.69,49.06],[1.72,49.05],[1.72,49.04],[1.74,49.05],[1.75,49.05],[1.76,49.06],[1.78,49.06],[1.79,49.06],[1.8,49.06],[1.8,49.07],[1.82,49.08],[1.84,49.07],[1.84,49.06],[1.87,49.06],[1.86,49.05],[1.85,49.04],[1.87,49.02],[1.88,49.02],[1.88,49.03],[1.91,49.05],[1.94,49.02],[1.95,49.02],[1.97,49.02],[1.99,49.02],[2.01,49.0],[2.02,49.0],[2.05,49.0],[2.06,49.01],[2.08,49.0],[2.08,49.01],[2.11,49.01],[2.12,49.02],[2.13,49.01],[2.12,48.99],[2.13,48.99],[2.15,48.99],[2.17,48.98],[2.18,48.96],[2.17,48.95],[2.21,48.95],[2.21,48.94],[2.2,48.94],[2.2,48.91]]]},"properties":{"code":"78","nom":"Yvelines"}},{"type":"Feature","geometry":{"type":"Polygon","coordinates":[[[1.99,44.15],[2.02,44.16],[2.03,44.17],[2.06,44.17],[2.05,44.19],[2.07,44.19],[2.07,44.18],[2.08,44.18],[2.09,44.19],[2.1,44.18],[2.11,44.18],[2.11,44.19],[2.13,44.2],[2.14,44.2],[2.15,44.2],[2.16,44.18],[2.18,44.18],[2.19,44.16],[2.21,44.17],[2.22,44.17],[2.24,44.16],[2.22,44.15],[2.21,44.15],[2.19,44.15],[2.18,44.14],[2.19,44.14],[2.22,44.14],[2.24,44.13],[2.27,44.15],[2.28,44.15],[2.3,44.14],[2.29,44.12],[2.31,44.12],[2.32,44.12],[2.36,44.1],[2.39,44.09],[2.41,44.07],[2.41,44.06],[2.42,44.05],[2.46,44.05],[2.46,44.03],[2.48,44.03],[2.49,44.02],[2.5,44.01],[2.49,44.0],[2.51,43.99],[2.52,43.98],[2.52,43.97],[2.52,43.96],[2.5,43.95],[2.52,43.94],[2.54,43.93],[2.56,43.92],[2.55,43.9],[2.56,43.89],[2.58,43.88],[2.57,43.87],[2.56,43.84],[2.58,43.83],[2.59,43.82],[2.6,43.82],[2.61,43.8],[2.62,43.79],[2.63,43.78],[2.66,43.76],[2.68,43.74],[2.71,43.74],[2.72,43.74],[2.74,43.73],[2.78,43.74],[2.79,43.75],[2.81,43.76],[2.82,43.76],[2.83,43.75],[2.86,43.75],[2.87,43.74],[2.9,43.74],[2.92,43.74],[2.92,43.71],[2.94,43.69],[2.92,43.69],[2.92,43.68],[2.92,43.66],[2.91,43.65],[2.88,43.66],[2.87,43.65],[2.86,43.64],[2.84,43.64],[2.83,43.64],[2.82,43.64],[2.79,43.62],[2.78,43.62],[2.77,43.62],[2.75,43.61],[2.74,43.62],[2.74,43.63],[2.72,43.64],[2.71,43.65],[2.69,43.65],[2.65,43.65],[2.64,43.65],[2.64,43.63],[2.63,43.61],[2.61,43.6],[2.63,43.59],[2.63,43.58],[2.62,43.57],[2.63,43.55],[2.66,43.53],[2.66,43.5],[2.65,43.5],[2.66,43.48],[2.67,43.47],[2.66,43.46],[2.65,43.47],[2.64,43.47],[2.65,43.46],[2.62,43.44],[2.61,43.44],[2.61,43.43],[2.59,43.43],[2.58,43.43],[2.57,43.42],[2.55,43.42],[2.52,43.42],[2.5,43.43],[2.5,43.44],[2.47,43.44],[2.46,43.43],[2.43,43.44],[2.41,43.42],[2.4,43.42],[2.39,43.42],[2.38,43.42],[2.37,43.42],[2.35,43.43],[2.33,43.44],[2.31,43.44],[2.3,43.45],[2.28,43.44],[2.26,43.46],[2.25,43.45],[2.24,43.44],[2.22,43.43],[2.22,43.42],[2.23,43.41],[2.23,43.4],[2.22,43.38],[2.2,43.39],[2.19,43.39],[2.17,43.42],[2.16,43.42],[2.14,43.4],[2.13,43.4],[2.11,43.4],[2.09,43.4],[2.07,43.4],[2.07,43.41],[2.05,43.43],[2.03,43.44],[2.01,43.45],[2.02,43.46],[2.02,43.47],[2.03,43.48],[2.04,43.48],[2.05,43.49],[2.05,43.51],[2.03,43.5],[2.03,43.51],[2.02,43.5],[2.02,43.49],[2.01,43.48],[2.0,43.48],[1.98,43.48],[1.98,43.49],[1.96,43.49],[1.95,43.49],[1.92,43.51],[1.92,43.5],[1.9,43.51],[1.88,43.52],[1.88,43.53],[1.87,43.53],[1.88,43.54],[1.85,43.55],[1.85,43.57],[1.84,43.58],[1.82,43.58],[1.81,43.58],[1.78,43.59],[1.77,43.59],[1.77,43.6],[1.76,43.6],[1.75,43.6],[1.72,43.61],[1.71,43.62],[1.7,43.62],[1.69,43.63],[1.7,43.64],[1.71,43.65],[1.73,43.66],[1.72,43.67],[1.72,43.69],[1.7,43.69],[1.66,43.69],[1.67,43.7],[1.68,43.7],[1.71,43.72],[1.69,43.73],[1.66,43.74],[1.65,43.75],[1.66,43.76],[1.65,43.78],[1.64,43.78],[1.64,43.8],[1.63,43.8],[1.59,43.82],[1.59,43.84],[1.57,43.85],[1.56,43.87],[1.55,43.9],[1.56,43.92],[1.57,43.92],[1.57,43.94],[1.56,43.94],[1.54,43.95],[1.55,43.96],[1.57,43.97],[1.59,43.96],[1.61,43.96],[1.62,43.96],[1.62,43.97],[1.64,43.99],[1.65,43.99],[1.66,44.0],[1.65,44.01],[1.66,44.01],[1.67,44.01],[1.67,44.02],[1.69,44.02],[1.7,44.04],[1.7,44.06],[1.68,44.07],[1.67,44.06],[1.66,44.07],[1.67,44.08],[1.67,44.09],[1.65,44.1],[1.65,44.11],[1.66,44.12],[1.68,44.11],[1.71,44.12],[1.72,44.11],[1.75,44.12],[1.75,44.11],[1.76,44.11],[1.78,44.1],[1.79,44.1],[1.79,44.11],[1.8,44.12],[1.81,44.13],[1.83,44.11],[1.84,44.11],[1.83,44.13],[1.83,44.14],[1.84,44.14],[1.85,44.14],[1.86,44.14],[1.87,44.14],[1.88,44.14],[1.9,44.14],[1.9,44.13],[1.92,44.14],[1.91,44.15],[1.89,44.16],[1.91,44.16],[1.92,44.16],[1.95,44.15],[1.97,44.14],[1.99,44.15]]]},"properties":{"code":"81","nom":"Tarn"}},{"type":"Feature","geometry":{"type":"Polygon","coordinates":[[[1.06,44.38],[1.08,44.38],[1.1,44.39],[1.11,44.39],[1.13,44.39],[1.13,44.38],[1.13,44.37],[1.11,44.37],[1.09,44.37],[1.09,44.36],[1.08,44.35],[1.09,44.35],[1.1,44.35],[1.11,44.34],[1.11,44.33],[1.11,44.32],[1.13,44.32],[1.14,44.32],[1.15,44.31],[1.16,44.31],[1.17,44.31],[1.18,44.31],[1.18,44.29],[1.2,44.28],[1.22,44.28],[1.23,44.28],[1.25,44.27],[1.26,44.29],[1.27,44.28],[1.28,44.29],[1.3,44.29],[1.29,44.27],[1.3,44.26],[1.28,44.25],[1.29,44.24],[1.28,44.24],[1.31,44.23],[1.32,44.23],[1.34,44.23],[1.36,44.2],[1.38,44.22],[1.42,44.24],[1.43,44.24],[1.44,44.25],[1.45,44.25],[1.45,44.27],[1.46,44.27],[1.47,44.28],[1.5,44.27],[1.51,44.27],[1.52,44.26],[1.52,44.25],[1.53,44.24],[1.54,44.23],[1.58,44.24],[1.59,44.25],[1.58,44.26],[1.58,44.27],[1.56,44.27],[1.56,44.28],[1.58,44.28],[1.57,44.3],[1.58,44.3],[1.59,44.3],[1.61,44.3],[1.62,44.3],[1.62,44.28],[1.63,44.27],[1.64,44.27],[1.65,44.29],[1.63,44.29],[1.64,44.3],[1.65,44.29],[1.66,44.29],[1.68,44.3],[1.7,44.31],[1.72,44.31],[1.73,44.32],[1.74,44.33],[1.76,44.33],[1.77,44.31],[1.78,44.31],[1.79,44.32],[1.78,44.33],[1.81,44.34],[1.81,44.33],[1.83,44.32],[1.83,44.34],[1.85,44.34],[1.86,44.33],[1.88,44.34],[1.86,44.33],[1.86,44.32],[1.88,44.31],[1.88,44.3],[1.87,44.29],[1.9,44.28],[1.91,44.28],[1.94,44.28],[1.97,44.28],[1.96,44.26],[1.96,44.24],[1.95,44.25],[1.93,44.24],[1.92,44.22],[1.9,44.21],[1.89,44.21],[1.9,44.2],[1.91,44.19],[1.93,44.19],[1.94,44.18],[1.93,44.17],[1.94,44.17],[1.94,44.18],[1.96,44.18],[1.98,44.18],[1.97,44.17],[1.98,44.16],[2.0,44.16],[1.99,44.15],[1.97,44.14],[1.95,44.15],[1.92,44.16],[1.91,44.16],[1.89,44.16],[1.91,44.15],[1.92,44.14],[1.9,44.13],[1.9,44.14],[1.88,44.14],[1.87,44.14],[1.86,44.14],[1.85,44.14],[1.84,44.14],[1.83,44.14],[1.83,44.13],[1.84,44.11],[1.83,44.11],[1.81,44.13],[1.8,44.12],[1.79,44.11],[1.79,44.1],[1.78,44.1],[1.76,44.11],[1.75,44.11],[1.75,44.12],[1.72,44.11],[1.71,44.12],[1.68,44.11],[1.66,44.12],[1.65,44.11],[1.65,44.1],[1.67,44.09],[1.67,44.08],[1.66,44.07],[1.67,44.06],[1.68,44.07],[1.7,44.06],[1.7,44.04],[1.69,44.02],[1.67,44.02],[1.67,44.01],[1.66,44.01],[1.65,44.01],[1.66,44.0],[1.65,43.99],[1.64,43.99],[1.62,43.97],[1.62,43.96],[1.61,43.96],[1.59,43.96],[1.57,43.97],[1.55,43.96],[1.54,43.95],[1.56,43.94],[1.57,43.94],[1.57,43.92],[1.56,43.92],[1.54,43.92],[1.53,43.92],[1.52,43.9],[1.49,43.89],[1.49,43.9],[1.47,43.9],[1.45,43.87],[1.42,43.87],[1.41,43.88],[1.38,43.88],[1.37,43.89],[1.36,43.88],[1.36,43.87],[1.35,43.87],[1.36,43.86],[1.35,43.85],[1.33,43.85],[1.32,43.86],[1.3,43.85],[1.32,43.83],[1.33,43.84],[1.35,43.84],[1.36,43.83],[1.36,43.82],[1.34,43.81],[1.33,43.81],[1.31,43.8],[1.28,43.8],[1.27,43.8],[1.27,43.79],[1.22,43.77],[1.21,43.77],[1.21,43.78],[1.22,43.79],[1.21,43.79],[1.2,43.79],[1.18,43.8],[1.17,43.8],[1.16,43.81],[1.16,43.82],[1.14,43.82],[1.13,43.81],[1.11,43.8],[1.1,43.81],[1.09,43.81],[1.06,43.8],[1.02,43.8],[0.99,43.8],[0.98,43.79],[0.96,43.79],[0.95,43.79],[0.94,43.79],[0.92,43.79],[0.92,43.78],[0.91,43.78],[0.9,43.79],[0.9,43.81],[0.93,43.83],[0.91,43.83],[0.9,43.84],[0.89,43.85],[0.91,43.85],[0.9,43.86],[0.88,43.88],[0.88,43.89],[0.9,43.9],[0.89,43.91],[0.87,43.91],[0.86,43.92],[0.85,43.92],[0.84,43.92],[0.82,43.92],[0.81,43.93],[0.79,43.93],[0.77,43.92],[0.76,43.93],[0.76,43.94],[0.77,43.95],[0.78,43.96],[0.79,43.96],[0.8,43.98],[0.81,43.98],[0.82,43.99],[0.83,44.0],[0.82,44.01],[0.82,44.02],[0.81,44.02],[0.82,44.03],[0.84,44.02],[0.85,44.03],[0.86,44.04],[0.85,44.05],[0.84,44.05],[0.83,44.06],[0.82,44.05],[0.81,44.05],[0.78,44.04],[0.77,44.03],[0.76,44.04],[0.76,44.05],[0.75,44.07],[0.74,44.07],[0.75,44.1],[0.77,44.11],[0.79,44.11],[0.8,44.12],[0.8,44.13],[0.79,44.14],[0.8,44.15],[0.82,44.14],[0.84,44.14],[0.87,44.13],[0.88,44.13],[0.88,44.14],[0.89,44.15],[0.89,44.16],[0.89,44.17],[0.88,44.18],[0.87,44.17],[0.85,44.17],[0.86,44.19],[0.91,44.19],[0.91,44.2],[0.92,44.23],[0.93,44.23],[0.92,44.24],[0.93,44.25],[0.93,44.27],[0.94,44.26],[0.95,44.28],[0.92,44.29],[0.92,44.3],[0.89,44.3],[0.88,44.31],[0.87,44.31],[0.87,44.32],[0.9,44.35],[0.89,44.36],[0.89,44.37],[0.9,44.38],[0.92,44.38],[0.93,44.38],[0.94,44.37],[0.94,44.35],[0.95,44.36],[0.97,44.36],[0.98,44.36],[1.0,44.37],[1.05,44.36],[1.06,44.37],[1.06,44.38]]]},"properties":{"code":"82","nom":"Tarn-et-Garonne"}},{"type":"Feature","geometry":{"type":"MultiPolygon","coordinates":[[[[6.43,43.01],[6.43,43.02],[6.44,43.02],[6.46,43.03],[6.47,43.05],[6.5,43.05],[6.51,43.05],[6.5,43.04],[6.49,43.04],[6.47,43.02],[6.46,43.01],[6.45,43.02],[6.44,43.0],[6.43,43.01]]],[[[6.4,42.99],[6.39,43.0],[6.37,43.0],[6.38,43.01],[6.41,43.02],[6.42,43.01],[6.41,43.0],[6.4,42.99]]],[[[6.24,43.02],[6.25,43.02],[6.25,43.0],[6.23,42.99],[6.22,42.99],[6.21,42.98],[6.2,42.98],[6.19,42.99],[6.18,43.0],[6.16,43.0],[6.17,43.01],[6.18,43.01],[6.2,43.0],[6.21,43.0],[6.22,43.01],[6.23,43.01],[6.24,43.02]]],[[[5.75,43.72],[5.76,43.73],[5.78,43.76],[5.8,43.75],[5.82,43.75],[5.84,43.74],[5.85,43.72],[5.86,43.72],[5.88,43.72],[5.9,43.73],[5.91,43.74],[5.9,43.75],[5.91,43.75],[5.93,43.76],[5.93,43.75],[5.94,43.75],[5.94,43.74],[5.94,43.73],[5.96,43.72],[5.97,43.72],[5.99,43.71],[5.99,43.7],[6.01,43.69],[6.01,43.68],[6.02,43.67],[6.04,43.68],[6.04,43.69],[6.05,43.7],[6.08,43.71],[6.09,43.72],[6.1,43.74],[6.11,43.74],[6.13,43.74],[6.14,43.74],[6.15,43.74],[6.18,43.76],[6.19,43.78],[6.2,43.79],[6.22,43.8],[6.25,43.8],[6.26,43.79],[6.26,43.78],[6.32,43.75],[6.33,43.75],[6.36,43.74],[6.37,43.74],[6.38,43.73],[6.39,43.75],[6.41,43.76],[6.41,43.79],[6.43,43.79],[6.44,43.8],[6.46,43.79],[6.47,43.8],[6.48,43.79],[6.51,43.8],[6.52,43.81],[6.54,43.79],[6.55,43.78],[6.57,43.79],[6.59,43.81],[6.6,43.8],[6.62,43.81],[6.63,43.79],[6.64,43.79],[6.64,43.78],[6.65,43.77],[6.64,43.77],[6.65,43.77],[6.66,43.75],[6.67,43.75],[6.68,43.76],[6.7,43.75],[6.72,43.74],[6.75,43.74],[6.76,43.73],[6.77,43.72],[6.77,43.71],[6.77,43.7],[6.77,43.69],[6.76,43.69],[6.76,43.67],[6.78,43.66],[6.79,43.64],[6.8,43.63],[6.82,43.63],[6.83,43.62],[6.84,43.61],[6.86,43.61],[6.89,43.61],[6.91,43.6],[6.91,43.59],[6.9,43.58],[6.91,43.57],[6.9,43.56],[6.89,43.55],[6.88,43.54],[6.88,43.53],[6.9,43.53],[6.89,43.51],[6.88,43.5],[6.9,43.49],[6.92,43.48],[6.93,43.48],[6.92,43.47],[6.92,43.46],[6.92,43.45],[6.91,43.45],[6.89,43.44],[6.89,43.43],[6.87,43.43],[6.86,43.43],[6.86,43.42],[6.86,43.41],[6.84,43.42],[6.83,43.42],[6.8,43.41],[6.79,43.41],[6.76,43.42],[6.75,43.42],[6.74,43.41],[6.73,43.4],[6.73,43.38],[6.71,43.37],[6.72,43.35],[6.71,43.34],[6.68,43.34],[6.67,43.33],[6.67,43.32],[6.65,43.31],[6.63,43.3],[6.62,43.3],[6.6,43.29],[6.59,43.28],[6.58,43.28],[6.59,43.26],[6.62,43.27],[6.65,43.27],[6.66,43.26],[6.67,43.27],[6.67,43.28],[6.68,43.28],[6.7,43.27],[6.69,43.25],[6.68,43.24],[6.67,43.25],[6.66,43.24],[6.66,43.22],[6.68,43.2],[6.66,43.2],[6.64,43.18],[6.64,43.17],[6.62,43.17],[6.61,43.17],[6.6,43.18],[6.59,43.19],[6.56,43.19],[6.54,43.18],[6.53,43.17],[6.54,43.17],[6.52,43.17],[6.51,43.16],[6.49,43.15],[6.46,43.16],[6.45,43.15],[6.44,43.15],[6.43,43.15],[6.41,43.15],[6.39,43.14],[6.38,43.14],[6.37,43.14],[6.36,43.12],[6.36,43.11],[6.37,43.1],[6.37,43.09],[6.35,43.09],[6.33,43.09],[6.33,43.1],[6.32,43.11],[6.31,43.11],[6.29,43.11],[6.27,43.12],[6.23,43.11],[6.21,43.12],[6.2,43.12],[6.18,43.11],[6.17,43.1],[6.16,43.09],[6.15,43.06],[6.15,43.05],[6.15,43.04],[6.15,43.03],[6.14,43.03],[6.13,43.04],[6.12,43.03],[6.1,43.03],[6.09,43.04],[6.1,43.04],[6.12,43.04],[6.13,43.04],[6.13,43.06],[6.12,43.08],[6.11,43.08],[6.08,43.09],[6.06,43.08],[6.03,43.08],[6.02,43.08],[6.02,43.09],[6.01,43.1],[5.98,43.11],[5.97,43.11],[5.94,43.11],[5.93,43.1],[5.93,43.12],[5.91,43.12],[5.89,43.11],[5.89,43.1],[5.9,43.1],[5.91,43.1],[5.89,43.08],[5.91,43.08],[5.92,43.09],[5.93,43.08],[5.94,43.08],[5.95,43.08],[5.94,43.07],[5.93,43.07],[5.91,43.07],[5.9,43.08],[5.89,43.08],[5.87,43.06],[5.86,43.05],[5.83,43.05],[5.82,43.06],[5.79,43.07],[5.8,43.08],[5.81,43.09],[5.81,43.11],[5.81,43.12],[5.79,43.11],[5.79,43.12],[5.77,43.12],[5.78,43.13],[5.77,43.14],[5.75,43.13],[5.73,43.14],[5.72,43.15],[5.69,43.14],[5.68,43.16],[5.69,43.17],[5.68,43.18],[5.67,43.18],[5.68,43.19],[5.68,43.21],[5.68,43.22],[5.68,43.24],[5.7,43.24],[5.7,43.25],[5.72,43.26],[5.76,43.27],[5.76,43.28],[5.75,43.29],[5.74,43.3],[5.73,43.32],[5.69,43.31],[5.68,43.32],[5.69,43.33],[5.69,43.34],[5.69,43.35],[5.71,43.36],[5.69,43.36],[5.69,43.39],[5.68,43.4],[5.7,43.41],[5.72,43.41],[5.75,43.4],[5.78,43.41],[5.79,43.41],[5.79,43.42],[5.77,43.42],[5.75,43.43],[5.73,43.47],[5.71,43.48],[5.7,43.48],[5.7,43.49],[5.72,43.5],[5.71,43.51],[5.72,43.52],[5.72,43.54],[5.72,43.55],[5.71,43.55],[5.7,43.56],[5.67,43.56],[5.66,43.57],[5.66,43.58],[5.69,43.58],[5.68,43.6],[5.68,43.61],[5.7,43.64],[5.71,43.64],[5.72,43.65],[5.74,43.66],[5.77,43.66],[5.8,43.66],[5.8,43.67],[5.81,43.69],[5.79,43.69],[5.78,43.71],[5.79,43.71],[5.77,43.72],[5.75,43.72]]]]},"properties":{"code":"83","nom":"Var"}},{"type":"Feature","geometry":{"type":"MultiPolygon","coordinates":[[[[-2.3,46.71],[-2.29,46.7],[-2.3,46.69],[-2.31,46.7],[-2.32,46.69],[-2.33,46.69],[-2.34,46.69],[-2.36,46.69],[-2.38,46.71],[-2.4,46.72],[-2.38,46.73],[-2.37,46.73],[-2.34,46.73],[-2.34,46.72],[-2.32,46.72],[-2.3,46.71]]],[[[-1.15,47.03],[-1.14,47.02],[-1.12,47.02],[-1.1,47.01],[-1.09,47.02],[-1.06,47.01],[-1.02,47.0],[-1.0,47.02],[-0.98,47.01],[-0.97,47.01],[-0.96,46.99],[-0.95,47.0],[-0.94,47.0],[-0.93,47.01],[-0.92,47.0],[-0.92,46.99],[-0.9,46.99],[-0.89,46.98],[-0.89,46.97],[-0.88,46.97],[-0.88,46.96],[-0.88,46.95],[-0.87,46.94],[-0.85,46.95],[-0.84,46.93],[-0.83,46.93],[-0.82,46.92],[-0.81,46.92],[-0.82,46.91],[-0.82,46.9],[-0.83,46.88],[-0.82,46.88],[-0.81,46.87],[-0.79,46.86],[-0.78,46.84],[-0.76,46.83],[-0.74,46.83],[-0.73,46.82],[-0.71,46.82],[-0.7,46.81],[-0.72,46.8],[-0.73,46.77],[-0.72,46.76],[-0.72,46.75],[-0.7,46.75],[-0.69,46.74],[-0.7,46.74],[-0.68,46.73],[-0.67,46.72],[-0.66,46.7],[-0.68,46.69],[-0.66,46.68],[-0.64,46.66],[-0.65,46.65],[-0.66,46.63],[-0.64,46.64],[-0.63,46.63],[-0.61,46.62],[-0.63,46.61],[-0.62,46.6],[-0.61,46.59],[-0.62,46.58],[-0.62,46.56],[-0.61,46.56],[-0.6,46.53],[-0.61,46.53],[-0.63,46.53],[-0.65,46.51],[-0.64,46.51],[-0.62,46.5],[-0.62,46.49],[-0.61,46.46],[-0.62,46.45],[-0.62,46.44],[-0.64,46.43],[-0.64,46.42],[-0.63,46.4],[-0.64,46.4],[-0.62,46.39],[-0.61,46.41],[-0.59,46.41],[-0.58,46.4],[-0.57,46.4],[-0.57,46.39],[-0.55,46.39],[-0.54,46.39],[-0.56,46.36],[-0.58,46.36],[-0.6,46.36],[-0.61,46.35],[-0.62,46.34],[-0.64,46.34],[-0.64,46.32],[-0.65,46.32],[-0.67,46.32],[-0.7,46.33],[-0.71,46.32],[-0.72,46.31],[-0.72,46.3],[-0.73,46.3],[-0.75,46.3],[-0.76,46.31],[-0.78,46.32],[-0.8,46.33],[-0.81,46.34],[-0.82,46.34],[-0.83,46.34],[-0.84,46.34],[-0.85,46.33],[-0.84,46.32],[-0.85,46.32],[-0.89,46.33],[-0.89,46.32],[-0.9,46.31],[-0.93,46.31],[-0.96,46.32],[-0.94,46.34],[-0.94,46.35],[-0.93,46.37],[-0.94,46.37],[-0.95,46.36],[-0.96,46.37],[-0.98,46.35],[-1.0,46.35],[-1.01,46.36],[-1.03,46.35],[-1.05,46.34],[-1.06,46.34],[-1.08,46.32],[-1.1,46.31],[-1.11,46.32],[-1.12,46.32],[-1.13,46.31],[-1.14,46.31],[-1.16,46.32],[-1.18,46.32],[-1.2,46.32],[-1.2,46.31],[-1.2,46.3],[-1.21,46.29],[-1.21,46.27],[-1.23,46.28],[-1.24,46.29],[-1.29,46.31],[-1.3,46.32],[-1.31,46.32],[-1.3,46.3],[-1.31,46.3],[-1.32,46.32],[-1.32,46.33],[-1.35,46.34],[-1.37,46.35],[-1.38,46.34],[-1.4,46.34],[-1.42,46.35],[-1.43,46.35],[-1.44,46.34],[-1.47,46.34],[-1.47,46.35],[-1.48,46.36],[-1.49,46.38],[-1.5,46.4],[-1.52,46.4],[-1.54,46.41],[-1.55,46.41],[-1.58,46.41],[-1.61,46.41],[-1.63,46.41],[-1.64,46.42],[-1.66,46.43],[-1.67,46.44],[-1.7,46.45],[-1.72,46.46],[-1.75,46.47],[-1.78,46.49],[-1.79,46.49],[-1.8,46.49],[-1.81,46.49],[-1.82,46.52],[-1.84,46.57],[-1.85,46.59],[-1.86,46.61],[-1.87,46.62],[-1.88,46.63],[-1.89,46.63],[-1.9,46.65],[-1.91,46.66],[-1.94,46.69],[-1.95,46.7],[-1.97,46.69],[-1.98,46.7],[-1.98,46.72],[-2.0,46.73],[-2.07,46.78],[-2.12,46.8],[-2.14,46.82],[-2.14,46.83],[-2.15,46.85],[-2.15,46.87],[-2.16,46.88],[-2.15,46.89],[-2.12,46.89],[-2.12,46.91],[-2.1,46.92],[-2.06,46.95],[-2.04,46.97],[-2.05,46.98],[-2.03,47.01],[-2.0,47.02],[-1.98,47.03],[-1.97,47.03],[-1.95,47.0],[-1.94,46.99],[-1.92,46.99],[-1.92,46.98],[-1.91,46.97],[-1.89,46.96],[-1.88,46.95],[-1.83,46.95],[-1.83,46.93],[-1.8,46.93],[-1.78,46.93],[-1.75,46.93],[-1.75,46.92],[-1.74,46.91],[-1.74,46.9],[-1.73,46.89],[-1.72,46.88],[-1.69,46.89],[-1.68,46.88],[-1.66,46.87],[-1.66,46.88],[-1.63,46.88],[-1.6,46.87],[-1.58,46.87],[-1.55,46.86],[-1.55,46.87],[-1.52,46.87],[-1.5,46.88],[-1.51,46.89],[-1.53,46.91],[-1.54,46.92],[-1.53,46.92],[-1.52,46.93],[-1.52,46.94],[-1.53,46.94],[-1.54,46.96],[-1.55,46.98],[-1.55,46.99],[-1.54,47.0],[-1.55,47.01],[-1.55,47.02],[-1.52,47.03],[-1.51,47.04],[-1.49,47.04],[-1.48,47.04],[-1.48,47.03],[-1.47,47.0],[-1.46,46.99],[-1.48,46.98],[-1.47,46.97],[-1.46,46.96],[-1.46,46.95],[-1.47,46.94],[-1.47,46.93],[-1.46,46.93],[-1.42,46.94],[-1.37,46.95],[-1.37,46.96],[-1.37,46.97],[-1.36,46.97],[-1.36,46.98],[-1.38,46.99],[-1.37,47.0],[-1.37,47.01],[-1.37,47.02],[-1.38,47.03],[-1.37,47.04],[-1.35,47.04],[-1.34,47.04],[-1.33,47.04],[-1.31,47.03],[-1.3,47.03],[-1.29,47.04],[-1.3,47.05],[-1.29,47.06],[-1.29,47.07],[-1.27,47.08],[-1.25,47.07],[-1.23,47.06],[-1.22,47.05],[-1.21,47.05],[-1.2,47.04],[-1.15,47.03]]],[[[-2.2,46.95],[-2.22,46.97],[-2.24,46.97],[-2.25,46.96],[-2.26,46.96],[-2.29,46.98],[-2.3,46.99],[-2.3,47.0],[-2.29,47.01],[-2.3,47.03],[-2.29,47.02],[-2.28,47.03],[-2.25,47.03],[-2.24,47.02],[-2.23,47.02],[-2.22,47.01],[-2.22,46.99],[-2.23,46.99],[-2.24,46.98],[-2.23,46.97],[-2.22,46.97],[-2.16,46.95],[-2.15,46.93],[-2.15,46.91],[-2.15,46.9],[-2.17,46.91],[-2.17,46.93],[-2.18,46.94],[-2.2,46.95]]]]},"properties":{"code":"85","nom":"Vend\u00e9e"}},{"type":"Feature","geometry":{"type":"Polygon","coordinates":[[[0.82,46.13],[0.84,46.13],[0.84,46.14],[0.83,46.15],[0.83,46.17],[0.84,46.18],[0.83,46.19],[0.82,46.19],[0.82,46.2],[0.8,46.2],[0.8,46.21],[0.81,46.22],[0.82,46.23],[0.85,46.23],[0.85,46.24],[0.85,46.25],[0.86,46.25],[0.86,46.26],[0.89,46.27],[0.9,46.28],[0.91,46.29],[0.93,46.28],[0.94,46.29],[0.95,46.29],[0.97,46.29],[0.99,46.28],[1.01,46.28],[1.0,46.29],[1.01,46.31],[1.02,46.32],[1.03,46.33],[1.03,46.34],[1.05,46.36],[1.08,46.36],[1.1,46.36],[1.11,46.35],[1.13,46.35],[1.13,46.36],[1.15,46.37],[1.15,46.38],[1.16,46.39],[1.18,46.38],[1.19,46.38],[1.2,46.39],[1.22,46.37],[1.24,46.37],[1.25,46.37],[1.26,46.38],[1.28,46.38],[1.3,46.37],[1.31,46.38],[1.32,46.38],[1.32,46.39],[1.33,46.4],[1.34,46.4],[1.36,46.4],[1.38,46.38],[1.38,46.37],[1.4,46.37],[1.4,46.36],[1.42,46.35],[1.41,46.34],[1.42,46.34],[1.45,46.33],[1.44,46.32],[1.44,46.31],[1.44,46.3],[1.43,46.3],[1.42,46.29],[1.41,46.28],[1.43,46.28],[1.44,46.27],[1.42,46.27],[1.41,46.27],[1.41,46.25],[1.42,46.25],[1.42,46.24],[1.39,46.24],[1.38,46.23],[1.37,46.22],[1.4,46.19],[1.42,46.18],[1.44,46.18],[1.45,46.18],[1.47,46.16],[1.45,46.15],[1.47,46.15],[1.48,46.14],[1.51,46.13],[1.51,46.12],[1.49,46.11],[1.5,46.1],[1.5,46.09],[1.51,46.09],[1.52,46.09],[1.53,46.08],[1.54,46.08],[1.54,46.07],[1.53,46.06],[1.54,46.04],[1.55,46.04],[1.54,46.03],[1.53,46.01],[1.54,46.0],[1.56,46.0],[1.57,45.99],[1.57,45.98],[1.56,45.96],[1.55,45.96],[1.53,45.95],[1.52,45.95],[1.52,45.94],[1.51,45.94],[1.51,45.93],[1.53,45.93],[1.55,45.92],[1.56,45.92],[1.57,45.91],[1.58,45.92],[1.58,45.93],[1.6,45.93],[1.61,45.93],[1.63,45.92],[1.62,45.92],[1.64,45.9],[1.64,45.89],[1.62,45.9],[1.62,45.89],[1.6,45.89],[1.59,45.88],[1.6,45.88],[1.61,45.87],[1.6,45.86],[1.63,45.85],[1.65,45.85],[1.66,45.84],[1.68,45.84],[1.69,45.84],[1.71,45.84],[1.73,45.84],[1.74,45.85],[1.75,45.86],[1.76,45.87],[1.77,45.87],[1.78,45.86],[1.78,45.85],[1.77,45.84],[1.78,45.83],[1.79,45.83],[1.81,45.82],[1.83,45.81],[1.83,45.82],[1.84,45.82],[1.85,45.81],[1.88,45.8],[1.89,45.77],[1.9,45.77],[1.89,45.76],[1.88,45.76],[1.87,45.76],[1.89,45.75],[1.88,45.73],[1.87,45.73],[1.89,45.73],[1.89,45.72],[1.88,45.71],[1.9,45.7],[1.91,45.69],[1.91,45.68],[1.88,45.68],[1.88,45.67],[1.87,45.66],[1.85,45.67],[1.83,45.67],[1.82,45.68],[1.8,45.67],[1.79,45.68],[1.78,45.68],[1.78,45.66],[1.77,45.66],[1.76,45.65],[1.75,45.65],[1.72,45.64],[1.71,45.64],[1.68,45.63],[1.66,45.61],[1.66,45.6],[1.64,45.59],[1.64,45.58],[1.62,45.58],[1.61,45.58],[1.59,45.58],[1.58,45.56],[1.57,45.56],[1.56,45.55],[1.52,45.56],[1.51,45.55],[1.49,45.55],[1.49,45.56],[1.48,45.57],[1.47,45.55],[1.46,45.55],[1.45,45.53],[1.44,45.52],[1.43,45.53],[1.41,45.53],[1.4,45.52],[1.39,45.5],[1.38,45.5],[1.37,45.49],[1.35,45.47],[1.29,45.49],[1.28,45.48],[1.27,45.48],[1.26,45.47],[1.26,45.46],[1.26,45.45],[1.25,45.44],[1.24,45.44],[1.23,45.44],[1.24,45.46],[1.21,45.46],[1.19,45.46],[1.18,45.46],[1.17,45.47],[1.16,45.48],[1.15,45.47],[1.14,45.47],[1.12,45.48],[1.12,45.49],[1.13,45.49],[1.14,45.51],[1.15,45.51],[1.17,45.52],[1.14,45.54],[1.12,45.55],[1.11,45.54],[1.1,45.54],[1.08,45.53],[1.07,45.55],[1.06,45.55],[1.05,45.56],[1.04,45.57],[1.03,45.58],[1.04,45.6],[1.03,45.6],[1.02,45.61],[1.0,45.61],[0.99,45.6],[0.95,45.61],[0.93,45.61],[0.91,45.6],[0.91,45.61],[0.89,45.6],[0.87,45.62],[0.86,45.61],[0.85,45.6],[0.84,45.58],[0.82,45.58],[0.81,45.58],[0.81,45.59],[0.8,45.6],[0.78,45.59],[0.77,45.61],[0.76,45.61],[0.75,45.62],[0.76,45.63],[0.76,45.64],[0.77,45.65],[0.78,45.67],[0.76,45.67],[0.75,45.69],[0.73,45.69],[0.72,45.69],[0.71,45.69],[0.67,45.69],[0.65,45.69],[0.65,45.7],[0.64,45.7],[0.63,45.71],[0.63,45.72],[0.65,45.72],[0.65,45.73],[0.65,45.74],[0.66,45.74],[0.67,45.75],[0.69,45.76],[0.71,45.76],[0.71,45.77],[0.71,45.78],[0.71,45.8],[0.72,45.81],[0.74,45.8],[0.74,45.81],[0.75,45.8],[0.76,45.8],[0.77,45.79],[0.78,45.79],[0.78,45.8],[0.78,45.81],[0.78,45.82],[0.8,45.84],[0.82,45.87],[0.81,45.87],[0.83,45.88],[0.82,45.9],[0.82,45.92],[0.81,45.92],[0.81,45.93],[0.83,45.93],[0.84,45.92],[0.85,45.92],[0.86,45.92],[0.89,45.93],[0.91,45.94],[0.92,45.94],[0.92,45.95],[0.94,45.96],[0.95,45.97],[0.93,45.98],[0.93,45.99],[0.92,46.0],[0.93,46.01],[0.89,46.02],[0.88,46.03],[0.87,46.02],[0.86,46.02],[0.86,46.03],[0.85,46.03],[0.82,46.05],[0.81,46.06],[0.83,46.06],[0.83,46.07],[0.82,46.08],[0.83,46.09],[0.83,46.1],[0.83,46.11],[0.82,46.11],[0.81,46.13],[0.82,46.13]]]},"properties":{"code":"87","nom":"Haute-Vienne"}},{"type":"Feature","geometry":{"type":"Polygon","coordinates":[[[5.47,48.42],[5.5,48.41],[5.51,48.41],[5.51,48.42],[5.51,48.43],[5.52,48.43],[5.55,48.44],[5.56,48.44],[5.57,48.43],[5.58,48.43],[5.58,48.44],[5.59,48.44],[5.61,48.44],[5.62,48.44],[5.63,48.45],[5.65,48.46],[5.64,48.47],[5.67,48.47],[5.68,48.47],[5.69,48.46],[5.71,48.46],[5.74,48.47],[5.76,48.49],[5.77,48.5],[5.78,48.49],[5.79,48.48],[5.79,48.49],[5.81,48.5],[5.83,48.5],[5.84,48.5],[5.86,48.51],[5.87,48.5],[5.89,48.49],[5.91,48.49],[5.9,48.49],[5.9,48.48],[5.9,48.47],[5.89,48.46],[5.89,48.45],[5.9,48.45],[5.88,48.44],[5.86,48.41],[5.88,48.4],[5.89,48.41],[5.9,48.41],[5.91,48.43],[5.91,48.44],[5.93,48.43],[5.92,48.42],[5.92,48.43],[5.91,48.42],[5.91,48.41],[5.93,48.39],[5.94,48.4],[5.95,48.4],[5.95,48.39],[5.94,48.38],[5.96,48.37],[5.96,48.36],[5.96,48.35],[5.98,48.35],[5.99,48.35],[6.0,48.36],[6.02,48.36],[6.03,48.36],[6.05,48.37],[6.07,48.36],[6.08,48.36],[6.08,48.38],[6.09,48.38],[6.1,48.37],[6.1,48.36],[6.12,48.35],[6.12,48.37],[6.13,48.36],[6.15,48.38],[6.15,48.4],[6.15,48.41],[6.17,48.41],[6.18,48.41],[6.18,48.4],[6.23,48.4],[6.25,48.41],[6.26,48.41],[6.27,48.43],[6.28,48.42],[6.29,48.43],[6.3,48.43],[6.31,48.41],[6.33,48.4],[6.36,48.41],[6.38,48.41],[6.39,48.41],[6.38,48.39],[6.4,48.39],[6.41,48.39],[6.42,48.41],[6.44,48.41],[6.45,48.42],[6.47,48.41],[6.49,48.42],[6.5,48.41],[6.53,48.43],[6.57,48.42],[6.58,48.42],[6.58,48.43],[6.57,48.44],[6.58,48.46],[6.6,48.47],[6.62,48.47],[6.64,48.47],[6.64,48.46],[6.64,48.45],[6.64,48.44],[6.65,48.43],[6.67,48.43],[6.7,48.41],[6.72,48.42],[6.74,48.42],[6.75,48.41],[6.76,48.41],[6.77,48.4],[6.78,48.4],[6.8,48.4],[6.82,48.4],[6.82,48.41],[6.83,48.42],[6.85,48.42],[6.86,48.43],[6.87,48.43],[6.87,48.42],[6.89,48.42],[6.95,48.46],[6.98,48.48],[7.01,48.48],[7.03,48.49],[7.05,48.49],[7.07,48.5],[7.08,48.51],[7.09,48.51],[7.11,48.51],[7.12,48.51],[7.13,48.51],[7.12,48.5],[7.1,48.5],[7.09,48.51],[7.09,48.49],[7.12,48.48],[7.1,48.45],[7.11,48.44],[7.1,48.43],[7.1,48.41],[7.09,48.4],[7.1,48.39],[7.11,48.38],[7.09,48.37],[7.08,48.35],[7.11,48.34],[7.12,48.33],[7.14,48.33],[7.16,48.34],[7.17,48.34],[7.18,48.34],[7.18,48.33],[7.19,48.32],[7.2,48.31],[7.19,48.3],[7.17,48.3],[7.18,48.29],[7.16,48.28],[7.16,48.27],[7.15,48.26],[7.13,48.25],[7.13,48.24],[7.12,48.21],[7.11,48.2],[7.11,48.19],[7.09,48.18],[7.08,48.17],[7.08,48.16],[7.06,48.14],[7.07,48.13],[7.08,48.13],[7.08,48.12],[7.08,48.11],[7.07,48.11],[7.05,48.08],[7.04,48.08],[7.03,48.07],[7.01,48.04],[7.02,48.04],[7.0,48.02],[6.99,48.02],[6.98,48.01],[6.96,48.0],[6.95,48.0],[6.94,48.0],[6.94,47.98],[6.93,47.97],[6.93,47.96],[6.92,47.94],[6.93,47.93],[6.92,47.93],[6.91,47.92],[6.93,47.92],[6.93,47.91],[6.92,47.9],[6.9,47.89],[6.9,47.88],[6.91,47.88],[6.91,47.87],[6.92,47.85],[6.91,47.85],[6.9,47.84],[6.86,47.83],[6.85,47.82],[6.84,47.82],[6.82,47.81],[6.79,47.83],[6.79,47.84],[6.78,47.85],[6.76,47.85],[6.76,47.86],[6.74,47.86],[6.73,47.87],[6.71,47.88],[6.7,47.88],[6.67,47.89],[6.65,47.9],[6.63,47.93],[6.6,47.94],[6.57,47.93],[6.54,47.9],[6.5,47.9],[6.48,47.89],[6.46,47.91],[6.44,47.94],[6.43,47.94],[6.41,47.94],[6.41,47.95],[6.39,47.96],[6.37,47.96],[6.34,47.95],[6.32,47.95],[6.31,47.95],[6.3,47.96],[6.28,47.95],[6.24,47.93],[6.22,47.94],[6.21,47.93],[6.21,47.94],[6.2,47.95],[6.18,47.95],[6.17,47.95],[6.16,47.96],[6.15,47.97],[6.16,47.98],[6.15,47.99],[6.16,48.01],[6.13,48.02],[6.12,48.02],[6.11,48.01],[6.1,48.02],[6.08,48.01],[6.07,48.02],[6.04,48.0],[6.03,47.99],[6.02,47.98],[6.01,47.97],[6.0,47.96],[5.97,47.96],[5.97,47.95],[5.95,47.94],[5.93,47.94],[5.94,47.95],[5.96,47.97],[5.95,47.98],[5.94,47.98],[5.92,47.97],[5.92,47.95],[5.9,47.94],[5.89,47.94],[5.9,47.93],[5.88,47.93],[5.87,47.95],[5.86,47.95],[5.85,47.96],[5.85,47.97],[5.84,47.98],[5.84,47.97],[5.83,47.96],[5.82,47.96],[5.8,47.95],[5.79,47.95],[5.79,47.96],[5.78,47.98],[5.79,47.99],[5.79,48.0],[5.78,48.02],[5.78,48.03],[5.77,48.03],[5.76,48.04],[5.74,48.05],[5.73,48.05],[5.71,48.06],[5.7,48.07],[5.7,48.08],[5.69,48.08],[5.68,48.08],[5.65,48.08],[5.66,48.07],[5.65,48.07],[5.65,48.08],[5.63,48.08],[5.64,48.09],[5.64,48.1],[5.65,48.1],[5.67,48.11],[5.66,48.12],[5.66,48.13],[5.68,48.14],[5.68,48.15],[5.69,48.16],[5.68,48.18],[5.7,48.19],[5.73,48.19],[5.73,48.2],[5.71,48.22],[5.69,48.23],[5.68,48.23],[5.66,48.24],[5.64,48.24],[5.65,48.25],[5.65,48.27],[5.61,48.29],[5.6,48.28],[5.59,48.27],[5.58,48.28],[5.55,48.31],[5.53,48.33],[5.52,48.34],[5.53,48.35],[5.5,48.35],[5.48,48.36],[5.47,48.35],[5.46,48.35],[5.45,48.34],[5.43,48.33],[5.42,48.34],[5.42,48.36],[5.44,48.38],[5.41,48.38],[5.39,48.39],[5.42,48.4],[5.44,48.41],[5.47,48.42]]]},"properties":{"code":"88","nom":"Vosges"}},{"type":"Feature","geometry":{"type":"Polygon","coordinates":[[[2.29,48.95],[2.33,48.95],[2.34,48.94],[2.34,48.93],[2.32,48.92],[2.31,48.91],[2.32,48.9],[2.29,48.89],[2.28,48.88],[2.26,48.88],[2.23,48.87],[2.22,48.85],[2.25,48.85],[2.26,48.83],[2.27,48.83],[2.28,48.83],[2.29,48.83],[2.33,48.82],[2.32,48.79],[2.33,48.78],[2.31,48.76],[2.32,48.75],[2.31,48.73],[2.3,48.73],[2.3,48.74],[2.28,48.73],[2.27,48.74],[2.29,48.75],[2.28,48.76],[2.26,48.76],[2.25,48.76],[2.23,48.77],[2.23,48.78],[2.22,48.79],[2.21,48.79],[2.2,48.8],[2.18,48.8],[2.18,48.81],[2.16,48.81],[2.15,48.82],[2.15,48.84],[2.15,48.85],[2.15,48.87],[2.17,48.89],[2.18,48.9],[2.2,48.91],[2.23,48.93],[2.27,48.95],[2.29,48.95]]]},"properties":{"code":"92","nom":"Hauts-de-Seine"}},{"type":"Feature","geometry":{"type":"Polygon","coordinates":[[[3.03,46.79],[3.04,46.78],[3.05,46.76],[3.06,46.75],[3.08,46.74],[3.13,46.73],[3.16,46.69],[3.2,46.68],[3.22,46.68],[3.23,46.7],[3.26,46.71],[3.27,46.72],[3.3,46.71],[3.31,46.69],[3.35,46.68],[3.37,46.69],[3.38,46.7],[3.38,46.71],[3.39,46.71],[3.41,46.71],[3.43,46.71],[3.43,46.7],[3.43,46.69],[3.45,46.69],[3.45,46.68],[3.45,46.66],[3.46,46.65],[3.49,46.65],[3.49,46.66],[3.52,46.68],[3.53,46.69],[3.55,46.68],[3.56,46.7],[3.55,46.71],[3.55,46.72],[3.58,46.71],[3.6,46.72],[3.6,46.73],[3.58,46.74],[3.58,46.75],[3.59,46.76],[3.6,46.76],[3.6,46.75],[3.62,46.75],[3.63,46.75],[3.62,46.74],[3.64,46.73],[3.64,46.72],[3.64,46.71],[3.65,46.7],[3.66,46.69],[3.68,46.67],[3.7,46.66],[3.7,46.65],[3.71,46.63],[3.72,46.63],[3.72,46.62],[3.71,46.61],[3.72,46.61],[3.73,46.6],[3.74,46.57],[3.74,46.56],[3.73,46.55],[3.74,46.54],[3.75,46.54],[3.77,46.54],[3.79,46.53],[3.8,46.52],[3.81,46.52],[3.82,46.53],[3.83,46.53],[3.85,46.52],[3.84,46.52],[3.85,46.51],[3.86,46.52],[3.86,46.51],[3.86,46.5],[3.86,46.49],[3.89,46.48],[3.9,46.48],[3.9,46.49],[3.92,46.5],[3.94,46.49],[3.95,46.49],[3.96,46.49],[3.95,46.48],[3.96,46.48],[3.97,46.48],[4.0,46.47],[4.0,46.46],[4.0,46.45],[4.01,46.44],[3.99,46.44],[4.0,46.43],[3.98,46.42],[3.99,46.41],[3.98,46.4],[3.98,46.38],[3.99,46.37],[3.99,46.36],[3.98,46.33],[4.0,46.32],[3.99,46.32],[3.95,46.32],[3.95,46.3],[3.94,46.3],[3.93,46.3],[3.91,46.3],[3.9,46.29],[3.89,46.29],[3.9,46.28],[3.89,46.27],[3.88,46.28],[3.87,46.26],[3.82,46.26],[3.8,46.25],[3.81,46.24],[3.8,46.24],[3.78,46.24],[3.77,46.24],[3.77,46.23],[3.78,46.22],[3.79,46.21],[3.79,46.19],[3.79,46.18],[3.81,46.17],[3.81,46.16],[3.79,46.15],[3.79,46.14],[3.8,46.13],[3.79,46.11],[3.8,46.11],[3.82,46.09],[3.82,46.08],[3.81,46.06],[3.81,46.05],[3.81,46.04],[3.81,46.03],[3.82,46.01],[3.83,46.0],[3.81,45.98],[3.8,45.98],[3.79,45.97],[3.78,45.97],[3.77,45.98],[3.76,45.98],[3.75,45.97],[3.74,45.97],[3.72,45.97],[3.71,45.97],[3.7,45.97],[3.71,45.96],[3.69,45.95],[3.69,45.93],[3.68,45.94],[3.68,45.95],[3.68,45.96],[3.67,45.96],[3.65,45.96],[3.63,45.96],[3.63,45.98],[3.62,45.99],[3.6,46.02],[3.59,46.02],[3.57,46.02],[3.56,46.02],[3.55,46.02],[3.53,46.02],[3.52,46.02],[3.5,46.01],[3.48,46.01],[3.46,46.01],[3.46,46.02],[3.47,46.04],[3.46,46.05],[3.45,46.06],[3.44,46.06],[3.43,46.06],[3.42,46.07],[3.4,46.07],[3.39,46.06],[3.37,46.06],[3.36,46.05],[3.33,46.04],[3.33,46.05],[3.32,46.06],[3.3,46.07],[3.27,46.06],[3.26,46.07],[3.24,46.06],[3.21,46.07],[3.18,46.07],[3.17,46.07],[3.13,46.07],[3.11,46.08],[3.1,46.08],[3.1,46.1],[3.09,46.11],[3.07,46.1],[3.05,46.1],[3.04,46.11],[3.02,46.1],[3.01,46.12],[2.99,46.12],[2.98,46.12],[2.97,46.12],[2.96,46.13],[2.96,46.15],[2.95,46.17],[2.94,46.17],[2.91,46.18],[2.92,46.18],[2.92,46.19],[2.91,46.2],[2.91,46.21],[2.93,46.22],[2.94,46.22],[2.93,46.23],[2.94,46.24],[2.92,46.25],[2.9,46.25],[2.89,46.25],[2.87,46.25],[2.86,46.26],[2.84,46.25],[2.82,46.24],[2.82,46.23],[2.82,46.22],[2.81,46.2],[2.79,46.2],[2.77,46.21],[2.76,46.21],[2.74,46.22],[2.73,46.22],[2.72,46.21],[2.73,46.2],[2.72,46.18],[2.7,46.18],[2.68,46.17],[2.67,46.15],[2.65,46.12],[2.64,46.12],[2.62,46.12],[2.6,46.13],[2.59,46.13],[2.58,46.13],[2.57,46.14],[2.57,46.15],[2.56,46.16],[2.56,46.17],[2.54,46.18],[2.53,46.18],[2.53,46.2],[2.52,46.2],[2.52,46.21],[2.52,46.23],[2.52,46.24],[2.49,46.25],[2.48,46.27],[2.48,46.28],[2.44,46.29],[2.43,46.29],[2.42,46.28],[2.42,46.3],[2.42,46.31],[2.41,46.31],[2.39,46.33],[2.38,46.33],[2.37,46.31],[2.35,46.33],[2.33,46.33],[2.32,46.33],[2.31,46.34],[2.3,46.35],[2.31,46.36],[2.32,46.37],[2.34,46.37],[2.33,46.38],[2.32,46.38],[2.29,46.39],[2.28,46.41],[2.28,46.42],[2.29,46.45],[2.31,46.48],[2.32,46.47],[2.33,46.48],[2.32,46.49],[2.35,46.51],[2.37,46.52],[2.39,46.52],[2.41,46.52],[2.43,46.53],[2.45,46.52],[2.47,46.53],[2.48,46.53],[2.5,46.53],[2.5,46.52],[2.51,46.52],[2.52,46.53],[2.53,46.53],[2.54,46.52],[2.55,46.53],[2.57,46.53],[2.58,46.54],[2.61,46.55],[2.61,46.57],[2.6,46.58],[2.6,46.6],[2.58,46.59],[2.58,46.6],[2.57,46.61],[2.59,46.61],[2.59,46.62],[2.6,46.64],[2.59,46.65],[2.57,46.65],[2.57,46.66],[2.58,46.66],[2.61,46.67],[2.61,46.66],[2.62,46.66],[2.63,46.67],[2.62,46.68],[2.62,46.69],[2.63,46.69],[2.65,46.69],[2.65,46.7],[2.68,46.7],[2.69,46.72],[2.7,46.72],[2.7,46.74],[2.73,46.75],[2.74,46.74],[2.74,46.73],[2.76,46.72],[2.77,46.72],[2.79,46.73],[2.8,46.73],[2.83,46.74],[2.84,46.73],[2.85,46.74],[2.86,46.75],[2.88,46.76],[2.88,46.77],[2.91,46.78],[2.91,46.79],[2.92,46.79],[2.94,46.8],[2.95,46.79],[2.96,46.8],[2.98,46.8],[2.99,46.8],[3.0,46.8],[3.02,46.8],[3.03,46.79]]]},"properties":{"code":"03","nom":"Allier"}},{"type":"Feature","geometry":{"type":"MultiPolygon","coordinates":[[[[7.07,43.51],[7.04,43.52],[7.03,43.52],[7.05,43.52],[7.07,43.52],[7.07,43.51]]],[[[6.89,44.36],[6.9,44.36],[6.92,44.35],[6.93,44.33],[6.95,44.32],[6.96,44.31],[6.96,44.3],[6.97,44.28],[6.98,44.29],[6.99,44.28],[7.0,44.27],[7.0,44.25],[7.01,44.24],[7.02,44.23],[7.03,44.23],[7.04,44.23],[7.07,44.23],[7.09,44.23],[7.1,44.22],[7.11,44.22],[7.14,44.2],[7.16,44.21],[7.19,44.2],[7.19,44.19],[7.21,44.18],[7.22,44.17],[7.23,44.17],[7.24,44.17],[7.25,44.16],[7.26,44.15],[7.28,44.14],[7.31,44.15],[7.32,44.14],[7.34,44.15],[7.35,44.13],[7.36,44.12],[7.37,44.12],[7.39,44.12],[7.4,44.12],[7.43,44.11],[7.43,44.13],[7.44,44.13],[7.46,44.13],[7.49,44.14],[7.51,44.14],[7.52,44.14],[7.54,44.15],[7.56,44.15],[7.57,44.15],[7.61,44.15],[7.63,44.16],[7.63,44.17],[7.64,44.18],[7.65,44.18],[7.68,44.17],[7.68,44.16],[7.67,44.15],[7.68,44.15],[7.67,44.13],[7.67,44.12],[7.69,44.11],[7.7,44.1],[7.71,44.09],[7.72,44.08],[7.71,44.07],[7.7,44.05],[7.7,44.04],[7.69,44.04],[7.68,44.03],[7.66,44.03],[7.66,44.02],[7.67,44.0],[7.65,43.97],[7.64,43.97],[7.62,43.96],[7.6,43.96],[7.58,43.95],[7.57,43.94],[7.57,43.92],[7.56,43.91],[7.56,43.9],[7.54,43.89],[7.51,43.88],[7.5,43.87],[7.5,43.86],[7.5,43.85],[7.51,43.84],[7.51,43.83],[7.52,43.8],[7.53,43.79],[7.52,43.78],[7.51,43.78],[7.49,43.77],[7.48,43.75],[7.46,43.76],[7.45,43.75],[7.44,43.75],[7.41,43.73],[7.42,43.73],[7.41,43.72],[7.4,43.72],[7.38,43.72],[7.37,43.72],[7.36,43.72],[7.35,43.72],[7.34,43.71],[7.33,43.7],[7.33,43.69],[7.34,43.68],[7.33,43.67],[7.32,43.69],[7.33,43.7],[7.31,43.71],[7.31,43.7],[7.31,43.69],[7.3,43.69],[7.29,43.69],[7.26,43.69],[7.24,43.69],[7.23,43.68],[7.23,43.66],[7.21,43.65],[7.19,43.66],[7.18,43.66],[7.17,43.66],[7.15,43.65],[7.14,43.63],[7.13,43.61],[7.13,43.59],[7.13,43.58],[7.14,43.56],[7.13,43.56],[7.14,43.55],[7.12,43.54],[7.12,43.55],[7.11,43.57],[7.1,43.57],[7.08,43.57],[7.07,43.56],[7.06,43.55],[7.04,43.54],[7.03,43.55],[7.01,43.55],[6.99,43.55],[6.97,43.55],[6.95,43.53],[6.94,43.52],[6.94,43.51],[6.95,43.5],[6.95,43.49],[6.93,43.48],[6.92,43.48],[6.9,43.49],[6.88,43.5],[6.89,43.51],[6.9,43.53],[6.88,43.53],[6.88,43.54],[6.89,43.55],[6.9,43.56],[6.91,43.57],[6.9,43.58],[6.91,43.59],[6.91,43.6],[6.89,43.61],[6.86,43.61],[6.84,43.61],[6.83,43.62],[6.82,43.63],[6.8,43.63],[6.79,43.64],[6.78,43.66],[6.76,43.67],[6.76,43.69],[6.77,43.69],[6.77,43.7],[6.77,43.71],[6.77,43.72],[6.76,43.73],[6.75,43.74],[6.72,43.74],[6.7,43.75],[6.68,43.76],[6.67,43.75],[6.66,43.75],[6.65,43.77],[6.64,43.77],[6.65,43.77],[6.64,43.78],[6.64,43.79],[6.64,43.8],[6.68,43.8],[6.69,43.8],[6.71,43.81],[6.7,43.82],[6.68,43.83],[6.67,43.83],[6.67,43.84],[6.68,43.85],[6.7,43.86],[6.7,43.87],[6.67,43.88],[6.67,43.89],[6.71,43.88],[6.75,43.87],[6.76,43.88],[6.78,43.88],[6.8,43.91],[6.83,43.92],[6.84,43.92],[6.88,43.9],[6.88,43.89],[6.91,43.89],[6.92,43.89],[6.94,43.9],[6.93,43.91],[6.91,43.93],[6.9,43.93],[6.88,43.94],[6.87,43.95],[6.85,43.95],[6.84,43.98],[6.83,43.98],[6.84,43.99],[6.8,44.01],[6.79,44.02],[6.77,44.03],[6.75,44.04],[6.75,44.06],[6.76,44.08],[6.74,44.1],[6.73,44.11],[6.72,44.12],[6.71,44.13],[6.71,44.14],[6.69,44.17],[6.7,44.18],[6.7,44.19],[6.71,44.2],[6.72,44.21],[6.71,44.22],[6.73,44.23],[6.72,44.25],[6.75,44.26],[6.76,44.27],[6.76,44.28],[6.79,44.27],[6.79,44.29],[6.79,44.3],[6.8,44.32],[6.81,44.33],[6.82,44.33],[6.84,44.35],[6.86,44.35],[6.89,44.36]]]]},"properties":{"code":"06","nom":"Alpes-Maritimes"}},{"type":"Feature","geometry":{"type":"Polygon","coordinates":[[[1.69,43.27],[1.71,43.29],[1.7,43.3],[1.73,43.31],[1.74,43.31],[1.73,43.32],[1.72,43.33],[1.75,43.34],[1.76,43.35],[1.77,43.34],[1.79,43.34],[1.8,43.34],[1.81,43.34],[1.82,43.35],[1.8,43.36],[1.81,43.38],[1.8,43.39],[1.81,43.39],[1.82,43.39],[1.82,43.41],[1.83,43.42],[1.84,43.42],[1.85,43.43],[1.84,43.43],[1.85,43.44],[1.86,43.44],[1.87,43.44],[1.88,43.42],[1.89,43.42],[1.9,43.41],[1.9,43.4],[1.91,43.4],[1.92,43.41],[1.92,43.42],[1.93,43.42],[1.95,43.42],[1.96,43.43],[1.97,43.42],[1.98,43.42],[1.99,43.41],[2.0,43.41],[2.01,43.41],[2.02,43.42],[2.03,43.42],[2.04,43.42],[2.03,43.44],[2.05,43.43],[2.07,43.41],[2.07,43.4],[2.09,43.4],[2.11,43.4],[2.13,43.4],[2.14,43.4],[2.16,43.42],[2.17,43.42],[2.19,43.39],[2.2,43.39],[2.22,43.38],[2.23,43.4],[2.23,43.41],[2.22,43.42],[2.22,43.43],[2.24,43.44],[2.25,43.45],[2.26,43.46],[2.28,43.44],[2.3,43.45],[2.31,43.44],[2.33,43.44],[2.35,43.43],[2.37,43.42],[2.38,43.42],[2.39,43.42],[2.4,43.42],[2.41,43.42],[2.43,43.44],[2.46,43.43],[2.47,43.44],[2.5,43.44],[2.5,43.43],[2.52,43.42],[2.55,43.42],[2.57,43.42],[2.58,43.42],[2.59,43.41],[2.59,43.4],[2.57,43.4],[2.56,43.39],[2.55,43.36],[2.54,43.35],[2.56,43.34],[2.58,43.33],[2.59,43.33],[2.59,43.32],[2.6,43.31],[2.6,43.3],[2.62,43.29],[2.63,43.29],[2.63,43.3],[2.66,43.29],[2.68,43.31],[2.69,43.32],[2.7,43.31],[2.7,43.3],[2.7,43.28],[2.71,43.27],[2.72,43.28],[2.74,43.27],[2.75,43.25],[2.77,43.26],[2.79,43.27],[2.79,43.29],[2.82,43.31],[2.81,43.32],[2.83,43.32],[2.87,43.33],[2.87,43.34],[2.87,43.36],[2.86,43.37],[2.87,43.38],[2.88,43.37],[2.89,43.36],[2.89,43.35],[2.89,43.34],[2.88,43.33],[2.89,43.33],[2.91,43.32],[2.92,43.33],[2.95,43.31],[2.96,43.31],[2.98,43.32],[3.0,43.32],[3.01,43.3],[3.0,43.29],[3.02,43.28],[3.03,43.28],[3.05,43.28],[3.08,43.26],[3.09,43.26],[3.11,43.25],[3.12,43.26],[3.14,43.26],[3.15,43.25],[3.16,43.24],[3.18,43.24],[3.19,43.25],[3.2,43.25],[3.21,43.24],[3.23,43.22],[3.24,43.21],[3.22,43.2],[3.19,43.18],[3.17,43.16],[3.14,43.13],[3.13,43.11],[3.12,43.1],[3.09,43.07],[3.08,43.06],[3.07,43.02],[3.06,43.01],[3.05,42.99],[3.04,42.96],[3.04,42.94],[3.04,42.93],[3.05,42.93],[3.06,42.92],[3.05,42.89],[3.04,42.84],[2.98,42.87],[2.95,42.88],[2.92,42.88],[2.91,42.9],[2.89,42.9],[2.88,42.9],[2.87,42.92],[2.83,42.91],[2.82,42.9],[2.79,42.9],[2.76,42.87],[2.75,42.85],[2.74,42.84],[2.72,42.83],[2.71,42.83],[2.7,42.83],[2.68,42.83],[2.67,42.84],[2.64,42.83],[2.63,42.84],[2.6,42.84],[2.55,42.85],[2.52,42.84],[2.51,42.85],[2.45,42.84],[2.41,42.84],[2.38,42.85],[2.34,42.84],[2.33,42.84],[2.32,42.82],[2.33,42.82],[2.33,42.8],[2.34,42.8],[2.34,42.78],[2.35,42.77],[2.35,42.75],[2.36,42.73],[2.34,42.72],[2.32,42.71],[2.29,42.7],[2.26,42.71],[2.26,42.7],[2.25,42.68],[2.24,42.68],[2.22,42.67],[2.19,42.66],[2.19,42.65],[2.18,42.65],[2.17,42.66],[2.17,42.67],[2.18,42.68],[2.17,42.7],[2.16,42.7],[2.14,42.71],[2.13,42.72],[2.09,42.74],[2.09,42.75],[2.06,42.76],[2.04,42.75],[2.03,42.75],[2.03,42.74],[2.01,42.74],[2.01,42.73],[1.96,42.74],[1.94,42.75],[1.92,42.76],[1.91,42.77],[1.93,42.77],[1.92,42.78],[1.9,42.81],[1.87,42.82],[1.86,42.82],[1.86,42.83],[1.87,42.84],[1.88,42.85],[1.95,42.86],[1.99,42.87],[1.98,42.88],[1.99,42.9],[1.99,42.92],[1.98,42.93],[1.93,42.94],[1.94,42.95],[1.96,42.96],[1.98,42.96],[1.99,42.95],[2.0,42.96],[1.99,42.97],[1.99,43.0],[1.97,43.01],[1.99,43.03],[1.98,43.03],[1.97,43.05],[1.96,43.05],[1.95,43.05],[1.94,43.05],[1.94,43.06],[1.95,43.07],[1.96,43.07],[1.95,43.08],[1.96,43.09],[1.95,43.1],[1.95,43.12],[1.92,43.13],[1.9,43.13],[1.9,43.12],[1.88,43.13],[1.88,43.14],[1.86,43.15],[1.85,43.16],[1.84,43.16],[1.85,43.15],[1.82,43.15],[1.81,43.16],[1.78,43.16],[1.75,43.18],[1.74,43.18],[1.74,43.19],[1.71,43.19],[1.71,43.2],[1.73,43.21],[1.72,43.22],[1.7,43.24],[1.7,43.26],[1.69,43.27]]]},"properties":{"code":"11","nom":"Aude"}},{"type":"Feature","geometry":{"type":"MultiPolygon","coordinates":[[[[9.27,41.36],[9.26,41.37],[9.27,41.37],[9.27,41.36]]],[[[8.57,42.38],[8.59,42.38],[8.6,42.37],[8.61,42.37],[8.62,42.37],[8.64,42.37],[8.65,42.36],[8.66,42.36],[8.68,42.36],[8.68,42.35],[8.71,42.35],[8.73,42.34],[8.76,42.34],[8.77,42.32],[8.79,42.33],[8.82,42.32],[8.83,42.32],[8.86,42.33],[8.86,42.31],[8.86,42.3],[8.88,42.29],[8.88,42.27],[8.9,42.25],[8.92,42.26],[8.93,42.25],[8.94,42.24],[8.94,42.23],[8.97,42.23],[8.99,42.22],[9.01,42.21],[9.03,42.2],[9.05,42.21],[9.05,42.19],[9.05,42.17],[9.07,42.16],[9.08,42.14],[9.07,42.13],[9.08,42.13],[9.09,42.12],[9.1,42.12],[9.12,42.11],[9.13,42.09],[9.13,42.07],[9.14,42.05],[9.15,42.04],[9.16,42.03],[9.19,42.03],[9.22,42.03],[9.22,42.01],[9.22,41.99],[9.22,41.96],[9.22,41.95],[9.22,41.94],[9.23,41.93],[9.21,41.92],[9.22,41.91],[9.23,41.92],[9.25,41.91],[9.25,41.9],[9.23,41.88],[9.24,41.88],[9.23,41.86],[9.24,41.85],[9.26,41.85],[9.27,41.84],[9.29,41.84],[9.3,41.84],[9.31,41.83],[9.33,41.84],[9.34,41.85],[9.36,41.86],[9.37,41.87],[9.39,41.87],[9.4,41.86],[9.4,41.85],[9.41,41.82],[9.39,41.8],[9.4,41.79],[9.4,41.78],[9.41,41.77],[9.41,41.75],[9.41,41.74],[9.4,41.72],[9.4,41.71],[9.4,41.69],[9.38,41.69],[9.37,41.68],[9.38,41.67],[9.39,41.66],[9.39,41.65],[9.36,41.64],[9.35,41.64],[9.35,41.63],[9.35,41.62],[9.34,41.62],[9.33,41.62],[9.31,41.63],[9.31,41.62],[9.3,41.61],[9.29,41.61],[9.28,41.6],[9.29,41.59],[9.3,41.58],[9.31,41.59],[9.31,41.6],[9.32,41.6],[9.34,41.6],[9.35,41.59],[9.37,41.6],[9.35,41.58],[9.35,41.57],[9.34,41.56],[9.32,41.56],[9.3,41.55],[9.29,41.53],[9.27,41.53],[9.27,41.52],[9.28,41.52],[9.28,41.51],[9.27,41.5],[9.28,41.5],[9.29,41.49],[9.28,41.48],[9.28,41.46],[9.27,41.47],[9.24,41.45],[9.22,41.44],[9.23,41.43],[9.23,41.41],[9.24,41.42],[9.27,41.43],[9.26,41.41],[9.25,41.41],[9.24,41.39],[9.23,41.39],[9.22,41.38],[9.22,41.37],[9.2,41.37],[9.18,41.37],[9.17,41.38],[9.17,41.39],[9.14,41.39],[9.12,41.4],[9.09,41.39],[9.09,41.4],[9.1,41.41],[9.11,41.42],[9.1,41.43],[9.12,41.44],[9.1,41.44],[9.09,41.45],[9.08,41.44],[9.07,41.44],[9.07,41.45],[9.07,41.47],[9.07,41.48],[9.05,41.46],[9.04,41.46],[9.02,41.47],[9.01,41.48],[9.0,41.48],[8.99,41.49],[8.98,41.48],[8.96,41.49],[8.94,41.49],[8.93,41.5],[8.92,41.5],[8.91,41.51],[8.9,41.51],[8.88,41.51],[8.89,41.52],[8.88,41.52],[8.87,41.52],[8.85,41.52],[8.84,41.52],[8.85,41.53],[8.85,41.54],[8.84,41.55],[8.82,41.55],[8.81,41.55],[8.79,41.56],[8.8,41.57],[8.78,41.59],[8.78,41.6],[8.79,41.61],[8.79,41.63],[8.8,41.63],[8.82,41.63],[8.83,41.64],[8.85,41.65],[8.87,41.65],[8.88,41.65],[8.88,41.67],[8.89,41.67],[8.91,41.68],[8.92,41.68],[8.91,41.69],[8.89,41.69],[8.88,41.7],[8.84,41.7],[8.83,41.71],[8.81,41.71],[8.79,41.71],[8.77,41.71],[8.78,41.73],[8.78,41.74],[8.77,41.74],[8.76,41.74],[8.74,41.73],[8.73,41.73],[8.72,41.72],[8.7,41.73],[8.71,41.74],[8.7,41.74],[8.68,41.74],[8.67,41.74],[8.66,41.74],[8.66,41.75],[8.67,41.75],[8.68,41.75],[8.7,41.76],[8.71,41.76],[8.73,41.78],[8.73,41.79],[8.72,41.79],[8.72,41.8],[8.74,41.8],[8.75,41.81],[8.76,41.81],[8.77,41.81],[8.77,41.83],[8.78,41.83],[8.77,41.84],[8.77,41.85],[8.78,41.85],[8.79,41.86],[8.79,41.87],[8.78,41.88],[8.8,41.89],[8.8,41.91],[8.79,41.92],[8.77,41.93],[8.76,41.92],[8.75,41.93],[8.74,41.93],[8.74,41.92],[8.73,41.92],[8.72,41.91],[8.7,41.91],[8.69,41.91],[8.67,41.91],[8.66,41.91],[8.64,41.91],[8.61,41.9],[8.61,41.91],[8.62,41.93],[8.62,41.94],[8.61,41.94],[8.61,41.95],[8.6,41.95],[8.6,41.97],[8.61,41.97],[8.64,41.97],[8.65,41.97],[8.67,41.98],[8.67,41.99],[8.66,41.99],[8.66,42.01],[8.67,42.02],[8.69,42.03],[8.7,42.03],[8.73,42.03],[8.72,42.04],[8.74,42.04],[8.75,42.05],[8.74,42.06],[8.72,42.06],[8.72,42.07],[8.71,42.08],[8.7,42.09],[8.71,42.1],[8.7,42.11],[8.69,42.12],[8.68,42.11],[8.67,42.11],[8.66,42.1],[8.65,42.12],[8.64,42.12],[8.63,42.12],[8.61,42.13],[8.6,42.13],[8.58,42.13],[8.58,42.14],[8.59,42.14],[8.59,42.15],[8.58,42.16],[8.59,42.16],[8.59,42.17],[8.57,42.17],[8.57,42.18],[8.58,42.18],[8.58,42.19],[8.58,42.21],[8.57,42.21],[8.58,42.22],[8.57,42.22],[8.57,42.23],[8.55,42.23],[8.54,42.23],[8.55,42.24],[8.56,42.24],[8.57,42.24],[8.58,42.24],[8.59,42.24],[8.62,42.26],[8.63,42.25],[8.64,42.26],[8.67,42.26],[8.69,42.26],[8.69,42.28],[8.68,42.28],[8.67,42.29],[8.66,42.3],[8.65,42.3],[8.64,42.3],[8.63,42.31],[8.61,42.31],[8.6,42.32],[8.62,42.33],[8.63,42.33],[8.63,42.34],[8.62,42.34],[8.6,42.35],[8.59,42.35],[8.58,42.35],[8.57,42.34],[8.56,42.33],[8.55,42.33],[8.56,42.34],[8.55,42.35],[8.56,42.36],[8.54,42.37],[8.55,42.38],[8.56,42.37],[8.57,42.37],[8.58,42.38],[8.57,42.38]]]]},"properties":{"code":"2A","nom":"Corse-du-Sud"}},{"type":"Feature","geometry":{"type":"MultiPolygon","coordinates":[[[[-3.0,48.84],[-3.01,48.84],[-3.01,48.86],[-2.99,48.86],[-2.99,48.85],[-3.0,48.84]]],[[[-3.58,48.79],[-3.58,48.8],[-3.57,48.81],[-3.57,48.8],[-3.58,48.79]]],[[[-2.12,48.6],[-2.12,48.59],[-2.1,48.57],[-2.08,48.57],[-2.06,48.57],[-2.04,48.56],[-2.05,48.55],[-2.05,48.54],[-2.01,48.57],[-1.99,48.56],[-1.99,48.55],[-1.98,48.54],[-1.97,48.53],[-1.99,48.53],[-1.99,48.51],[-1.97,48.52],[-1.95,48.52],[-1.95,48.54],[-1.93,48.55],[-1.92,48.54],[-1.91,48.52],[-1.91,48.51],[-1.92,48.5],[-1.92,48.49],[-1.91,48.48],[-1.93,48.48],[-1.93,48.47],[-1.92,48.46],[-1.93,48.45],[-1.94,48.45],[-1.95,48.45],[-1.95,48.43],[-1.94,48.42],[-1.94,48.4],[-1.93,48.39],[-1.94,48.39],[-1.95,48.38],[-1.95,48.37],[-1.94,48.36],[-1.93,48.36],[-1.93,48.35],[-1.95,48.34],[-1.97,48.34],[-1.95,48.32],[-1.96,48.3],[-1.96,48.29],[-1.98,48.3],[-2.0,48.3],[-2.01,48.29],[-2.0,48.28],[-2.01,48.28],[-2.04,48.29],[-2.05,48.3],[-2.08,48.29],[-2.08,48.28],[-2.09,48.28],[-2.11,48.28],[-2.11,48.27],[-2.1,48.27],[-2.11,48.25],[-2.13,48.26],[-2.15,48.26],[-2.17,48.25],[-2.19,48.25],[-2.19,48.23],[-2.18,48.21],[-2.19,48.21],[-2.2,48.21],[-2.22,48.21],[-2.23,48.21],[-2.22,48.2],[-2.22,48.17],[-2.23,48.17],[-2.25,48.16],[-2.25,48.15],[-2.24,48.15],[-2.24,48.14],[-2.25,48.14],[-2.26,48.15],[-2.27,48.15],[-2.28,48.14],[-2.29,48.13],[-2.31,48.14],[-2.32,48.13],[-2.32,48.12],[-2.34,48.12],[-2.34,48.13],[-2.35,48.13],[-2.36,48.11],[-2.37,48.12],[-2.38,48.14],[-2.4,48.15],[-2.41,48.17],[-2.43,48.17],[-2.45,48.17],[-2.46,48.17],[-2.47,48.16],[-2.49,48.17],[-2.49,48.16],[-2.51,48.16],[-2.53,48.16],[-2.52,48.15],[-2.52,48.14],[-2.51,48.13],[-2.53,48.11],[-2.55,48.1],[-2.55,48.08],[-2.56,48.07],[-2.57,48.07],[-2.59,48.05],[-2.63,48.04],[-2.65,48.04],[-2.67,48.05],[-2.67,48.07],[-2.66,48.08],[-2.65,48.1],[-2.65,48.12],[-2.66,48.13],[-2.68,48.13],[-2.7,48.12],[-2.7,48.11],[-2.75,48.12],[-2.76,48.1],[-2.77,48.09],[-2.78,48.09],[-2.78,48.1],[-2.78,48.11],[-2.78,48.12],[-2.81,48.14],[-2.81,48.15],[-2.83,48.15],[-2.84,48.14],[-2.85,48.14],[-2.88,48.15],[-2.89,48.16],[-2.9,48.16],[-2.94,48.17],[-2.95,48.17],[-2.97,48.17],[-2.99,48.16],[-3.0,48.16],[-3.01,48.17],[-3.01,48.19],[-3.01,48.2],[-3.03,48.2],[-3.06,48.21],[-3.07,48.21],[-3.08,48.21],[-3.09,48.2],[-3.1,48.21],[-3.12,48.21],[-3.12,48.2],[-3.13,48.2],[-3.14,48.18],[-3.13,48.18],[-3.14,48.16],[-3.16,48.16],[-3.17,48.16],[-3.18,48.16],[-3.19,48.16],[-3.22,48.15],[-3.22,48.14],[-3.23,48.15],[-3.25,48.15],[-3.27,48.14],[-3.28,48.14],[-3.29,48.15],[-3.3,48.15],[-3.32,48.15],[-3.34,48.17],[-3.35,48.16],[-3.38,48.16],[-3.39,48.16],[-3.4,48.15],[-3.42,48.15],[-3.44,48.15],[-3.44,48.16],[-3.42,48.17],[-3.42,48.18],[-3.44,48.19],[-3.45,48.18],[-3.47,48.18],[-3.48,48.19],[-3.51,48.18],[-3.53,48.18],[-3.55,48.18],[-3.56,48.19],[-3.57,48.19],[-3.54,48.19],[-3.53,48.19],[-3.52,48.19],[-3.52,48.2],[-3.54,48.21],[-3.56,48.23],[-3.56,48.24],[-3.54,48.25],[-3.54,48.26],[-3.52,48.26],[-3.53,48.27],[-3.52,48.28],[-3.55,48.29],[-3.54,48.3],[-3.53,48.31],[-3.55,48.31],[-3.56,48.34],[-3.56,48.35],[-3.55,48.38],[-3.58,48.38],[-3.61,48.39],[-3.6,48.4],[-3.6,48.42],[-3.59,48.43],[-3.56,48.44],[-3.55,48.45],[-3.57,48.45],[-3.58,48.46],[-3.6,48.47],[-3.6,48.5],[-3.58,48.51],[-3.56,48.53],[-3.54,48.54],[-3.55,48.54],[-3.57,48.56],[-3.59,48.55],[-3.6,48.56],[-3.58,48.57],[-3.59,48.59],[-3.6,48.58],[-3.62,48.59],[-3.63,48.59],[-3.64,48.6],[-3.64,48.61],[-3.65,48.61],[-3.66,48.65],[-3.66,48.66],[-3.64,48.67],[-3.64,48.68],[-3.62,48.69],[-3.62,48.68],[-3.61,48.67],[-3.6,48.67],[-3.58,48.67],[-3.57,48.68],[-3.58,48.69],[-3.58,48.7],[-3.58,48.72],[-3.55,48.73],[-3.55,48.75],[-3.57,48.76],[-3.58,48.76],[-3.59,48.78],[-3.57,48.8],[-3.55,48.79],[-3.54,48.8],[-3.55,48.81],[-3.54,48.82],[-3.51,48.83],[-3.49,48.83],[-3.49,48.84],[-3.48,48.84],[-3.47,48.82],[-3.45,48.82],[-3.44,48.82],[-3.43,48.82],[-3.44,48.8],[-3.43,48.8],[-3.4,48.8],[-3.39,48.81],[-3.39,48.82],[-3.36,48.82],[-3.34,48.83],[-3.32,48.84],[-3.29,48.83],[-3.28,48.84],[-3.26,48.83],[-3.26,48.85],[-3.25,48.86],[-3.23,48.86],[-3.23,48.87],[-3.22,48.87],[-3.21,48.85],[-3.21,48.84],[-3.2,48.83],[-3.21,48.81],[-3.2,48.82],[-3.2,48.83],[-3.18,48.84],[-3.17,48.84],[-3.17,48.85],[-3.16,48.85],[-3.13,48.86],[-3.11,48.87],[-3.08,48.87],[-3.09,48.86],[-3.09,48.85],[-3.09,48.83],[-3.08,48.83],[-3.09,48.81],[-3.1,48.8],[-3.1,48.79],[-3.1,48.78],[-3.12,48.77],[-3.1,48.77],[-3.09,48.79],[-3.09,48.81],[-3.07,48.82],[-3.06,48.82],[-3.05,48.82],[-3.04,48.82],[-3.01,48.82],[-3.02,48.81],[-3.01,48.8],[-3.02,48.8],[-3.02,48.79],[-3.04,48.79],[-3.04,48.78],[-3.02,48.78],[-3.03,48.78],[-3.02,48.77],[-2.99,48.76],[-2.96,48.76],[-2.96,48.77],[-2.94,48.76],[-2.93,48.75],[-2.94,48.75],[-2.93,48.74],[-2.95,48.73],[-2.94,48.72],[-2.93,48.72],[-2.92,48.71],[-2.89,48.7],[-2.88,48.67],[-2.86,48.67],[-2.84,48.66],[-2.83,48.65],[-2.82,48.63],[-2.82,48.61],[-2.83,48.6],[-2.82,48.59],[-2.81,48.59],[-2.8,48.59],[-2.78,48.58],[-2.77,48.57],[-2.75,48.56],[-2.72,48.56],[-2.72,48.55],[-2.71,48.53],[-2.7,48.51],[-2.68,48.5],[-2.68,48.52],[-2.68,48.53],[-2.67,48.53],[-2.66,48.53],[-2.64,48.52],[-2.63,48.53],[-2.63,48.54],[-2.61,48.55],[-2.57,48.58],[-2.55,48.6],[-2.53,48.6],[-2.5,48.61],[-2.47,48.62],[-2.47,48.64],[-2.48,48.64],[-2.47,48.65],[-2.45,48.65],[-2.44,48.65],[-2.41,48.64],[-2.4,48.64],[-2.39,48.65],[-2.36,48.66],[-2.33,48.67],[-2.33,48.68],[-2.31,48.68],[-2.31,48.67],[-2.29,48.67],[-2.3,48.65],[-2.31,48.65],[-2.31,48.63],[-2.34,48.62],[-2.31,48.62],[-2.3,48.62],[-2.29,48.63],[-2.28,48.63],[-2.26,48.64],[-2.24,48.62],[-2.25,48.62],[-2.23,48.61],[-2.22,48.6],[-2.21,48.59],[-2.2,48.58],[-2.19,48.59],[-2.19,48.6],[-2.18,48.6],[-2.19,48.59],[-2.19,48.58],[-2.17,48.58],[-2.16,48.58],[-2.16,48.59],[-2.17,48.6],[-2.14,48.61],[-2.12,48.6]]]]},"properties":{"code":"22","nom":"C\u00f4tes-d'Armor"}},{"type":"Feature","geometry":{"type":"Polygon","coordinates":[[[2.17,46.42],[2.19,46.42],[2.2,46.43],[2.22,46.42],[2.23,46.42],[2.25,46.43],[2.28,46.42],[2.28,46.41],[2.29,46.39],[2.32,46.38],[2.33,46.38],[2.34,46.37],[2.32,46.37],[2.31,46.36],[2.3,46.35],[2.31,46.34],[2.32,46.33],[2.33,46.33],[2.35,46.33],[2.37,46.31],[2.38,46.33],[2.39,46.33],[2.41,46.31],[2.42,46.31],[2.42,46.3],[2.42,46.28],[2.43,46.29],[2.44,46.29],[2.48,46.28],[2.48,46.27],[2.49,46.25],[2.52,46.24],[2.52,46.23],[2.52,46.21],[2.52,46.2],[2.53,46.2],[2.53,46.18],[2.54,46.18],[2.56,46.17],[2.56,46.16],[2.57,46.15],[2.57,46.14],[2.56,46.14],[2.56,46.13],[2.55,46.11],[2.55,46.1],[2.55,46.08],[2.56,46.07],[2.56,46.06],[2.57,46.05],[2.6,46.03],[2.59,45.99],[2.61,45.98],[2.61,45.97],[2.59,45.96],[2.57,45.96],[2.57,45.95],[2.55,45.94],[2.54,45.92],[2.56,45.91],[2.54,45.9],[2.53,45.9],[2.51,45.89],[2.49,45.86],[2.48,45.86],[2.47,45.87],[2.44,45.86],[2.45,45.85],[2.44,45.85],[2.43,45.83],[2.4,45.84],[2.39,45.83],[2.4,45.82],[2.42,45.8],[2.43,45.79],[2.43,45.78],[2.43,45.77],[2.44,45.76],[2.45,45.76],[2.48,45.75],[2.49,45.74],[2.48,45.74],[2.46,45.72],[2.45,45.71],[2.44,45.71],[2.44,45.7],[2.41,45.71],[2.39,45.71],[2.37,45.71],[2.35,45.71],[2.34,45.71],[2.35,45.7],[2.34,45.68],[2.33,45.68],[2.32,45.67],[2.31,45.68],[2.29,45.67],[2.27,45.66],[2.27,45.68],[2.27,45.69],[2.24,45.69],[2.22,45.7],[2.22,45.71],[2.21,45.7],[2.19,45.7],[2.2,45.72],[2.18,45.72],[2.17,45.73],[2.16,45.74],[2.16,45.72],[2.15,45.72],[2.13,45.74],[2.12,45.73],[2.11,45.72],[2.1,45.73],[2.08,45.73],[2.08,45.75],[2.06,45.75],[2.06,45.76],[2.05,45.76],[2.04,45.76],[2.02,45.76],[2.0,45.75],[2.0,45.73],[1.99,45.72],[1.98,45.72],[1.96,45.72],[1.95,45.72],[1.94,45.71],[1.92,45.71],[1.91,45.7],[1.9,45.7],[1.88,45.71],[1.89,45.72],[1.89,45.73],[1.87,45.73],[1.88,45.73],[1.89,45.75],[1.87,45.76],[1.88,45.76],[1.89,45.76],[1.9,45.77],[1.89,45.77],[1.88,45.8],[1.85,45.81],[1.84,45.82],[1.83,45.82],[1.83,45.81],[1.81,45.82],[1.79,45.83],[1.78,45.83],[1.77,45.84],[1.78,45.85],[1.78,45.86],[1.77,45.87],[1.76,45.87],[1.75,45.86],[1.74,45.85],[1.73,45.84],[1.71,45.84],[1.69,45.84],[1.68,45.84],[1.66,45.84],[1.65,45.85],[1.63,45.85],[1.6,45.86],[1.61,45.87],[1.6,45.88],[1.59,45.88],[1.6,45.89],[1.62,45.89],[1.62,45.9],[1.64,45.89],[1.64,45.9],[1.62,45.92],[1.63,45.92],[1.61,45.93],[1.6,45.93],[1.58,45.93],[1.58,45.92],[1.57,45.91],[1.56,45.92],[1.55,45.92],[1.53,45.93],[1.51,45.93],[1.51,45.94],[1.52,45.94],[1.52,45.95],[1.53,45.95],[1.55,45.96],[1.56,45.96],[1.57,45.98],[1.57,45.99],[1.56,46.0],[1.54,46.0],[1.53,46.01],[1.54,46.03],[1.55,46.04],[1.54,46.04],[1.53,46.06],[1.54,46.07],[1.54,46.08],[1.53,46.08],[1.52,46.09],[1.51,46.09],[1.5,46.09],[1.5,46.1],[1.49,46.11],[1.51,46.12],[1.51,46.13],[1.48,46.14],[1.47,46.15],[1.45,46.15],[1.47,46.16],[1.45,46.18],[1.44,46.18],[1.42,46.18],[1.4,46.19],[1.37,46.22],[1.38,46.23],[1.39,46.24],[1.42,46.24],[1.42,46.25],[1.41,46.25],[1.41,46.27],[1.42,46.27],[1.44,46.27],[1.43,46.28],[1.41,46.28],[1.42,46.29],[1.43,46.3],[1.44,46.3],[1.44,46.31],[1.44,46.32],[1.45,46.33],[1.42,46.34],[1.41,46.34],[1.42,46.35],[1.44,46.36],[1.45,46.38],[1.46,46.38],[1.47,46.38],[1.48,46.39],[1.49,46.4],[1.51,46.41],[1.51,46.42],[1.52,46.43],[1.54,46.42],[1.55,46.39],[1.57,46.41],[1.59,46.41],[1.61,46.42],[1.62,46.42],[1.61,46.41],[1.63,46.39],[1.64,46.39],[1.66,46.4],[1.68,46.42],[1.7,46.41],[1.71,46.39],[1.73,46.39],[1.74,46.4],[1.75,46.41],[1.76,46.42],[1.76,46.44],[1.75,46.45],[1.8,46.45],[1.82,46.44],[1.82,46.43],[1.84,46.43],[1.86,46.43],[1.88,46.43],[1.89,46.44],[1.9,46.44],[1.91,46.44],[1.92,46.44],[1.92,46.43],[1.94,46.43],[1.95,46.44],[1.98,46.44],[1.99,46.43],[2.02,46.43],[2.03,46.42],[2.07,46.42],[2.08,46.41],[2.09,46.41],[2.11,46.41],[2.11,46.42],[2.13,46.42],[2.17,46.42]]]},"properties":{"code":"23","nom":"Creuse"}},{"type":"Feature","geometry":{"type":"Polygon","coordinates":[[[6.81,47.56],[6.82,47.55],[6.83,47.55],[6.86,47.55],[6.88,47.56],[6.89,47.55],[6.91,47.55],[6.92,47.53],[6.91,47.53],[6.93,47.52],[6.94,47.52],[6.95,47.51],[6.95,47.5],[6.95,47.49],[6.94,47.49],[6.93,47.49],[6.92,47.5],[6.91,47.49],[6.92,47.48],[6.91,47.47],[6.92,47.47],[6.93,47.46],[6.94,47.43],[6.94,47.42],[6.94,47.41],[6.92,47.41],[6.91,47.39],[6.89,47.37],[6.88,47.36],[6.88,47.35],[6.9,47.36],[6.92,47.36],[6.95,47.36],[6.97,47.36],[6.98,47.36],[6.99,47.36],[7.02,47.37],[7.05,47.36],[7.05,47.35],[7.06,47.34],[7.06,47.33],[7.05,47.33],[7.03,47.33],[7.01,47.32],[7.02,47.31],[7.01,47.3],[6.99,47.3],[6.98,47.3],[6.97,47.29],[6.95,47.29],[6.94,47.29],[6.95,47.26],[6.95,47.24],[6.93,47.22],[6.88,47.2],[6.86,47.18],[6.84,47.17],[6.86,47.16],[6.84,47.15],[6.83,47.15],[6.81,47.13],[6.76,47.12],[6.74,47.11],[6.75,47.1],[6.74,47.09],[6.72,47.09],[6.71,47.08],[6.71,47.07],[6.69,47.07],[6.71,47.05],[6.7,47.04],[6.68,47.04],[6.66,47.03],[6.65,47.02],[6.64,47.0],[6.62,46.99],[6.59,46.99],[6.57,46.98],[6.54,46.97],[6.52,46.97],[6.51,46.97],[6.5,46.97],[6.48,46.96],[6.46,46.94],[6.43,46.93],[6.46,46.9],[6.46,46.89],[6.46,46.85],[6.44,46.83],[6.44,46.82],[6.43,46.81],[6.44,46.8],[6.46,46.79],[6.44,46.76],[6.43,46.75],[6.4,46.75],[6.39,46.74],[6.37,46.72],[6.36,46.72],[6.34,46.71],[6.32,46.7],[6.3,46.69],[6.29,46.69],[6.27,46.68],[6.24,46.66],[6.21,46.64],[6.18,46.62],[6.18,46.61],[6.16,46.61],[6.13,46.59],[6.11,46.58],[6.14,46.56],[6.13,46.55],[6.1,46.57],[6.07,46.6],[6.05,46.61],[6.06,46.62],[6.06,46.63],[6.09,46.64],[6.1,46.64],[6.1,46.65],[6.09,46.67],[6.07,46.69],[6.11,46.71],[6.14,46.73],[6.18,46.74],[6.19,46.76],[6.2,46.76],[6.2,46.77],[6.18,46.8],[6.16,46.8],[6.15,46.82],[6.13,46.83],[6.12,46.83],[6.11,46.85],[6.09,46.84],[6.08,46.85],[6.07,46.86],[6.05,46.85],[6.03,46.85],[6.02,46.86],[6.03,46.87],[6.02,46.87],[6.01,46.87],[6.01,46.89],[6.01,46.9],[6.0,46.9],[5.99,46.91],[5.98,46.92],[6.0,46.93],[5.98,46.94],[5.96,46.95],[5.97,46.95],[5.98,46.96],[5.97,46.97],[5.98,46.98],[5.97,46.98],[5.94,46.98],[5.92,46.99],[5.91,47.0],[5.89,47.0],[5.88,47.01],[5.86,47.01],[5.85,47.01],[5.83,47.01],[5.82,47.02],[5.82,47.05],[5.8,47.04],[5.8,47.03],[5.79,47.02],[5.77,47.02],[5.76,47.01],[5.75,47.02],[5.74,47.03],[5.75,47.03],[5.75,47.04],[5.74,47.05],[5.75,47.06],[5.76,47.04],[5.78,47.05],[5.78,47.06],[5.78,47.07],[5.77,47.09],[5.78,47.1],[5.8,47.11],[5.81,47.12],[5.82,47.13],[5.83,47.14],[5.81,47.15],[5.81,47.17],[5.79,47.18],[5.79,47.19],[5.78,47.19],[5.76,47.19],[5.76,47.2],[5.75,47.21],[5.74,47.2],[5.74,47.21],[5.72,47.22],[5.72,47.23],[5.72,47.24],[5.7,47.27],[5.71,47.27],[5.73,47.26],[5.75,47.27],[5.77,47.28],[5.78,47.29],[5.8,47.29],[5.81,47.29],[5.84,47.3],[5.85,47.31],[5.88,47.32],[5.89,47.31],[5.9,47.32],[5.9,47.33],[5.91,47.33],[5.93,47.33],[5.93,47.34],[5.94,47.34],[5.97,47.34],[5.97,47.33],[5.99,47.33],[6.0,47.34],[6.02,47.33],[6.03,47.34],[6.05,47.35],[6.07,47.35],[6.08,47.35],[6.08,47.37],[6.1,47.37],[6.1,47.36],[6.11,47.36],[6.12,47.37],[6.11,47.38],[6.1,47.38],[6.12,47.39],[6.14,47.39],[6.15,47.39],[6.17,47.4],[6.18,47.4],[6.17,47.41],[6.19,47.41],[6.2,47.42],[6.2,47.43],[6.22,47.42],[6.23,47.41],[6.24,47.41],[6.23,47.42],[6.24,47.43],[6.25,47.42],[6.26,47.43],[6.26,47.45],[6.28,47.44],[6.29,47.46],[6.3,47.47],[6.3,47.48],[6.3,47.49],[6.32,47.49],[6.33,47.51],[6.35,47.51],[6.37,47.51],[6.39,47.51],[6.39,47.52],[6.4,47.52],[6.42,47.52],[6.43,47.52],[6.46,47.51],[6.47,47.49],[6.5,47.51],[6.52,47.5],[6.53,47.51],[6.55,47.49],[6.56,47.5],[6.57,47.5],[6.58,47.51],[6.58,47.53],[6.57,47.53],[6.58,47.54],[6.6,47.54],[6.62,47.53],[6.63,47.53],[6.65,47.54],[6.67,47.56],[6.65,47.57],[6.66,47.58],[6.67,47.57],[6.69,47.57],[6.69,47.56],[6.72,47.55],[6.73,47.56],[6.74,47.55],[6.75,47.54],[6.77,47.54],[6.78,47.54],[6.8,47.55],[6.8,47.56],[6.81,47.56]]]},"properties":{"code":"25","nom":"Doubs"}},{"type":"Feature","geometry":{"type":"MultiPolygon","coordinates":[[[[-5.07,48.48],[-5.06,48.48],[-5.06,48.47],[-5.04,48.47],[-5.06,48.45],[-5.08,48.45],[-5.09,48.44],[-5.11,48.44],[-5.1,48.45],[-5.09,48.45],[-5.1,48.46],[-5.14,48.45],[-5.13,48.46],[-5.11,48.47],[-5.1,48.47],[-5.08,48.47],[-5.07,48.48]]],[[[-3.99,48.74],[-4.01,48.74],[-4.02,48.74],[-4.04,48.75],[-4.02,48.75],[-4.01,48.75],[-3.99,48.74]]],[[[-3.66,48.66],[-3.66,48.65],[-3.65,48.61],[-3.64,48.61],[-3.64,48.6],[-3.63,48.59],[-3.62,48.59],[-3.6,48.58],[-3.59,48.59],[-3.58,48.57],[-3.6,48.56],[-3.59,48.55],[-3.57,48.56],[-3.55,48.54],[-3.54,48.54],[-3.56,48.53],[-3.58,48.51],[-3.6,48.5],[-3.6,48.47],[-3.58,48.46],[-3.57,48.45],[-3.55,48.45],[-3.56,48.44],[-3.59,48.43],[-3.6,48.42],[-3.6,48.4],[-3.61,48.39],[-3.58,48.38],[-3.55,48.38],[-3.56,48.35],[-3.56,48.34],[-3.55,48.31],[-3.53,48.31],[-3.54,48.3],[-3.55,48.29],[-3.52,48.28],[-3.53,48.27],[-3.52,48.26],[-3.54,48.26],[-3.54,48.25],[-3.56,48.24],[-3.56,48.23],[-3.54,48.21],[-3.52,48.2],[-3.52,48.19],[-3.53,48.19],[-3.54,48.19],[-3.57,48.19],[-3.56,48.19],[-3.59,48.18],[-3.61,48.17],[-3.63,48.17],[-3.65,48.16],[-3.67,48.15],[-3.7,48.15],[-3.72,48.14],[-3.71,48.13],[-3.72,48.12],[-3.73,48.11],[-3.73,48.1],[-3.71,48.1],[-3.7,48.09],[-3.7,48.08],[-3.7,48.06],[-3.68,48.06],[-3.67,48.05],[-3.67,48.04],[-3.66,48.03],[-3.66,48.02],[-3.65,48.01],[-3.64,47.99],[-3.63,47.98],[-3.6,47.99],[-3.58,47.99],[-3.57,47.99],[-3.56,47.99],[-3.55,47.99],[-3.53,47.99],[-3.52,47.98],[-3.51,47.97],[-3.5,47.98],[-3.48,47.97],[-3.48,47.95],[-3.46,47.95],[-3.46,47.96],[-3.45,47.96],[-3.42,47.97],[-3.4,47.97],[-3.39,47.95],[-3.4,47.95],[-3.4,47.94],[-3.39,47.93],[-3.39,47.92],[-3.41,47.92],[-3.41,47.91],[-3.4,47.9],[-3.4,47.88],[-3.4,47.87],[-3.42,47.87],[-3.45,47.86],[-3.45,47.85],[-3.46,47.84],[-3.48,47.83],[-3.49,47.82],[-3.51,47.83],[-3.52,47.85],[-3.54,47.84],[-3.54,47.82],[-3.52,47.8],[-3.53,47.79],[-3.53,47.77],[-3.54,47.76],[-3.56,47.77],[-3.58,47.77],[-3.62,47.77],[-3.64,47.77],[-3.65,47.78],[-3.67,47.78],[-3.68,47.78],[-3.72,47.8],[-3.73,47.8],[-3.76,47.79],[-3.79,47.79],[-3.8,47.79],[-3.82,47.8],[-3.84,47.8],[-3.85,47.79],[-3.85,47.8],[-3.87,47.81],[-3.89,47.83],[-3.9,47.84],[-3.9,47.85],[-3.91,47.86],[-3.91,47.87],[-3.93,47.87],[-3.93,47.88],[-3.95,47.89],[-3.97,47.9],[-3.99,47.88],[-3.98,47.86],[-3.98,47.85],[-4.03,47.85],[-4.04,47.85],[-4.06,47.86],[-4.08,47.87],[-4.1,47.86],[-4.1,47.87],[-4.12,47.88],[-4.12,47.89],[-4.14,47.9],[-4.14,47.91],[-4.14,47.92],[-4.13,47.93],[-4.12,47.93],[-4.11,47.94],[-4.11,47.95],[-4.1,47.95],[-4.09,47.96],[-4.1,47.97],[-4.12,47.95],[-4.11,47.94],[-4.12,47.93],[-4.13,47.93],[-4.14,47.92],[-4.15,47.91],[-4.15,47.9],[-4.14,47.89],[-4.12,47.88],[-4.11,47.86],[-4.13,47.86],[-4.14,47.86],[-4.16,47.85],[-4.18,47.88],[-4.2,47.88],[-4.19,47.87],[-4.2,47.86],[-4.19,47.85],[-4.18,47.83],[-4.17,47.84],[-4.16,47.83],[-4.17,47.82],[-4.17,47.81],[-4.19,47.8],[-4.21,47.8],[-4.22,47.79],[-4.23,47.79],[-4.27,47.79],[-4.28,47.79],[-4.29,47.79],[-4.3,47.8],[-4.31,47.8],[-4.32,47.8],[-4.34,47.8],[-4.36,47.8],[-4.37,47.8],[-4.37,47.81],[-4.38,47.82],[-4.35,47.83],[-4.35,47.84],[-4.35,47.85],[-4.36,47.88],[-4.36,47.89],[-4.38,47.91],[-4.4,47.93],[-4.41,47.95],[-4.42,47.96],[-4.45,47.98],[-4.47,47.99],[-4.48,47.99],[-4.5,48.0],[-4.51,48.01],[-4.53,48.01],[-4.54,48.01],[-4.55,48.01],[-4.56,48.0],[-4.59,48.01],[-4.6,48.01],[-4.62,48.02],[-4.63,48.03],[-4.65,48.02],[-4.7,48.03],[-4.71,48.03],[-4.72,48.03],[-4.73,48.04],[-4.71,48.04],[-4.71,48.05],[-4.72,48.06],[-4.67,48.06],[-4.67,48.07],[-4.63,48.07],[-4.62,48.07],[-4.61,48.08],[-4.59,48.08],[-4.58,48.08],[-4.55,48.08],[-4.54,48.09],[-4.51,48.09],[-4.49,48.09],[-4.47,48.1],[-4.46,48.1],[-4.44,48.1],[-4.41,48.11],[-4.39,48.1],[-4.37,48.11],[-4.36,48.11],[-4.35,48.1],[-4.31,48.09],[-4.3,48.09],[-4.28,48.11],[-4.28,48.12],[-4.28,48.13],[-4.27,48.13],[-4.27,48.15],[-4.29,48.16],[-4.3,48.17],[-4.29,48.18],[-4.3,48.19],[-4.32,48.2],[-4.33,48.21],[-4.37,48.21],[-4.38,48.22],[-4.41,48.22],[-4.43,48.23],[-4.45,48.24],[-4.49,48.24],[-4.5,48.23],[-4.5,48.22],[-4.51,48.21],[-4.52,48.19],[-4.54,48.18],[-4.54,48.17],[-4.55,48.17],[-4.55,48.18],[-4.55,48.19],[-4.55,48.21],[-4.56,48.23],[-4.55,48.24],[-4.54,48.24],[-4.54,48.25],[-4.56,48.26],[-4.58,48.25],[-4.62,48.26],[-4.62,48.27],[-4.62,48.28],[-4.6,48.28],[-4.59,48.27],[-4.58,48.28],[-4.57,48.29],[-4.57,48.3],[-4.57,48.31],[-4.58,48.32],[-4.57,48.33],[-4.56,48.34],[-4.53,48.34],[-4.55,48.32],[-4.55,48.31],[-4.56,48.3],[-4.55,48.29],[-4.54,48.29],[-4.54,48.28],[-4.52,48.29],[-4.51,48.31],[-4.5,48.31],[-4.51,48.3],[-4.51,48.28],[-4.5,48.28],[-4.48,48.28],[-4.46,48.29],[-4.42,48.29],[-4.41,48.28],[-4.38,48.28],[-4.37,48.28],[-4.35,48.29],[-4.34,48.29],[-4.31,48.3],[-4.27,48.3],[-4.27,48.29],[-4.28,48.29],[-4.28,48.28],[-4.26,48.27],[-4.25,48.25],[-4.23,48.25],[-4.22,48.26],[-4.21,48.24],[-4.19,48.25],[-4.2,48.25],[-4.21,48.25],[-4.22,48.26],[-4.24,48.25],[-4.25,48.26],[-4.28,48.28],[-4.26,48.28],[-4.23,48.29],[-4.19,48.29],[-4.19,48.3],[-4.22,48.3],[-4.26,48.31],[-4.27,48.31],[-4.28,48.31],[-4.29,48.31],[-4.31,48.31],[-4.33,48.31],[-4.31,48.33],[-4.29,48.34],[-4.28,48.34],[-4.3,48.36],[-4.31,48.35],[-4.3,48.34],[-4.33,48.34],[-4.34,48.35],[-4.34,48.34],[-4.37,48.34],[-4.37,48.33],[-4.38,48.33],[-4.4,48.32],[-4.42,48.32],[-4.42,48.33],[-4.45,48.33],[-4.45,48.34],[-4.44,48.34],[-4.44,48.35],[-4.43,48.37],[-4.42,48.37],[-4.41,48.38],[-4.4,48.39],[-4.37,48.39],[-4.36,48.4],[-4.34,48.4],[-4.31,48.42],[-4.28,48.43],[-4.29,48.44],[-4.31,48.42],[-4.34,48.41],[-4.35,48.41],[-4.37,48.41],[-4.37,48.4],[-4.39,48.4],[-4.4,48.39],[-4.42,48.4],[-4.43,48.4],[-4.44,48.38],[-4.46,48.39],[-4.47,48.38],[-4.48,48.38],[-4.51,48.38],[-4.54,48.36],[-4.55,48.36],[-4.56,48.36],[-4.59,48.34],[-4.61,48.34],[-4.63,48.34],[-4.64,48.34],[-4.65,48.35],[-4.67,48.35],[-4.68,48.36],[-4.7,48.35],[-4.7,48.34],[-4.71,48.33],[-4.73,48.33],[-4.74,48.33],[-4.76,48.33],[-4.77,48.33],[-4.77,48.35],[-4.78,48.36],[-4.76,48.37],[-4.77,48.39],[-4.77,48.4],[-4.79,48.41],[-4.79,48.42],[-4.78,48.44],[-4.78,48.45],[-4.77,48.46],[-4.76,48.47],[-4.78,48.49],[-4.78,48.5],[-4.77,48.51],[-4.77,48.52],[-4.76,48.52],[-4.76,48.53],[-4.75,48.53],[-4.75,48.54],[-4.74,48.55],[-4.73,48.56],[-4.71,48.55],[-4.7,48.57],[-4.69,48.57],[-4.68,48.57],[-4.65,48.57],[-4.63,48.58],[-4.6,48.57],[-4.59,48.56],[-4.58,48.56],[-4.59,48.57],[-4.61,48.58],[-4.6,48.58],[-4.61,48.6],[-4.6,48.61],[-4.59,48.6],[-4.59,48.59],[-4.56,48.6],[-4.56,48.59],[-4.55,48.6],[-4.56,48.6],[-4.57,48.61],[-4.56,48.62],[-4.55,48.63],[-4.54,48.63],[-4.53,48.63],[-4.52,48.63],[-4.5,48.62],[-4.49,48.63],[-4.48,48.62],[-4.46,48.63],[-4.45,48.64],[-4.41,48.64],[-4.43,48.65],[-4.4,48.66],[-4.38,48.66],[-4.35,48.68],[-4.33,48.68],[-4.33,48.67],[-4.31,48.67],[-4.3,48.66],[-4.32,48.64],[-4.31,48.64],[-4.3,48.63],[-4.27,48.65],[-4.25,48.65],[-4.23,48.65],[-4.22,48.65],[-4.19,48.65],[-4.2,48.66],[-4.22,48.66],[-4.21,48.67],[-4.2,48.68],[-4.19,48.69],[-4.17,48.69],[-4.16,48.69],[-4.13,48.69],[-4.08,48.69],[-4.07,48.68],[-4.06,48.69],[-4.06,48.7],[-4.04,48.7],[-4.04,48.71],[-4.02,48.71],[-4.01,48.71],[-4.0,48.71],[-3.98,48.73],[-3.97,48.72],[-3.97,48.71],[-3.98,48.7],[-3.97,48.69],[-3.97,48.68],[-3.95,48.67],[-3.95,48.65],[-3.93,48.66],[-3.92,48.67],[-3.91,48.67],[-3.89,48.67],[-3.91,48.66],[-3.9,48.65],[-3.89,48.64],[-3.86,48.63],[-3.86,48.62],[-3.85,48.63],[-3.86,48.65],[-3.86,48.66],[-3.86,48.67],[-3.85,48.67],[-3.85,48.69],[-3.85,48.7],[-3.83,48.71],[-3.82,48.7],[-3.82,48.72],[-3.81,48.71],[-3.79,48.7],[-3.78,48.7],[-3.77,48.71],[-3.73,48.71],[-3.72,48.7],[-3.7,48.69],[-3.69,48.69],[-3.68,48.69],[-3.66,48.69],[-3.65,48.69],[-3.65,48.68],[-3.64,48.67],[-3.66,48.66]]]]},"properties":{"code":"29","nom":"Finist\u00e8re"}},{"type":"Feature","geometry":{"type":"Polygon","coordinates":[[[3.37,44.17],[3.39,44.17],[3.41,44.15],[3.43,44.15],[3.43,44.13],[3.44,44.13],[3.45,44.13],[3.47,44.13],[3.48,44.12],[3.51,44.13],[3.52,44.12],[3.54,44.12],[3.55,44.11],[3.57,44.12],[3.6,44.12],[3.61,44.12],[3.63,44.12],[3.64,44.14],[3.65,44.15],[3.63,44.16],[3.64,44.18],[3.65,44.18],[3.66,44.17],[3.68,44.18],[3.69,44.17],[3.7,44.17],[3.73,44.16],[3.75,44.15],[3.76,44.15],[3.77,44.14],[3.78,44.14],[3.78,44.13],[3.8,44.13],[3.81,44.13],[3.82,44.14],[3.83,44.14],[3.86,44.13],[3.88,44.13],[3.89,44.15],[3.91,44.15],[3.91,44.16],[3.93,44.16],[3.93,44.17],[3.92,44.18],[3.93,44.18],[3.95,44.17],[3.97,44.16],[3.98,44.17],[3.96,44.18],[3.96,44.19],[3.94,44.2],[3.95,44.22],[3.95,44.24],[3.95,44.25],[3.97,44.25],[3.97,44.26],[3.96,44.27],[3.95,44.27],[3.94,44.27],[3.94,44.28],[3.94,44.29],[3.92,44.31],[3.94,44.32],[3.95,44.33],[3.94,44.34],[3.93,44.34],[3.92,44.36],[3.91,44.37],[3.89,44.38],[3.89,44.39],[3.9,44.39],[3.91,44.4],[3.93,44.41],[3.94,44.4],[3.95,44.4],[3.95,44.41],[3.96,44.41],[3.97,44.43],[3.97,44.44],[3.98,44.45],[4.0,44.46],[4.01,44.45],[4.02,44.45],[4.04,44.45],[4.05,44.43],[4.04,44.42],[4.06,44.41],[4.07,44.41],[4.06,44.39],[4.04,44.39],[4.04,44.38],[4.05,44.38],[4.06,44.37],[4.05,44.34],[4.05,44.33],[4.04,44.33],[4.05,44.32],[4.07,44.33],[4.1,44.33],[4.11,44.33],[4.13,44.34],[4.14,44.33],[4.14,44.31],[4.15,44.31],[4.18,44.32],[4.19,44.3],[4.22,44.29],[4.24,44.27],[4.26,44.26],[4.28,44.27],[4.29,44.29],[4.29,44.31],[4.3,44.32],[4.32,44.32],[4.34,44.34],[4.37,44.34],[4.39,44.35],[4.4,44.33],[4.39,44.3],[4.39,44.29],[4.4,44.29],[4.42,44.29],[4.44,44.28],[4.45,44.3],[4.45,44.33],[4.46,44.34],[4.48,44.34],[4.5,44.34],[4.52,44.33],[4.53,44.32],[4.54,44.32],[4.56,44.3],[4.57,44.3],[4.59,44.29],[4.61,44.29],[4.62,44.28],[4.63,44.28],[4.64,44.28],[4.64,44.27],[4.65,44.27],[4.65,44.25],[4.67,44.24],[4.68,44.23],[4.67,44.22],[4.68,44.21],[4.7,44.22],[4.71,44.21],[4.7,44.2],[4.72,44.19],[4.72,44.17],[4.72,44.14],[4.71,44.14],[4.71,44.11],[4.71,44.1],[4.72,44.09],[4.73,44.08],[4.75,44.09],[4.76,44.09],[4.76,44.08],[4.79,44.07],[4.79,44.05],[4.81,44.04],[4.82,44.03],[4.82,44.02],[4.84,44.01],[4.85,44.0],[4.84,43.99],[4.83,43.99],[4.82,43.99],[4.81,43.98],[4.82,43.97],[4.81,43.96],[4.8,43.96],[4.78,43.94],[4.77,43.93],[4.75,43.93],[4.74,43.92],[4.72,43.91],[4.7,43.9],[4.71,43.9],[4.69,43.88],[4.67,43.88],[4.66,43.87],[4.64,43.87],[4.65,43.85],[4.66,43.85],[4.67,43.84],[4.65,43.84],[4.64,43.83],[4.65,43.82],[4.65,43.81],[4.65,43.78],[4.63,43.76],[4.62,43.74],[4.61,43.73],[4.61,43.71],[4.63,43.69],[4.61,43.69],[4.59,43.69],[4.58,43.7],[4.55,43.7],[4.54,43.71],[4.52,43.7],[4.5,43.7],[4.49,43.7],[4.48,43.68],[4.48,43.67],[4.46,43.67],[4.45,43.66],[4.44,43.64],[4.43,43.62],[4.44,43.61],[4.45,43.61],[4.47,43.62],[4.48,43.61],[4.46,43.59],[4.44,43.58],[4.43,43.59],[4.4,43.57],[4.42,43.57],[4.41,43.56],[4.39,43.56],[4.38,43.55],[4.37,43.55],[4.35,43.55],[4.33,43.54],[4.32,43.54],[4.31,43.54],[4.32,43.53],[4.31,43.52],[4.3,43.52],[4.27,43.51],[4.26,43.51],[4.24,43.5],[4.23,43.48],[4.23,43.46],[4.19,43.47],[4.17,43.47],[4.14,43.48],[4.12,43.49],[4.12,43.51],[4.13,43.52],[4.14,43.53],[4.12,43.55],[4.1,43.55],[4.11,43.57],[4.1,43.58],[4.1,43.59],[4.11,43.59],[4.15,43.59],[4.16,43.6],[4.17,43.61],[4.19,43.64],[4.19,43.65],[4.17,43.68],[4.16,43.69],[4.16,43.71],[4.15,43.72],[4.14,43.73],[4.13,43.74],[4.11,43.74],[4.09,43.75],[4.09,43.76],[4.09,43.77],[4.07,43.77],[4.05,43.77],[4.05,43.79],[4.02,43.8],[4.0,43.81],[3.97,43.8],[3.96,43.81],[3.96,43.82],[3.97,43.82],[3.98,43.84],[3.96,43.84],[3.96,43.85],[3.94,43.85],[3.92,43.86],[3.92,43.87],[3.92,43.89],[3.9,43.88],[3.86,43.88],[3.85,43.87],[3.84,43.87],[3.83,43.87],[3.82,43.87],[3.81,43.88],[3.8,43.89],[3.82,43.91],[3.82,43.92],[3.83,43.94],[3.82,43.94],[3.8,43.94],[3.79,43.95],[3.79,43.97],[3.75,43.97],[3.74,43.97],[3.73,43.97],[3.72,43.96],[3.71,43.96],[3.68,43.95],[3.68,43.94],[3.67,43.91],[3.65,43.91],[3.65,43.9],[3.63,43.9],[3.64,43.92],[3.62,43.92],[3.6,43.89],[3.59,43.88],[3.58,43.87],[3.58,43.86],[3.6,43.85],[3.58,43.84],[3.56,43.86],[3.55,43.85],[3.53,43.86],[3.52,43.86],[3.52,43.89],[3.51,43.9],[3.5,43.89],[3.48,43.89],[3.46,43.87],[3.44,43.86],[3.42,43.87],[3.43,43.88],[3.44,43.89],[3.44,43.9],[3.42,43.91],[3.4,43.92],[3.39,43.91],[3.37,43.91],[3.36,43.91],[3.35,43.93],[3.35,43.94],[3.36,43.95],[3.38,43.96],[3.38,43.97],[3.4,43.97],[3.41,43.97],[3.42,43.99],[3.44,44.0],[3.45,44.0],[3.45,44.02],[3.42,44.04],[3.4,44.04],[3.39,44.05],[3.38,44.05],[3.37,44.06],[3.35,44.05],[3.34,44.06],[3.33,44.08],[3.32,44.08],[3.31,44.07],[3.3,44.07],[3.29,44.07],[3.26,44.09],[3.29,44.11],[3.31,44.11],[3.32,44.11],[3.32,44.12],[3.32,44.14],[3.33,44.14],[3.34,44.16],[3.37,44.17]]]},"properties":{"code":"30","nom":"Gard"}},{"type":"Feature","geometry":{"type":"Polygon","coordinates":[[[-1.03,45.57],[-0.93,45.5],[-0.86,45.45],[-0.84,45.44],[-0.77,45.37],[-0.75,45.32],[-0.72,45.33],[-0.71,45.33],[-0.64,45.32],[-0.61,45.32],[-0.59,45.32],[-0.59,45.33],[-0.59,45.34],[-0.57,45.33],[-0.57,45.31],[-0.57,45.3],[-0.56,45.3],[-0.53,45.29],[-0.51,45.29],[-0.49,45.29],[-0.47,45.29],[-0.43,45.28],[-0.42,45.27],[-0.42,45.25],[-0.41,45.25],[-0.41,45.24],[-0.41,45.22],[-0.42,45.2],[-0.41,45.19],[-0.4,45.18],[-0.39,45.16],[-0.38,45.14],[-0.38,45.16],[-0.36,45.17],[-0.34,45.17],[-0.32,45.16],[-0.32,45.15],[-0.31,45.14],[-0.31,45.15],[-0.28,45.14],[-0.27,45.14],[-0.26,45.11],[-0.25,45.11],[-0.23,45.11],[-0.22,45.11],[-0.21,45.1],[-0.19,45.09],[-0.16,45.09],[-0.15,45.09],[-0.14,45.09],[-0.12,45.11],[-0.11,45.12],[-0.1,45.12],[-0.09,45.12],[-0.08,45.12],[-0.06,45.1],[-0.05,45.1],[-0.04,45.1],[-0.02,45.12],[-0.0,45.12],[0.02,45.12],[0.05,45.11],[0.06,45.1],[0.06,45.08],[0.07,45.07],[0.07,45.06],[0.05,45.04],[0.04,45.03],[0.04,45.01],[0.04,44.99],[0.03,44.98],[0.02,44.98],[0.01,44.96],[0.01,44.95],[0.02,44.93],[0.03,44.92],[0.01,44.89],[0.0,44.88],[0.0,44.87],[-0.01,44.87],[-0.02,44.86],[-0.03,44.86],[-0.03,44.85],[-0.0,44.85],[0.01,44.85],[0.02,44.85],[0.04,44.84],[0.04,44.83],[0.05,44.82],[0.06,44.83],[0.08,44.82],[0.08,44.83],[0.1,44.83],[0.11,44.83],[0.11,44.82],[0.13,44.83],[0.17,44.83],[0.19,44.82],[0.21,44.84],[0.22,44.84],[0.24,44.86],[0.24,44.87],[0.26,44.87],[0.27,44.87],[0.29,44.86],[0.31,44.85],[0.32,44.85],[0.3,44.84],[0.3,44.83],[0.28,44.82],[0.26,44.83],[0.27,44.81],[0.27,44.8],[0.27,44.78],[0.28,44.77],[0.3,44.76],[0.29,44.76],[0.26,44.75],[0.24,44.75],[0.24,44.76],[0.23,44.76],[0.22,44.75],[0.21,44.74],[0.22,44.72],[0.2,44.72],[0.19,44.74],[0.18,44.75],[0.18,44.74],[0.16,44.74],[0.15,44.73],[0.14,44.74],[0.14,44.72],[0.13,44.7],[0.12,44.71],[0.11,44.71],[0.1,44.7],[0.11,44.68],[0.13,44.68],[0.13,44.67],[0.14,44.67],[0.16,44.67],[0.18,44.67],[0.18,44.66],[0.17,44.64],[0.17,44.63],[0.16,44.63],[0.14,44.64],[0.14,44.63],[0.15,44.62],[0.15,44.61],[0.14,44.61],[0.11,44.59],[0.08,44.58],[0.09,44.58],[0.08,44.56],[0.07,44.55],[0.04,44.55],[0.02,44.55],[0.02,44.54],[0.0,44.55],[0.01,44.54],[0.02,44.53],[0.01,44.52],[0.0,44.52],[-0.02,44.51],[-0.02,44.49],[-0.01,44.48],[-0.01,44.46],[0.0,44.46],[0.01,44.45],[-0.0,44.44],[-0.01,44.42],[-0.0,44.41],[0.02,44.39],[0.01,44.38],[0.02,44.38],[0.01,44.37],[-0.0,44.37],[-0.02,44.37],[-0.03,44.36],[-0.05,44.36],[-0.07,44.35],[-0.08,44.35],[-0.09,44.34],[-0.07,44.32],[-0.06,44.32],[-0.03,44.3],[-0.04,44.29],[-0.04,44.27],[-0.05,44.27],[-0.07,44.25],[-0.09,44.24],[-0.11,44.23],[-0.12,44.24],[-0.14,44.23],[-0.17,44.24],[-0.18,44.26],[-0.19,44.27],[-0.21,44.26],[-0.23,44.26],[-0.22,44.21],[-0.27,44.19],[-0.31,44.2],[-0.36,44.21],[-0.39,44.21],[-0.4,44.24],[-0.38,44.29],[-0.4,44.29],[-0.43,44.3],[-0.43,44.32],[-0.48,44.32],[-0.52,44.34],[-0.53,44.36],[-0.56,44.37],[-0.57,44.38],[-0.63,44.4],[-0.63,44.41],[-0.63,44.44],[-0.64,44.45],[-0.68,44.46],[-0.68,44.44],[-0.7,44.44],[-0.73,44.45],[-0.77,44.44],[-0.78,44.43],[-0.79,44.43],[-0.82,44.42],[-0.85,44.42],[-0.91,44.44],[-0.92,44.44],[-0.97,44.43],[-1.03,44.42],[-1.01,44.44],[-0.99,44.46],[-0.98,44.48],[-0.99,44.51],[-1.01,44.51],[-1.03,44.51],[-1.09,44.53],[-1.11,44.5],[-1.19,44.48],[-1.25,44.47],[-1.25,44.49],[-1.25,44.51],[-1.26,44.54],[-1.26,44.55],[-1.25,44.56],[-1.23,44.58],[-1.21,44.6],[-1.2,44.62],[-1.2,44.64],[-1.19,44.66],[-1.18,44.66],[-1.16,44.66],[-1.15,44.66],[-1.14,44.65],[-1.12,44.65],[-1.1,44.64],[-1.08,44.64],[-1.07,44.65],[-1.05,44.64],[-1.04,44.65],[-1.01,44.65],[-1.02,44.66],[-1.02,44.68],[-1.03,44.68],[-1.05,44.68],[-1.06,44.69],[-1.04,44.69],[-1.11,44.74],[-1.12,44.74],[-1.13,44.75],[-1.15,44.76],[-1.16,44.77],[-1.17,44.77],[-1.18,44.76],[-1.17,44.75],[-1.19,44.74],[-1.19,44.73],[-1.2,44.72],[-1.22,44.71],[-1.23,44.69],[-1.24,44.68],[-1.24,44.67],[-1.24,44.66],[-1.25,44.64],[-1.24,44.63],[-1.25,44.62],[-1.26,44.63],[-1.26,44.65],[-1.25,44.71],[-1.24,44.78],[-1.22,44.86],[-1.2,44.99],[-1.2,45.04],[-1.19,45.07],[-1.19,45.11],[-1.18,45.18],[-1.16,45.3],[-1.16,45.35],[-1.16,45.41],[-1.15,45.44],[-1.15,45.45],[-1.16,45.47],[-1.15,45.48],[-1.14,45.51],[-1.12,45.52],[-1.1,45.54],[-1.1,45.56],[-1.09,45.56],[-1.06,45.57],[-1.03,45.57]]]},"properties":{"code":"33","nom":"Gironde"}},{"type":"Feature","geometry":{"type":"Polygon","coordinates":[[[1.33,47.19],[1.34,47.2],[1.35,47.19],[1.37,47.2],[1.39,47.21],[1.41,47.22],[1.42,47.23],[1.45,47.24],[1.48,47.24],[1.51,47.23],[1.53,47.22],[1.53,47.23],[1.53,47.24],[1.53,47.25],[1.56,47.26],[1.59,47.26],[1.59,47.28],[1.62,47.27],[1.63,47.28],[1.65,47.27],[1.65,47.26],[1.67,47.26],[1.68,47.26],[1.71,47.27],[1.72,47.28],[1.74,47.25],[1.78,47.23],[1.79,47.23],[1.8,47.24],[1.81,47.23],[1.83,47.22],[1.84,47.22],[1.84,47.2],[1.84,47.18],[1.82,47.17],[1.81,47.16],[1.77,47.13],[1.79,47.13],[1.79,47.12],[1.82,47.12],[1.84,47.12],[1.85,47.11],[1.88,47.1],[1.9,47.11],[1.93,47.11],[1.97,47.13],[1.98,47.12],[2.0,47.13],[2.0,47.12],[2.01,47.11],[2.0,47.09],[2.03,47.1],[2.02,47.1],[2.05,47.11],[2.05,47.1],[2.05,47.09],[2.06,47.07],[2.04,47.06],[2.03,47.05],[2.03,47.04],[2.05,47.04],[2.07,47.03],[2.09,47.02],[2.11,47.0],[2.1,46.99],[2.09,46.96],[2.07,46.95],[2.07,46.93],[2.1,46.92],[2.11,46.91],[2.12,46.92],[2.15,46.92],[2.15,46.91],[2.14,46.89],[2.13,46.88],[2.11,46.88],[2.11,46.87],[2.09,46.87],[2.1,46.86],[2.08,46.84],[2.07,46.83],[2.05,46.84],[2.05,46.83],[2.08,46.81],[2.1,46.8],[2.12,46.78],[2.12,46.77],[2.09,46.75],[2.08,46.75],[2.07,46.74],[2.09,46.72],[2.09,46.71],[2.12,46.71],[2.13,46.71],[2.14,46.7],[2.16,46.69],[2.15,46.68],[2.14,46.68],[2.14,46.66],[2.16,46.65],[2.18,46.64],[2.19,46.64],[2.18,46.63],[2.18,46.62],[2.19,46.62],[2.19,46.6],[2.18,46.6],[2.17,46.59],[2.17,46.57],[2.16,46.56],[2.18,46.53],[2.18,46.52],[2.18,46.51],[2.19,46.51],[2.2,46.49],[2.2,46.48],[2.19,46.47],[2.16,46.46],[2.15,46.46],[2.15,46.43],[2.17,46.42],[2.13,46.42],[2.11,46.42],[2.11,46.41],[2.09,46.41],[2.08,46.41],[2.07,46.42],[2.03,46.42],[2.02,46.43],[1.99,46.43],[1.98,46.44],[1.95,46.44],[1.94,46.43],[1.92,46.43],[1.92,46.44],[1.91,46.44],[1.9,46.44],[1.89,46.44],[1.88,46.43],[1.86,46.43],[1.84,46.43],[1.82,46.43],[1.82,46.44],[1.8,46.45],[1.75,46.45],[1.76,46.44],[1.76,46.42],[1.75,46.41],[1.74,46.4],[1.73,46.39],[1.71,46.39],[1.7,46.41],[1.68,46.42],[1.66,46.4],[1.64,46.39],[1.63,46.39],[1.61,46.41],[1.62,46.42],[1.61,46.42],[1.59,46.41],[1.57,46.41],[1.55,46.39],[1.54,46.42],[1.52,46.43],[1.51,46.42],[1.51,46.41],[1.49,46.4],[1.48,46.39],[1.47,46.38],[1.46,46.38],[1.45,46.38],[1.44,46.36],[1.42,46.35],[1.4,46.36],[1.4,46.37],[1.38,46.37],[1.38,46.38],[1.36,46.4],[1.34,46.4],[1.33,46.4],[1.32,46.39],[1.32,46.38],[1.31,46.38],[1.3,46.37],[1.28,46.38],[1.26,46.38],[1.25,46.37],[1.24,46.37],[1.22,46.37],[1.2,46.39],[1.19,46.38],[1.18,46.38],[1.2,46.4],[1.19,46.41],[1.21,46.43],[1.2,46.43],[1.18,46.43],[1.19,46.44],[1.17,46.45],[1.15,46.45],[1.14,46.47],[1.15,46.47],[1.14,46.49],[1.13,46.5],[1.15,46.5],[1.15,46.51],[1.11,46.53],[1.09,46.54],[1.07,46.54],[1.02,46.54],[1.02,46.55],[1.01,46.57],[0.99,46.57],[0.98,46.57],[0.96,46.57],[0.94,46.58],[0.94,46.59],[0.92,46.6],[0.91,46.6],[0.91,46.62],[0.89,46.63],[0.9,46.63],[0.91,46.65],[0.92,46.65],[0.91,46.67],[0.91,46.68],[0.9,46.68],[0.92,46.69],[0.92,46.7],[0.91,46.71],[0.9,46.74],[0.89,46.74],[0.87,46.75],[0.88,46.75],[0.92,46.76],[0.93,46.75],[0.94,46.74],[0.96,46.74],[0.97,46.75],[0.99,46.76],[1.01,46.76],[1.01,46.77],[1.0,46.78],[1.0,46.79],[0.99,46.8],[1.01,46.81],[1.01,46.84],[1.02,46.85],[1.02,46.86],[1.02,46.87],[1.03,46.88],[1.03,46.91],[1.04,46.94],[1.06,46.95],[1.06,46.96],[1.06,46.97],[1.05,46.98],[1.06,46.99],[1.06,47.0],[1.07,47.0],[1.08,47.02],[1.09,47.02],[1.11,47.03],[1.12,47.02],[1.14,47.03],[1.16,47.04],[1.18,47.04],[1.2,47.03],[1.22,47.02],[1.23,47.01],[1.26,47.03],[1.27,47.04],[1.27,47.05],[1.29,47.07],[1.31,47.07],[1.32,47.08],[1.31,47.1],[1.32,47.1],[1.33,47.1],[1.34,47.1],[1.36,47.11],[1.37,47.12],[1.36,47.14],[1.35,47.15],[1.35,47.17],[1.34,47.18],[1.33,47.19]]]},"properties":{"code":"36","nom":"Indre"}},{"type":"Feature","geometry":{"type":"Polygon","coordinates":[[[5.62,45.61],[5.62,45.6],[5.64,45.59],[5.65,45.58],[5.65,45.57],[5.67,45.56],[5.68,45.55],[5.67,45.54],[5.68,45.53],[5.69,45.53],[5.69,45.52],[5.7,45.52],[5.7,45.51],[5.71,45.51],[5.72,45.48],[5.74,45.47],[5.73,45.45],[5.74,45.44],[5.76,45.44],[5.78,45.44],[5.8,45.44],[5.81,45.43],[5.82,45.42],[5.85,45.42],[5.86,45.41],[5.88,45.41],[5.89,45.4],[5.89,45.39],[5.91,45.39],[5.91,45.4],[5.93,45.42],[5.92,45.42],[5.91,45.41],[5.9,45.42],[5.9,45.43],[5.91,45.44],[5.93,45.46],[5.92,45.48],[5.95,45.48],[5.97,45.49],[5.98,45.49],[5.99,45.48],[6.01,45.47],[6.01,45.45],[6.05,45.44],[6.07,45.44],[6.09,45.44],[6.1,45.43],[6.12,45.44],[6.13,45.43],[6.14,45.41],[6.15,45.41],[6.18,45.39],[6.19,45.37],[6.18,45.36],[6.18,45.35],[6.19,45.35],[6.19,45.34],[6.18,45.32],[6.16,45.31],[6.14,45.3],[6.13,45.29],[6.13,45.27],[6.14,45.27],[6.14,45.26],[6.13,45.24],[6.13,45.23],[6.14,45.22],[6.14,45.21],[6.16,45.2],[6.16,45.19],[6.14,45.15],[6.16,45.15],[6.17,45.15],[6.18,45.16],[6.19,45.16],[6.22,45.15],[6.23,45.14],[6.25,45.15],[6.27,45.14],[6.26,45.13],[6.25,45.12],[6.24,45.12],[6.23,45.11],[6.23,45.1],[6.24,45.09],[6.24,45.07],[6.22,45.07],[6.21,45.03],[6.2,45.01],[6.25,45.0],[6.27,45.0],[6.3,45.0],[6.32,45.0],[6.32,44.99],[6.31,44.98],[6.33,44.97],[6.32,44.95],[6.33,44.95],[6.36,44.94],[6.35,44.92],[6.36,44.89],[6.35,44.88],[6.36,44.85],[6.34,44.85],[6.32,44.86],[6.3,44.87],[6.29,44.87],[6.27,44.87],[6.26,44.86],[6.25,44.85],[6.22,44.85],[6.2,44.86],[6.19,44.85],[6.17,44.85],[6.15,44.86],[6.14,44.86],[6.13,44.86],[6.12,44.85],[6.1,44.84],[6.07,44.82],[6.06,44.82],[6.04,44.83],[6.03,44.84],[6.02,44.84],[6.0,44.82],[5.98,44.82],[5.95,44.8],[5.98,44.79],[5.98,44.78],[5.96,44.77],[5.95,44.76],[5.94,44.76],[5.93,44.76],[5.92,44.75],[5.9,44.76],[5.89,44.75],[5.88,44.75],[5.87,44.75],[5.85,44.75],[5.84,44.76],[5.83,44.76],[5.83,44.74],[5.82,44.73],[5.81,44.71],[5.8,44.71],[5.79,44.7],[5.76,44.7],[5.75,44.7],[5.74,44.71],[5.72,44.71],[5.71,44.73],[5.7,44.72],[5.67,44.72],[5.65,44.72],[5.64,44.73],[5.63,44.74],[5.63,44.75],[5.59,44.76],[5.58,44.77],[5.58,44.78],[5.55,44.79],[5.54,44.79],[5.56,44.77],[5.52,44.78],[5.49,44.78],[5.46,44.79],[5.46,44.8],[5.48,44.81],[5.48,44.82],[5.46,44.83],[5.47,44.84],[5.48,44.87],[5.47,44.88],[5.48,44.9],[5.48,44.92],[5.48,44.97],[5.49,44.99],[5.49,45.0],[5.48,45.01],[5.48,45.02],[5.46,45.05],[5.47,45.05],[5.48,45.07],[5.49,45.07],[5.48,45.08],[5.47,45.09],[5.46,45.08],[5.45,45.07],[5.43,45.06],[5.42,45.05],[5.41,45.04],[5.4,45.04],[5.39,45.04],[5.37,45.04],[5.35,45.05],[5.34,45.05],[5.34,45.06],[5.33,45.06],[5.32,45.05],[5.31,45.05],[5.3,45.06],[5.29,45.06],[5.27,45.06],[5.25,45.06],[5.24,45.07],[5.23,45.07],[5.23,45.08],[5.21,45.08],[5.18,45.08],[5.16,45.07],[5.15,45.07],[5.14,45.08],[5.16,45.08],[5.16,45.1],[5.18,45.11],[5.19,45.12],[5.19,45.15],[5.19,45.17],[5.18,45.18],[5.17,45.2],[5.16,45.2],[5.17,45.21],[5.18,45.22],[5.2,45.22],[5.19,45.23],[5.18,45.25],[5.16,45.25],[5.15,45.26],[5.14,45.25],[5.13,45.24],[5.12,45.25],[5.13,45.26],[5.13,45.27],[5.13,45.29],[5.14,45.3],[5.13,45.3],[5.11,45.29],[5.09,45.29],[5.08,45.28],[5.06,45.31],[5.05,45.32],[5.02,45.32],[5.01,45.34],[4.99,45.34],[4.96,45.33],[4.95,45.33],[4.93,45.32],[4.9,45.31],[4.88,45.3],[4.86,45.3],[4.86,45.31],[4.8,45.3],[4.79,45.31],[4.77,45.32],[4.76,45.33],[4.76,45.34],[4.77,45.35],[4.76,45.37],[4.76,45.38],[4.76,45.4],[4.74,45.41],[4.74,45.42],[4.76,45.43],[4.76,45.44],[4.76,45.45],[4.76,45.46],[4.78,45.46],[4.78,45.47],[4.81,45.48],[4.83,45.5],[4.84,45.5],[4.87,45.52],[4.87,45.53],[4.86,45.54],[4.84,45.54],[4.83,45.55],[4.81,45.57],[4.78,45.58],[4.78,45.59],[4.8,45.59],[4.81,45.59],[4.86,45.58],[4.86,45.59],[4.87,45.6],[4.88,45.6],[4.89,45.6],[4.9,45.61],[4.93,45.61],[4.94,45.61],[4.96,45.61],[4.97,45.61],[5.0,45.6],[5.0,45.61],[4.99,45.62],[5.0,45.62],[5.04,45.62],[5.04,45.64],[5.04,45.65],[5.06,45.65],[5.05,45.66],[5.08,45.67],[5.09,45.68],[5.11,45.69],[5.1,45.7],[5.12,45.7],[5.13,45.71],[5.14,45.7],[5.16,45.71],[5.15,45.72],[5.13,45.73],[5.12,45.74],[5.09,45.74],[5.09,45.75],[5.09,45.77],[5.07,45.77],[5.06,45.78],[5.06,45.79],[5.09,45.78],[5.1,45.81],[5.11,45.81],[5.13,45.81],[5.14,45.8],[5.16,45.8],[5.18,45.79],[5.19,45.78],[5.19,45.77],[5.21,45.77],[5.22,45.77],[5.27,45.79],[5.28,45.8],[5.29,45.81],[5.29,45.82],[5.3,45.84],[5.3,45.85],[5.31,45.85],[5.33,45.86],[5.34,45.88],[5.35,45.88],[5.37,45.87],[5.38,45.87],[5.41,45.85],[5.42,45.84],[5.43,45.83],[5.42,45.82],[5.42,45.81],[5.46,45.78],[5.48,45.75],[5.52,45.73],[5.53,45.72],[5.55,45.71],[5.56,45.7],[5.57,45.7],[5.58,45.69],[5.57,45.68],[5.56,45.69],[5.56,45.7],[5.55,45.7],[5.55,45.69],[5.55,45.68],[5.55,45.67],[5.56,45.67],[5.59,45.67],[5.6,45.65],[5.61,45.64],[5.62,45.61]]]},"properties":{"code":"38","nom":"Is\u00e8re"}},{"type":"Feature","geometry":{"type":"Polygon","coordinates":[[[4.05,49.41],[4.07,49.4],[4.08,49.4],[4.13,49.4],[4.14,49.4],[4.16,49.4],[4.18,49.4],[4.19,49.4],[4.2,49.38],[4.21,49.39],[4.23,49.38],[4.25,49.38],[4.26,49.37],[4.28,49.35],[4.29,49.35],[4.31,49.33],[4.33,49.33],[4.35,49.32],[4.38,49.32],[4.38,49.31],[4.39,49.3],[4.41,49.29],[4.42,49.28],[4.44,49.28],[4.45,49.27],[4.46,49.28],[4.48,49.28],[4.52,49.28],[4.54,49.29],[4.56,49.3],[4.58,49.3],[4.58,49.29],[4.6,49.29],[4.59,49.28],[4.59,49.27],[4.61,49.27],[4.61,49.26],[4.62,49.25],[4.63,49.24],[4.64,49.23],[4.65,49.23],[4.65,49.24],[4.67,49.24],[4.69,49.26],[4.7,49.26],[4.72,49.25],[4.73,49.25],[4.74,49.24],[4.77,49.24],[4.79,49.24],[4.82,49.25],[4.82,49.24],[4.83,49.24],[4.87,49.23],[4.86,49.24],[4.88,49.25],[4.88,49.26],[4.89,49.26],[4.92,49.27],[4.92,49.25],[4.95,49.24],[4.97,49.24],[4.98,49.22],[4.99,49.21],[4.98,49.2],[4.96,49.2],[4.94,49.19],[4.95,49.17],[4.96,49.16],[4.97,49.13],[4.99,49.11],[5.0,49.1],[5.0,49.09],[5.0,49.08],[5.01,49.06],[5.0,49.05],[4.97,49.02],[4.99,49.03],[5.01,49.03],[5.02,49.03],[5.04,49.02],[5.04,49.01],[5.03,49.01],[5.03,48.99],[5.01,49.0],[5.0,48.99],[5.0,48.98],[5.01,48.98],[5.02,48.98],[5.03,48.98],[5.04,48.97],[5.03,48.96],[5.02,48.95],[5.01,48.94],[5.0,48.94],[4.99,48.93],[4.96,48.93],[4.95,48.93],[4.94,48.92],[4.93,48.91],[4.92,48.9],[4.92,48.89],[4.91,48.87],[4.92,48.86],[4.93,48.85],[4.94,48.85],[4.94,48.84],[4.92,48.84],[4.89,48.82],[4.9,48.81],[4.89,48.8],[4.9,48.8],[4.93,48.79],[4.94,48.78],[4.95,48.77],[4.98,48.75],[4.99,48.74],[5.01,48.74],[5.01,48.72],[5.01,48.71],[5.0,48.71],[5.01,48.7],[4.99,48.68],[4.98,48.69],[4.95,48.69],[4.94,48.68],[4.91,48.69],[4.89,48.68],[4.88,48.67],[4.87,48.67],[4.85,48.67],[4.82,48.67],[4.82,48.68],[4.8,48.68],[4.78,48.67],[4.77,48.65],[4.8,48.65],[4.84,48.65],[4.85,48.64],[4.85,48.62],[4.86,48.61],[4.83,48.61],[4.82,48.61],[4.81,48.6],[4.79,48.6],[4.78,48.6],[4.77,48.59],[4.77,48.57],[4.78,48.57],[4.8,48.57],[4.78,48.55],[4.79,48.54],[4.8,48.53],[4.76,48.54],[4.72,48.54],[4.71,48.54],[4.67,48.54],[4.67,48.53],[4.67,48.54],[4.65,48.54],[4.64,48.54],[4.64,48.55],[4.61,48.55],[4.58,48.55],[4.56,48.54],[4.55,48.54],[4.55,48.53],[4.53,48.53],[4.53,48.54],[4.51,48.55],[4.5,48.54],[4.47,48.55],[4.44,48.55],[4.4,48.56],[4.39,48.57],[4.35,48.6],[4.33,48.6],[4.32,48.62],[4.33,48.63],[4.32,48.65],[4.33,48.66],[4.32,48.66],[4.33,48.67],[4.33,48.68],[4.32,48.68],[4.33,48.69],[4.33,48.7],[4.32,48.71],[4.3,48.71],[4.27,48.71],[4.26,48.71],[4.25,48.71],[4.24,48.72],[4.23,48.7],[4.17,48.71],[4.15,48.7],[4.13,48.69],[4.08,48.7],[4.07,48.69],[4.06,48.68],[4.07,48.68],[4.06,48.67],[4.03,48.66],[4.0,48.66],[3.99,48.66],[3.98,48.63],[3.97,48.63],[3.96,48.62],[3.95,48.6],[3.92,48.61],[3.91,48.6],[3.91,48.59],[3.9,48.57],[3.87,48.58],[3.85,48.58],[3.86,48.57],[3.86,48.56],[3.86,48.53],[3.85,48.53],[3.82,48.52],[3.8,48.53],[3.77,48.53],[3.76,48.53],[3.73,48.54],[3.7,48.53],[3.68,48.54],[3.66,48.54],[3.65,48.54],[3.64,48.54],[3.63,48.54],[3.63,48.56],[3.63,48.57],[3.63,48.58],[3.62,48.58],[3.6,48.57],[3.59,48.59],[3.58,48.59],[3.58,48.6],[3.56,48.61],[3.56,48.62],[3.55,48.63],[3.52,48.63],[3.52,48.64],[3.5,48.65],[3.49,48.64],[3.48,48.64],[3.45,48.63],[3.46,48.65],[3.44,48.66],[3.44,48.67],[3.45,48.68],[3.47,48.69],[3.48,48.7],[3.46,48.71],[3.47,48.74],[3.44,48.74],[3.44,48.75],[3.43,48.76],[3.41,48.75],[3.4,48.76],[3.4,48.77],[3.41,48.78],[3.43,48.78],[3.44,48.78],[3.44,48.8],[3.41,48.8],[3.4,48.81],[3.42,48.82],[3.43,48.81],[3.45,48.81],[3.47,48.82],[3.48,48.81],[3.49,48.82],[3.48,48.83],[3.49,48.84],[3.49,48.85],[3.48,48.86],[3.5,48.87],[3.51,48.89],[3.53,48.91],[3.56,48.92],[3.57,48.91],[3.57,48.92],[3.57,48.94],[3.59,48.94],[3.6,48.94],[3.6,48.95],[3.59,48.96],[3.6,48.96],[3.62,48.97],[3.62,48.98],[3.64,49.0],[3.67,49.01],[3.68,49.02],[3.66,49.04],[3.65,49.04],[3.62,49.04],[3.62,49.03],[3.59,49.04],[3.59,49.06],[3.61,49.07],[3.62,49.07],[3.63,49.07],[3.64,49.08],[3.63,49.09],[3.62,49.11],[3.6,49.12],[3.61,49.13],[3.62,49.15],[3.65,49.15],[3.67,49.15],[3.68,49.15],[3.7,49.15],[3.7,49.14],[3.72,49.15],[3.74,49.16],[3.75,49.16],[3.75,49.18],[3.74,49.18],[3.73,49.17],[3.7,49.18],[3.7,49.19],[3.7,49.2],[3.7,49.21],[3.68,49.2],[3.68,49.21],[3.66,49.21],[3.65,49.22],[3.67,49.22],[3.68,49.24],[3.67,49.24],[3.66,49.25],[3.66,49.26],[3.67,49.27],[3.65,49.28],[3.66,49.29],[3.64,49.3],[3.65,49.32],[3.66,49.32],[3.67,49.33],[3.69,49.33],[3.7,49.33],[3.72,49.34],[3.74,49.34],[3.74,49.35],[3.76,49.35],[3.77,49.35],[3.78,49.35],[3.8,49.36],[3.82,49.36],[3.83,49.35],[3.85,49.34],[3.86,49.35],[3.85,49.36],[3.86,49.37],[3.86,49.38],[3.88,49.39],[3.92,49.4],[3.92,49.41],[3.93,49.4],[3.94,49.39],[3.96,49.38],[3.99,49.38],[4.01,49.37],[4.01,49.36],[4.04,49.36],[4.04,49.4],[4.05,49.41]]]},"properties":{"code":"51","nom":"Marne"}},{"type":"Feature","geometry":{"type":"Polygon","coordinates":[[[4.67,48.53],[4.67,48.54],[4.71,48.54],[4.72,48.54],[4.76,48.54],[4.8,48.53],[4.79,48.54],[4.78,48.55],[4.8,48.57],[4.78,48.57],[4.77,48.57],[4.77,48.59],[4.78,48.6],[4.79,48.6],[4.81,48.6],[4.82,48.61],[4.83,48.61],[4.86,48.61],[4.85,48.62],[4.85,48.64],[4.84,48.65],[4.8,48.65],[4.77,48.65],[4.78,48.67],[4.8,48.68],[4.82,48.68],[4.82,48.67],[4.85,48.67],[4.87,48.67],[4.88,48.67],[4.89,48.68],[4.91,48.69],[4.94,48.68],[4.95,48.69],[4.98,48.69],[4.99,48.68],[5.0,48.68],[5.01,48.68],[5.01,48.67],[4.99,48.66],[5.0,48.65],[5.01,48.63],[4.99,48.62],[5.0,48.61],[5.01,48.61],[5.03,48.61],[5.05,48.63],[5.06,48.63],[5.06,48.62],[5.07,48.6],[5.1,48.59],[5.12,48.6],[5.12,48.58],[5.13,48.58],[5.13,48.57],[5.15,48.56],[5.17,48.57],[5.18,48.55],[5.2,48.55],[5.2,48.54],[5.21,48.54],[5.21,48.53],[5.23,48.53],[5.26,48.52],[5.3,48.51],[5.31,48.52],[5.31,48.51],[5.33,48.51],[5.33,48.5],[5.34,48.49],[5.35,48.48],[5.37,48.48],[5.38,48.47],[5.4,48.47],[5.41,48.46],[5.4,48.45],[5.41,48.45],[5.43,48.44],[5.44,48.43],[5.45,48.42],[5.47,48.42],[5.44,48.41],[5.42,48.4],[5.39,48.39],[5.41,48.38],[5.44,48.38],[5.42,48.36],[5.42,48.34],[5.43,48.33],[5.45,48.34],[5.46,48.35],[5.47,48.35],[5.48,48.36],[5.5,48.35],[5.53,48.35],[5.52,48.34],[5.53,48.33],[5.55,48.31],[5.58,48.28],[5.59,48.27],[5.6,48.28],[5.61,48.29],[5.65,48.27],[5.65,48.25],[5.64,48.24],[5.66,48.24],[5.68,48.23],[5.69,48.23],[5.71,48.22],[5.73,48.2],[5.73,48.19],[5.7,48.19],[5.68,48.18],[5.69,48.16],[5.68,48.15],[5.68,48.14],[5.66,48.13],[5.66,48.12],[5.67,48.11],[5.65,48.1],[5.64,48.1],[5.64,48.09],[5.63,48.08],[5.65,48.08],[5.65,48.07],[5.66,48.07],[5.65,48.08],[5.68,48.08],[5.69,48.08],[5.7,48.08],[5.7,48.07],[5.71,48.06],[5.73,48.05],[5.74,48.05],[5.76,48.04],[5.77,48.03],[5.78,48.03],[5.78,48.02],[5.79,48.0],[5.79,47.99],[5.78,47.98],[5.79,47.96],[5.79,47.95],[5.8,47.95],[5.82,47.96],[5.83,47.96],[5.84,47.97],[5.84,47.98],[5.85,47.97],[5.85,47.96],[5.86,47.95],[5.87,47.95],[5.88,47.93],[5.89,47.91],[5.89,47.9],[5.87,47.9],[5.85,47.9],[5.84,47.89],[5.82,47.87],[5.83,47.85],[5.81,47.85],[5.8,47.85],[5.76,47.86],[5.75,47.85],[5.74,47.85],[5.75,47.82],[5.73,47.82],[5.7,47.82],[5.69,47.82],[5.68,47.8],[5.68,47.78],[5.68,47.77],[5.71,47.77],[5.71,47.76],[5.71,47.75],[5.71,47.74],[5.69,47.74],[5.68,47.72],[5.68,47.71],[5.69,47.7],[5.69,47.69],[5.69,47.68],[5.66,47.68],[5.65,47.68],[5.64,47.68],[5.62,47.67],[5.61,47.68],[5.6,47.67],[5.58,47.7],[5.57,47.71],[5.54,47.69],[5.53,47.67],[5.52,47.67],[5.48,47.68],[5.47,47.68],[5.45,47.67],[5.44,47.67],[5.43,47.68],[5.41,47.67],[5.4,47.65],[5.41,47.65],[5.39,47.64],[5.37,47.62],[5.37,47.6],[5.35,47.59],[5.34,47.6],[5.34,47.61],[5.32,47.61],[5.3,47.6],[5.29,47.6],[5.28,47.59],[5.28,47.58],[5.25,47.58],[5.25,47.59],[5.24,47.6],[5.26,47.62],[5.25,47.62],[5.24,47.62],[5.23,47.63],[5.22,47.64],[5.19,47.65],[5.17,47.65],[5.17,47.66],[5.18,47.68],[5.16,47.68],[5.16,47.67],[5.13,47.65],[5.11,47.65],[5.1,47.66],[5.08,47.66],[5.07,47.67],[5.06,47.67],[5.04,47.68],[5.06,47.69],[5.03,47.69],[5.03,47.7],[5.03,47.71],[5.0,47.7],[4.99,47.69],[4.98,47.69],[4.95,47.7],[4.96,47.71],[4.97,47.73],[4.96,47.75],[4.96,47.76],[4.95,47.77],[4.93,47.76],[4.92,47.77],[4.92,47.78],[4.96,47.79],[4.96,47.8],[4.98,47.8],[4.99,47.81],[4.99,47.82],[4.98,47.83],[4.97,47.83],[4.96,47.84],[4.96,47.86],[4.95,47.87],[4.93,47.87],[4.93,47.89],[4.92,47.89],[4.9,47.92],[4.89,47.92],[4.87,47.92],[4.86,47.9],[4.83,47.91],[4.83,47.92],[4.85,47.92],[4.85,47.93],[4.87,47.94],[4.85,47.96],[4.84,47.96],[4.82,47.96],[4.79,47.96],[4.79,47.98],[4.81,47.99],[4.79,48.0],[4.79,48.01],[4.75,48.0],[4.72,48.01],[4.7,48.02],[4.71,48.03],[4.72,48.05],[4.71,48.05],[4.7,48.06],[4.69,48.07],[4.66,48.08],[4.67,48.08],[4.68,48.08],[4.7,48.09],[4.71,48.1],[4.72,48.1],[4.73,48.11],[4.73,48.12],[4.75,48.11],[4.77,48.11],[4.79,48.11],[4.82,48.1],[4.84,48.11],[4.83,48.13],[4.85,48.14],[4.84,48.15],[4.84,48.16],[4.84,48.17],[4.85,48.18],[4.86,48.2],[4.86,48.21],[4.84,48.21],[4.84,48.22],[4.85,48.23],[4.84,48.25],[4.86,48.26],[4.84,48.28],[4.85,48.3],[4.84,48.3],[4.83,48.31],[4.82,48.32],[4.81,48.32],[4.83,48.33],[4.84,48.34],[4.83,48.35],[4.81,48.35],[4.79,48.36],[4.78,48.36],[4.75,48.37],[4.76,48.39],[4.75,48.39],[4.72,48.39],[4.71,48.4],[4.68,48.43],[4.67,48.45],[4.64,48.46],[4.63,48.47],[4.65,48.47],[4.65,48.48],[4.66,48.49],[4.66,48.5],[4.66,48.51],[4.67,48.51],[4.68,48.52],[4.67,48.53]]]},"properties":{"code":"52","nom":"Haute-Marne"}},{"type":"Feature","geometry":{"type":"Polygon","coordinates":[[[7.64,49.05],[7.63,49.04],[7.61,49.02],[7.61,49.01],[7.59,48.99],[7.59,48.98],[7.58,48.97],[7.58,48.96],[7.56,48.95],[7.55,48.94],[7.56,48.94],[7.54,48.93],[7.53,48.94],[7.5,48.95],[7.49,48.95],[7.48,48.96],[7.46,48.96],[7.45,48.97],[7.43,48.96],[7.4,48.96],[7.39,48.95],[7.37,48.95],[7.36,48.96],[7.35,48.95],[7.33,48.94],[7.3,48.96],[7.29,48.96],[7.29,48.97],[7.24,48.99],[7.21,48.98],[7.2,48.99],[7.18,48.99],[7.18,49.0],[7.17,49.01],[7.13,49.0],[7.12,49.02],[7.12,49.04],[7.11,49.04],[7.1,49.06],[7.11,49.06],[7.11,49.07],[7.1,49.08],[7.08,49.07],[7.07,49.07],[7.07,49.06],[7.08,49.05],[7.05,49.03],[7.05,49.02],[7.05,49.01],[7.04,49.0],[7.03,48.99],[7.04,48.98],[7.03,48.97],[7.03,48.96],[6.99,48.96],[6.99,48.95],[6.98,48.93],[6.96,48.93],[6.94,48.93],[6.94,48.92],[6.96,48.92],[6.96,48.9],[6.95,48.89],[6.98,48.89],[6.99,48.89],[7.01,48.88],[7.03,48.88],[7.05,48.87],[7.05,48.86],[7.08,48.86],[7.1,48.86],[7.1,48.85],[7.09,48.85],[7.06,48.85],[7.05,48.85],[7.05,48.83],[7.05,48.82],[7.05,48.81],[7.06,48.82],[7.08,48.81],[7.09,48.81],[7.07,48.8],[7.08,48.79],[7.09,48.79],[7.11,48.8],[7.13,48.8],[7.12,48.81],[7.15,48.82],[7.14,48.83],[7.15,48.84],[7.18,48.84],[7.18,48.85],[7.2,48.84],[7.19,48.83],[7.22,48.82],[7.23,48.83],[7.24,48.82],[7.25,48.81],[7.26,48.8],[7.27,48.8],[7.29,48.79],[7.29,48.78],[7.31,48.77],[7.31,48.76],[7.3,48.76],[7.29,48.75],[7.29,48.73],[7.27,48.71],[7.26,48.7],[7.26,48.69],[7.24,48.69],[7.26,48.67],[7.26,48.66],[7.28,48.66],[7.3,48.66],[7.28,48.64],[7.27,48.63],[7.28,48.63],[7.27,48.61],[7.26,48.6],[7.26,48.59],[7.22,48.55],[7.2,48.55],[7.19,48.55],[7.19,48.54],[7.17,48.53],[7.15,48.53],[7.13,48.53],[7.11,48.54],[7.09,48.53],[7.08,48.54],[7.08,48.55],[7.06,48.55],[7.05,48.56],[7.03,48.58],[7.02,48.58],[6.99,48.6],[7.02,48.6],[7.01,48.61],[7.0,48.61],[6.98,48.61],[6.96,48.61],[6.94,48.62],[6.93,48.63],[6.92,48.63],[6.91,48.62],[6.89,48.63],[6.86,48.62],[6.84,48.63],[6.84,48.64],[6.83,48.64],[6.81,48.65],[6.78,48.64],[6.76,48.65],[6.76,48.66],[6.76,48.67],[6.75,48.67],[6.73,48.66],[6.71,48.67],[6.69,48.67],[6.69,48.68],[6.68,48.67],[6.67,48.67],[6.68,48.69],[6.67,48.7],[6.66,48.71],[6.64,48.7],[6.62,48.71],[6.61,48.72],[6.6,48.72],[6.59,48.73],[6.58,48.74],[6.56,48.75],[6.55,48.75],[6.54,48.75],[6.52,48.75],[6.49,48.77],[6.47,48.77],[6.45,48.77],[6.45,48.78],[6.44,48.78],[6.43,48.79],[6.39,48.78],[6.37,48.78],[6.36,48.78],[6.35,48.8],[6.35,48.81],[6.33,48.81],[6.33,48.82],[6.31,48.82],[6.32,48.83],[6.33,48.83],[6.34,48.83],[6.3,48.84],[6.29,48.84],[6.29,48.85],[6.3,48.85],[6.3,48.87],[6.31,48.86],[6.31,48.87],[6.3,48.88],[6.3,48.89],[6.33,48.9],[6.33,48.91],[6.31,48.91],[6.3,48.92],[6.29,48.92],[6.29,48.93],[6.28,48.93],[6.27,48.93],[6.25,48.93],[6.24,48.92],[6.23,48.93],[6.23,48.94],[6.2,48.94],[6.18,48.93],[6.16,48.94],[6.15,48.94],[6.13,48.93],[6.12,48.94],[6.12,48.96],[6.12,48.97],[6.09,48.97],[6.08,48.96],[6.07,48.97],[6.07,48.98],[6.06,48.98],[6.04,48.98],[6.05,49.0],[6.05,49.01],[6.02,49.02],[6.02,49.04],[6.0,49.03],[5.99,49.04],[5.97,49.04],[5.96,49.05],[5.95,49.05],[5.95,49.06],[5.94,49.07],[5.94,49.09],[5.92,49.09],[5.93,49.11],[6.0,49.11],[6.0,49.12],[5.99,49.14],[5.98,49.14],[6.01,49.15],[6.03,49.17],[6.0,49.19],[5.98,49.19],[5.98,49.2],[5.99,49.21],[6.0,49.21],[6.01,49.22],[6.02,49.22],[6.03,49.23],[6.03,49.24],[6.03,49.25],[6.01,49.26],[6.01,49.27],[6.0,49.28],[6.01,49.31],[6.0,49.31],[5.99,49.31],[5.94,49.33],[5.94,49.34],[5.96,49.35],[5.96,49.36],[5.94,49.36],[5.93,49.38],[5.93,49.4],[5.91,49.41],[5.93,49.42],[5.94,49.43],[5.93,49.45],[5.94,49.45],[5.94,49.47],[5.94,49.48],[5.93,49.48],[5.9,49.48],[5.89,49.5],[5.91,49.5],[5.93,49.5],[5.94,49.5],[5.95,49.49],[5.97,49.49],[5.97,49.47],[5.98,49.46],[5.99,49.46],[5.99,49.45],[6.0,49.46],[6.01,49.45],[6.03,49.46],[6.03,49.45],[6.04,49.45],[6.06,49.47],[6.08,49.46],[6.1,49.45],[6.1,49.46],[6.1,49.47],[6.12,49.47],[6.13,49.49],[6.14,49.49],[6.16,49.5],[6.18,49.51],[6.2,49.51],[6.26,49.51],[6.26,49.5],[6.28,49.5],[6.28,49.49],[6.3,49.48],[6.31,49.48],[6.33,49.47],[6.34,49.47],[6.36,49.46],[6.37,49.47],[6.39,49.46],[6.41,49.47],[6.42,49.47],[6.43,49.48],[6.44,49.47],[6.47,49.46],[6.48,49.45],[6.5,49.45],[6.52,49.44],[6.53,49.44],[6.55,49.42],[6.54,49.41],[6.54,49.4],[6.56,49.39],[6.57,49.39],[6.59,49.38],[6.58,49.37],[6.59,49.37],[6.6,49.37],[6.59,49.35],[6.57,49.36],[6.56,49.35],[6.57,49.35],[6.58,49.34],[6.59,49.34],[6.6,49.33],[6.59,49.32],[6.62,49.3],[6.63,49.3],[6.65,49.29],[6.65,49.28],[6.67,49.28],[6.67,49.27],[6.66,49.26],[6.66,49.25],[6.68,49.26],[6.69,49.25],[6.69,49.24],[6.69,49.22],[6.72,49.22],[6.73,49.21],[6.71,49.19],[6.72,49.17],[6.74,49.16],[6.75,49.17],[6.78,49.17],[6.83,49.15],[6.84,49.16],[6.85,49.17],[6.86,49.18],[6.86,49.19],[6.85,49.19],[6.85,49.2],[6.84,49.21],[6.86,49.22],[6.87,49.22],[6.89,49.21],[6.93,49.22],[6.94,49.22],[6.95,49.21],[6.96,49.2],[6.97,49.21],[6.99,49.2],[7.01,49.19],[7.02,49.19],[7.03,49.19],[7.03,49.17],[7.03,49.16],[7.05,49.14],[7.04,49.12],[7.05,49.11],[7.07,49.11],[7.07,49.12],[7.09,49.13],[7.08,49.15],[7.1,49.16],[7.11,49.15],[7.1,49.15],[7.1,49.14],[7.13,49.14],[7.13,49.13],[7.16,49.12],[7.16,49.13],[7.18,49.13],[7.2,49.12],[7.21,49.12],[7.22,49.13],[7.25,49.13],[7.27,49.12],[7.28,49.12],[7.29,49.12],[7.3,49.12],[7.31,49.14],[7.33,49.14],[7.35,49.14],[7.36,49.15],[7.37,49.17],[7.38,49.18],[7.45,49.18],[7.44,49.18],[7.44,49.17],[7.46,49.17],[7.49,49.17],[7.5,49.16],[7.51,49.15],[7.49,49.14],[7.5,49.12],[7.52,49.12],[7.52,49.11],[7.54,49.09],[7.56,49.08],[7.57,49.08],[7.6,49.08],[7.63,49.07],[7.64,49.05]]]},"properties":{"code":"57","nom":"Moselle"}},{"type":"Feature","geometry":{"type":"MultiPolygon","coordinates":[[[[-0.1,43.24],[-0.12,43.24],[-0.13,43.26],[-0.14,43.27],[-0.14,43.28],[-0.13,43.29],[-0.12,43.31],[-0.11,43.31],[-0.09,43.3],[-0.1,43.29],[-0.08,43.27],[-0.08,43.26],[-0.09,43.25],[-0.1,43.25],[-0.1,43.24]]],[[[-0.1,43.36],[-0.11,43.37],[-0.09,43.37],[-0.08,43.36],[-0.07,43.36],[-0.06,43.35],[-0.07,43.32],[-0.08,43.31],[-0.1,43.31],[-0.11,43.32],[-0.12,43.33],[-0.11,43.34],[-0.1,43.33],[-0.09,43.34],[-0.09,43.36],[-0.1,43.36]]],[[[-0.1,43.58],[-0.09,43.59],[-0.08,43.59],[-0.07,43.61],[-0.06,43.61],[-0.05,43.61],[-0.03,43.6],[-0.02,43.6],[-0.01,43.59],[-0.0,43.57],[0.01,43.56],[0.02,43.54],[0.03,43.54],[0.04,43.54],[0.05,43.52],[0.06,43.52],[0.08,43.52],[0.09,43.51],[0.1,43.51],[0.11,43.52],[0.13,43.49],[0.13,43.47],[0.14,43.47],[0.15,43.47],[0.15,43.46],[0.16,43.45],[0.17,43.44],[0.14,43.43],[0.13,43.42],[0.14,43.42],[0.15,43.4],[0.17,43.4],[0.18,43.37],[0.2,43.38],[0.21,43.37],[0.22,43.37],[0.23,43.37],[0.25,43.38],[0.28,43.39],[0.3,43.39],[0.3,43.37],[0.32,43.37],[0.33,43.37],[0.33,43.35],[0.33,43.34],[0.35,43.35],[0.36,43.35],[0.39,43.36],[0.4,43.35],[0.4,43.33],[0.41,43.33],[0.44,43.33],[0.45,43.34],[0.47,43.33],[0.48,43.33],[0.5,43.33],[0.54,43.33],[0.55,43.33],[0.57,43.32],[0.58,43.32],[0.61,43.31],[0.64,43.3],[0.63,43.29],[0.62,43.29],[0.61,43.28],[0.6,43.27],[0.57,43.25],[0.55,43.24],[0.57,43.23],[0.57,43.22],[0.55,43.21],[0.54,43.21],[0.52,43.21],[0.51,43.2],[0.52,43.19],[0.51,43.19],[0.49,43.17],[0.48,43.16],[0.44,43.13],[0.45,43.13],[0.46,43.12],[0.45,43.11],[0.48,43.11],[0.49,43.12],[0.49,43.11],[0.5,43.11],[0.5,43.1],[0.52,43.09],[0.53,43.09],[0.53,43.08],[0.55,43.08],[0.56,43.07],[0.56,43.06],[0.56,43.04],[0.55,43.04],[0.54,43.04],[0.54,43.02],[0.53,43.01],[0.53,43.0],[0.54,43.0],[0.56,43.02],[0.57,43.02],[0.59,43.02],[0.59,43.04],[0.61,43.03],[0.62,43.02],[0.62,43.01],[0.63,43.0],[0.62,42.99],[0.61,42.99],[0.62,42.97],[0.64,42.97],[0.65,42.96],[0.64,42.95],[0.63,42.94],[0.61,42.93],[0.6,42.92],[0.6,42.91],[0.59,42.9],[0.58,42.88],[0.58,42.87],[0.56,42.86],[0.55,42.86],[0.54,42.86],[0.52,42.87],[0.5,42.87],[0.48,42.88],[0.47,42.87],[0.47,42.86],[0.46,42.85],[0.47,42.85],[0.46,42.83],[0.46,42.81],[0.46,42.8],[0.46,42.79],[0.46,42.78],[0.46,42.77],[0.46,42.76],[0.46,42.74],[0.46,42.73],[0.48,42.71],[0.48,42.7],[0.46,42.69],[0.43,42.69],[0.42,42.69],[0.4,42.7],[0.39,42.71],[0.38,42.71],[0.36,42.72],[0.35,42.71],[0.33,42.71],[0.32,42.69],[0.3,42.68],[0.29,42.67],[0.27,42.69],[0.26,42.72],[0.25,42.72],[0.23,42.72],[0.21,42.73],[0.18,42.74],[0.16,42.73],[0.14,42.72],[0.13,42.71],[0.11,42.71],[0.09,42.72],[0.07,42.71],[0.07,42.7],[0.06,42.7],[0.05,42.7],[0.03,42.7],[0.02,42.7],[0.0,42.69],[-0.01,42.68],[-0.05,42.69],[-0.06,42.69],[-0.06,42.7],[-0.06,42.71],[-0.07,42.72],[-0.08,42.72],[-0.09,42.72],[-0.11,42.72],[-0.11,42.73],[-0.14,42.76],[-0.15,42.77],[-0.15,42.78],[-0.15,42.79],[-0.16,42.8],[-0.18,42.79],[-0.19,42.79],[-0.2,42.8],[-0.21,42.8],[-0.24,42.81],[-0.24,42.82],[-0.26,42.82],[-0.27,42.83],[-0.28,42.84],[-0.31,42.84],[-0.31,42.85],[-0.31,42.87],[-0.32,42.88],[-0.32,42.9],[-0.32,42.91],[-0.33,42.92],[-0.31,42.92],[-0.3,42.93],[-0.29,42.93],[-0.28,42.93],[-0.28,42.94],[-0.29,42.96],[-0.29,42.99],[-0.29,43.01],[-0.26,43.01],[-0.26,43.02],[-0.26,43.04],[-0.24,43.04],[-0.22,43.03],[-0.21,43.04],[-0.19,43.05],[-0.2,43.06],[-0.2,43.07],[-0.19,43.08],[-0.19,43.09],[-0.2,43.1],[-0.19,43.11],[-0.17,43.11],[-0.17,43.12],[-0.15,43.13],[-0.14,43.14],[-0.14,43.15],[-0.13,43.16],[-0.12,43.18],[-0.11,43.18],[-0.1,43.17],[-0.1,43.18],[-0.07,43.18],[-0.07,43.22],[-0.05,43.22],[-0.05,43.23],[-0.04,43.24],[-0.02,43.25],[-0.03,43.26],[-0.02,43.27],[-0.02,43.28],[-0.04,43.29],[-0.05,43.3],[-0.03,43.31],[-0.02,43.33],[-0.0,43.33],[0.01,43.33],[0.03,43.34],[0.02,43.35],[0.01,43.36],[-0.01,43.37],[0.01,43.39],[-0.0,43.4],[0.01,43.42],[-0.0,43.43],[-0.0,43.44],[-0.02,43.44],[-0.02,43.43],[-0.03,43.43],[-0.04,43.41],[-0.07,43.41],[-0.06,43.42],[-0.05,43.42],[-0.06,43.43],[-0.07,43.44],[-0.06,43.45],[-0.07,43.46],[-0.02,43.47],[-0.03,43.47],[-0.03,43.49],[-0.05,43.49],[-0.04,43.51],[-0.04,43.53],[-0.06,43.53],[-0.06,43.55],[-0.08,43.55],[-0.09,43.54],[-0.09,43.55],[-0.09,43.56],[-0.1,43.58]]]]},"properties":{"code":"65","nom":"Hautes-Pyr\u00e9n\u00e9es"}},{"type":"Feature","geometry":{"type":"Polygon","coordinates":[[[2.17,42.66],[2.18,42.65],[2.19,42.65],[2.19,42.66],[2.22,42.67],[2.24,42.68],[2.25,42.68],[2.26,42.7],[2.26,42.71],[2.29,42.7],[2.32,42.71],[2.34,42.72],[2.36,42.73],[2.35,42.75],[2.35,42.77],[2.34,42.78],[2.34,42.8],[2.33,42.8],[2.33,42.82],[2.32,42.82],[2.33,42.84],[2.34,42.84],[2.38,42.85],[2.41,42.84],[2.45,42.84],[2.51,42.85],[2.52,42.84],[2.55,42.85],[2.6,42.84],[2.63,42.84],[2.64,42.83],[2.67,42.84],[2.68,42.83],[2.7,42.83],[2.71,42.83],[2.72,42.83],[2.74,42.84],[2.75,42.85],[2.76,42.87],[2.79,42.9],[2.82,42.9],[2.83,42.91],[2.87,42.92],[2.88,42.9],[2.89,42.9],[2.91,42.9],[2.92,42.88],[2.95,42.88],[2.98,42.87],[3.04,42.84],[3.04,42.8],[3.04,42.76],[3.04,42.73],[3.04,42.72],[3.04,42.68],[3.03,42.66],[3.04,42.62],[3.05,42.59],[3.05,42.57],[3.05,42.55],[3.06,42.54],[3.08,42.53],[3.09,42.53],[3.11,42.52],[3.12,42.52],[3.13,42.51],[3.13,42.5],[3.13,42.49],[3.13,42.48],[3.15,42.48],[3.16,42.47],[3.16,42.46],[3.16,42.45],[3.17,42.45],[3.17,42.44],[3.17,42.43],[3.13,42.43],[3.12,42.44],[3.11,42.43],[3.1,42.42],[3.09,42.43],[3.06,42.45],[3.05,42.46],[3.04,42.47],[3.02,42.47],[3.01,42.47],[3.0,42.47],[2.98,42.47],[2.97,42.47],[2.95,42.48],[2.93,42.47],[2.92,42.46],[2.91,42.46],[2.89,42.46],[2.88,42.46],[2.87,42.47],[2.86,42.46],[2.86,42.45],[2.84,42.46],[2.83,42.45],[2.83,42.44],[2.82,42.44],[2.8,42.43],[2.8,42.42],[2.79,42.42],[2.78,42.41],[2.77,42.41],[2.75,42.43],[2.72,42.42],[2.69,42.41],[2.68,42.4],[2.67,42.39],[2.66,42.39],[2.66,42.38],[2.66,42.37],[2.67,42.36],[2.68,42.35],[2.67,42.34],[2.66,42.34],[2.65,42.34],[2.62,42.35],[2.58,42.36],[2.56,42.36],[2.56,42.35],[2.55,42.34],[2.54,42.33],[2.53,42.33],[2.5,42.34],[2.48,42.34],[2.47,42.36],[2.45,42.37],[2.43,42.38],[2.44,42.39],[2.43,42.39],[2.42,42.39],[2.4,42.4],[2.39,42.4],[2.37,42.4],[2.35,42.41],[2.33,42.42],[2.31,42.43],[2.29,42.42],[2.27,42.43],[2.26,42.44],[2.25,42.43],[2.22,42.42],[2.2,42.42],[2.16,42.42],[2.13,42.41],[2.11,42.39],[2.12,42.38],[2.09,42.37],[2.08,42.36],[2.07,42.36],[2.06,42.36],[2.02,42.36],[2.02,42.35],[1.99,42.36],[1.98,42.37],[1.97,42.37],[1.96,42.39],[1.96,42.4],[1.96,42.41],[1.96,42.42],[1.94,42.43],[1.94,42.44],[1.94,42.45],[1.92,42.45],[1.9,42.45],[1.89,42.45],[1.88,42.46],[1.87,42.47],[1.86,42.46],[1.85,42.47],[1.84,42.48],[1.83,42.48],[1.81,42.49],[1.8,42.49],[1.76,42.49],[1.75,42.5],[1.73,42.5],[1.73,42.52],[1.73,42.54],[1.74,42.55],[1.74,42.56],[1.75,42.56],[1.77,42.56],[1.79,42.57],[1.8,42.57],[1.82,42.58],[1.83,42.58],[1.86,42.58],[1.87,42.58],[1.87,42.59],[1.89,42.59],[1.9,42.61],[1.91,42.61],[1.93,42.61],[1.94,42.61],[1.95,42.62],[1.97,42.62],[2.0,42.66],[2.02,42.65],[2.03,42.65],[2.05,42.66],[2.08,42.67],[2.1,42.66],[2.11,42.67],[2.12,42.67],[2.13,42.67],[2.15,42.66],[2.17,42.66]],[[1.96,42.46],[1.96,42.45],[1.98,42.45],[2.0,42.45],[2.01,42.45],[2.0,42.46],[1.99,42.47],[1.99,42.48],[2.0,42.48],[1.99,42.49],[1.98,42.49],[1.96,42.47],[1.96,42.46]]]},"properties":{"code":"66","nom":"Pyr\u00e9n\u00e9es-Orientales"}},{"type":"Feature","geometry":{"type":"Polygon","coordinates":[[[6.8,45.78],[6.81,45.75],[6.82,45.74],[6.81,45.73],[6.83,45.7],[6.84,45.7],[6.85,45.69],[6.87,45.68],[6.89,45.68],[6.9,45.68],[6.91,45.67],[6.9,45.66],[6.92,45.66],[6.92,45.65],[6.93,45.65],[6.97,45.65],[6.98,45.65],[7.0,45.64],[7.0,45.63],[6.99,45.62],[6.99,45.61],[6.98,45.59],[6.98,45.58],[7.0,45.58],[6.99,45.56],[6.99,45.55],[6.99,45.53],[7.0,45.52],[7.0,45.5],[7.02,45.5],[7.05,45.5],[7.06,45.49],[7.05,45.48],[7.05,45.47],[7.07,45.47],[7.1,45.47],[7.1,45.45],[7.11,45.44],[7.11,45.43],[7.13,45.43],[7.15,45.42],[7.16,45.42],[7.18,45.41],[7.18,45.39],[7.16,45.38],[7.16,45.37],[7.16,45.36],[7.15,45.35],[7.14,45.35],[7.13,45.34],[7.13,45.33],[7.11,45.33],[7.11,45.32],[7.12,45.31],[7.12,45.29],[7.14,45.28],[7.13,45.27],[7.14,45.26],[7.13,45.24],[7.11,45.25],[7.11,45.24],[7.09,45.23],[7.08,45.21],[7.07,45.21],[7.05,45.23],[7.04,45.23],[7.03,45.22],[7.02,45.22],[7.0,45.22],[6.99,45.21],[6.97,45.21],[6.95,45.18],[6.94,45.18],[6.94,45.17],[6.93,45.17],[6.91,45.17],[6.89,45.17],[6.89,45.15],[6.9,45.14],[6.89,45.14],[6.87,45.14],[6.85,45.13],[6.84,45.14],[6.81,45.15],[6.8,45.15],[6.78,45.16],[6.77,45.16],[6.75,45.14],[6.74,45.14],[6.73,45.14],[6.71,45.14],[6.69,45.14],[6.68,45.14],[6.67,45.13],[6.67,45.12],[6.63,45.11],[6.62,45.12],[6.59,45.12],[6.58,45.12],[6.56,45.11],[6.56,45.1],[6.53,45.1],[6.51,45.11],[6.5,45.1],[6.48,45.09],[6.49,45.07],[6.49,45.06],[6.47,45.06],[6.45,45.05],[6.44,45.06],[6.4,45.06],[6.39,45.06],[6.37,45.07],[6.37,45.08],[6.36,45.1],[6.33,45.12],[6.3,45.11],[6.29,45.11],[6.28,45.12],[6.26,45.13],[6.27,45.14],[6.25,45.15],[6.23,45.14],[6.22,45.15],[6.19,45.16],[6.18,45.16],[6.17,45.15],[6.16,45.15],[6.14,45.15],[6.16,45.19],[6.16,45.2],[6.14,45.21],[6.14,45.22],[6.13,45.23],[6.13,45.24],[6.14,45.26],[6.14,45.27],[6.13,45.27],[6.13,45.29],[6.14,45.3],[6.16,45.31],[6.18,45.32],[6.19,45.34],[6.19,45.35],[6.18,45.35],[6.18,45.36],[6.19,45.37],[6.18,45.39],[6.15,45.41],[6.14,45.41],[6.13,45.43],[6.12,45.44],[6.1,45.43],[6.09,45.44],[6.07,45.44],[6.05,45.44],[6.01,45.45],[6.01,45.47],[5.99,45.48],[5.98,45.49],[5.97,45.49],[5.95,45.48],[5.92,45.48],[5.93,45.46],[5.91,45.44],[5.9,45.43],[5.9,45.42],[5.91,45.41],[5.92,45.42],[5.93,45.42],[5.91,45.4],[5.91,45.39],[5.89,45.39],[5.89,45.4],[5.88,45.41],[5.86,45.41],[5.85,45.42],[5.82,45.42],[5.81,45.43],[5.8,45.44],[5.78,45.44],[5.76,45.44],[5.74,45.44],[5.73,45.45],[5.74,45.47],[5.72,45.48],[5.71,45.51],[5.7,45.51],[5.7,45.52],[5.69,45.52],[5.69,45.53],[5.68,45.53],[5.67,45.54],[5.68,45.55],[5.67,45.56],[5.65,45.57],[5.65,45.58],[5.64,45.59],[5.62,45.6],[5.62,45.61],[5.63,45.61],[5.64,45.62],[5.65,45.63],[5.66,45.64],[5.68,45.64],[5.69,45.65],[5.68,45.66],[5.69,45.67],[5.71,45.68],[5.71,45.69],[5.7,45.7],[5.7,45.71],[5.73,45.71],[5.75,45.71],[5.76,45.71],[5.76,45.72],[5.78,45.73],[5.77,45.74],[5.78,45.74],[5.78,45.75],[5.78,45.76],[5.79,45.82],[5.8,45.83],[5.8,45.86],[5.81,45.87],[5.83,45.91],[5.83,45.92],[5.82,45.93],[5.83,45.94],[5.83,45.93],[5.86,45.93],[5.87,45.92],[5.86,45.91],[5.87,45.89],[5.88,45.86],[5.87,45.84],[5.89,45.83],[5.9,45.82],[5.91,45.81],[5.91,45.8],[5.93,45.81],[5.95,45.81],[5.96,45.81],[5.96,45.79],[5.98,45.8],[5.98,45.78],[5.97,45.77],[5.98,45.77],[5.99,45.76],[6.0,45.75],[6.01,45.75],[6.04,45.74],[6.05,45.75],[6.08,45.74],[6.1,45.75],[6.1,45.76],[6.12,45.75],[6.13,45.75],[6.14,45.76],[6.17,45.76],[6.17,45.75],[6.18,45.75],[6.18,45.74],[6.18,45.73],[6.2,45.73],[6.19,45.7],[6.19,45.69],[6.21,45.7],[6.21,45.71],[6.23,45.7],[6.23,45.68],[6.24,45.69],[6.26,45.68],[6.26,45.69],[6.28,45.69],[6.3,45.69],[6.32,45.69],[6.33,45.7],[6.34,45.71],[6.35,45.72],[6.35,45.73],[6.35,45.74],[6.37,45.75],[6.37,45.77],[6.38,45.78],[6.41,45.79],[6.42,45.8],[6.43,45.82],[6.45,45.84],[6.44,45.85],[6.45,45.86],[6.46,45.87],[6.47,45.88],[6.49,45.89],[6.5,45.9],[6.51,45.91],[6.52,45.9],[6.54,45.9],[6.56,45.89],[6.57,45.88],[6.57,45.87],[6.57,45.86],[6.54,45.86],[6.54,45.85],[6.55,45.83],[6.57,45.82],[6.58,45.82],[6.59,45.8],[6.6,45.8],[6.62,45.8],[6.64,45.8],[6.66,45.8],[6.67,45.78],[6.69,45.77],[6.69,45.76],[6.7,45.74],[6.69,45.73],[6.7,45.73],[6.71,45.72],[6.74,45.75],[6.76,45.77],[6.77,45.77],[6.79,45.77],[6.8,45.78]]]},"properties":{"code":"73","nom":"Savoie"}},{"type":"Feature","geometry":{"type":"Polygon","coordinates":[[[6.8,45.78],[6.79,45.77],[6.77,45.77],[6.76,45.77],[6.74,45.75],[6.71,45.72],[6.7,45.73],[6.69,45.73],[6.7,45.74],[6.69,45.76],[6.69,45.77],[6.67,45.78],[6.66,45.8],[6.64,45.8],[6.62,45.8],[6.6,45.8],[6.59,45.8],[6.58,45.82],[6.57,45.82],[6.55,45.83],[6.54,45.85],[6.54,45.86],[6.57,45.86],[6.57,45.87],[6.57,45.88],[6.56,45.89],[6.54,45.9],[6.52,45.9],[6.51,45.91],[6.5,45.9],[6.49,45.89],[6.47,45.88],[6.46,45.87],[6.45,45.86],[6.44,45.85],[6.45,45.84],[6.43,45.82],[6.42,45.8],[6.41,45.79],[6.38,45.78],[6.37,45.77],[6.37,45.75],[6.35,45.74],[6.35,45.73],[6.35,45.72],[6.34,45.71],[6.33,45.7],[6.32,45.69],[6.3,45.69],[6.28,45.69],[6.26,45.69],[6.26,45.68],[6.24,45.69],[6.23,45.68],[6.23,45.7],[6.21,45.71],[6.21,45.7],[6.19,45.69],[6.19,45.7],[6.2,45.73],[6.18,45.73],[6.18,45.74],[6.18,45.75],[6.17,45.75],[6.17,45.76],[6.14,45.76],[6.13,45.75],[6.12,45.75],[6.1,45.76],[6.1,45.75],[6.08,45.74],[6.05,45.75],[6.04,45.74],[6.01,45.75],[6.0,45.75],[5.99,45.76],[5.98,45.77],[5.97,45.77],[5.98,45.78],[5.98,45.8],[5.96,45.79],[5.96,45.81],[5.95,45.81],[5.93,45.81],[5.91,45.8],[5.91,45.81],[5.9,45.82],[5.89,45.83],[5.87,45.84],[5.88,45.86],[5.87,45.89],[5.86,45.91],[5.87,45.92],[5.86,45.93],[5.83,45.93],[5.83,45.94],[5.83,45.95],[5.83,45.97],[5.81,45.99],[5.81,46.01],[5.81,46.02],[5.81,46.03],[5.81,46.05],[5.81,46.06],[5.81,46.08],[5.82,46.09],[5.82,46.1],[5.83,46.11],[5.86,46.09],[5.88,46.08],[5.89,46.09],[5.89,46.1],[5.89,46.11],[5.89,46.12],[5.91,46.12],[5.92,46.13],[5.95,46.13],[5.96,46.13],[5.97,46.13],[5.99,46.14],[6.02,46.14],[6.03,46.14],[6.05,46.14],[6.05,46.15],[6.07,46.15],[6.09,46.15],[6.1,46.14],[6.12,46.14],[6.13,46.14],[6.14,46.14],[6.15,46.15],[6.18,46.16],[6.19,46.17],[6.19,46.18],[6.21,46.19],[6.23,46.21],[6.25,46.21],[6.28,46.22],[6.3,46.23],[6.31,46.24],[6.31,46.26],[6.28,46.26],[6.27,46.25],[6.25,46.26],[6.24,46.28],[6.25,46.29],[6.25,46.31],[6.26,46.32],[6.28,46.35],[6.29,46.36],[6.32,46.37],[6.33,46.37],[6.34,46.37],[6.36,46.35],[6.39,46.34],[6.4,46.35],[6.41,46.36],[6.43,46.36],[6.47,46.37],[6.48,46.38],[6.48,46.39],[6.49,46.4],[6.51,46.4],[6.52,46.4],[6.55,46.39],[6.56,46.4],[6.64,46.41],[6.66,46.4],[6.69,46.41],[6.72,46.41],[6.76,46.4],[6.8,46.39],[6.81,46.38],[6.79,46.37],[6.77,46.36],[6.77,46.35],[6.78,46.34],[6.8,46.33],[6.8,46.32],[6.81,46.32],[6.83,46.31],[6.84,46.3],[6.85,46.29],[6.86,46.29],[6.86,46.28],[6.85,46.25],[6.84,46.25],[6.83,46.24],[6.82,46.23],[6.8,46.2],[6.81,46.19],[6.8,46.17],[6.79,46.16],[6.79,46.15],[6.8,46.14],[6.81,46.13],[6.84,46.13],[6.85,46.13],[6.89,46.12],[6.9,46.12],[6.89,46.1],[6.88,46.1],[6.89,46.08],[6.88,46.07],[6.87,46.05],[6.89,46.04],[6.91,46.05],[6.92,46.07],[6.94,46.06],[6.95,46.05],[6.96,46.03],[6.98,46.02],[6.98,46.01],[6.99,46.0],[7.0,46.0],[7.02,45.98],[7.01,45.97],[7.02,45.96],[7.04,45.95],[7.04,45.94],[7.04,45.92],[7.02,45.92],[7.0,45.9],[7.0,45.88],[6.99,45.87],[6.97,45.87],[6.95,45.86],[6.94,45.85],[6.92,45.85],[6.91,45.84],[6.9,45.84],[6.88,45.85],[6.87,45.85],[6.87,45.83],[6.85,45.84],[6.84,45.84],[6.82,45.83],[6.81,45.83],[6.8,45.82],[6.81,45.81],[6.81,45.8],[6.8,45.79],[6.8,45.78]]]},"properties":{"code":"74","nom":"Haute-Savoie"}},{"type":"Feature","geometry":{"type":"Polygon","coordinates":[[[2.57,48.69],[2.58,48.7],[2.57,48.71],[2.59,48.73],[2.59,48.74],[2.6,48.75],[2.6,48.76],[2.61,48.76],[2.61,48.77],[2.59,48.77],[2.59,48.78],[2.6,48.79],[2.59,48.8],[2.59,48.81],[2.6,48.81],[2.59,48.83],[2.57,48.85],[2.58,48.86],[2.59,48.87],[2.57,48.87],[2.57,48.88],[2.56,48.89],[2.58,48.9],[2.59,48.91],[2.59,48.92],[2.6,48.93],[2.59,48.95],[2.56,48.98],[2.58,48.98],[2.58,48.99],[2.57,49.0],[2.57,49.01],[2.55,49.01],[2.54,49.02],[2.55,49.02],[2.57,49.03],[2.57,49.04],[2.59,49.05],[2.58,49.05],[2.57,49.05],[2.57,49.06],[2.59,49.08],[2.61,49.09],[2.62,49.1],[2.63,49.11],[2.67,49.09],[2.68,49.08],[2.69,49.07],[2.71,49.07],[2.72,49.07],[2.73,49.07],[2.74,49.06],[2.76,49.06],[2.79,49.08],[2.79,49.09],[2.81,49.1],[2.82,49.09],[2.84,49.08],[2.85,49.08],[2.86,49.07],[2.87,49.07],[2.88,49.08],[2.89,49.08],[2.9,49.09],[2.92,49.08],[2.94,49.08],[2.97,49.09],[2.97,49.07],[2.99,49.07],[2.99,49.08],[3.01,49.09],[3.03,49.09],[3.05,49.09],[3.06,49.09],[3.06,49.1],[3.07,49.12],[3.08,49.11],[3.1,49.11],[3.13,49.11],[3.15,49.1],[3.17,49.1],[3.16,49.09],[3.16,49.08],[3.17,49.08],[3.18,49.06],[3.18,49.05],[3.19,49.05],[3.18,49.04],[3.18,49.03],[3.16,49.02],[3.17,49.01],[3.18,49.01],[3.21,49.0],[3.21,48.99],[3.23,48.99],[3.23,48.98],[3.24,48.98],[3.25,48.97],[3.26,48.96],[3.27,48.94],[3.28,48.94],[3.3,48.95],[3.31,48.93],[3.31,48.92],[3.33,48.91],[3.34,48.92],[3.35,48.92],[3.37,48.92],[3.38,48.91],[3.37,48.89],[3.38,48.89],[3.38,48.87],[3.39,48.87],[3.41,48.88],[3.4,48.86],[3.42,48.86],[3.45,48.86],[3.45,48.84],[3.46,48.84],[3.47,48.85],[3.49,48.85],[3.49,48.84],[3.48,48.83],[3.49,48.82],[3.48,48.81],[3.47,48.82],[3.45,48.81],[3.43,48.81],[3.42,48.82],[3.4,48.81],[3.41,48.8],[3.44,48.8],[3.44,48.78],[3.43,48.78],[3.41,48.78],[3.4,48.77],[3.4,48.76],[3.41,48.75],[3.43,48.76],[3.44,48.75],[3.44,48.74],[3.47,48.74],[3.46,48.71],[3.48,48.7],[3.47,48.69],[3.45,48.68],[3.44,48.67],[3.44,48.66],[3.46,48.65],[3.45,48.63],[3.48,48.64],[3.49,48.64],[3.5,48.65],[3.52,48.64],[3.52,48.63],[3.55,48.63],[3.56,48.62],[3.53,48.61],[3.5,48.6],[3.52,48.59],[3.5,48.59],[3.49,48.58],[3.47,48.58],[3.47,48.57],[3.47,48.56],[3.48,48.55],[3.48,48.54],[3.46,48.53],[3.44,48.53],[3.42,48.53],[3.41,48.53],[3.42,48.51],[3.43,48.49],[3.42,48.49],[3.39,48.48],[3.4,48.46],[3.41,48.45],[3.4,48.44],[3.4,48.43],[3.39,48.42],[3.41,48.42],[3.41,48.41],[3.42,48.41],[3.41,48.39],[3.4,48.39],[3.38,48.4],[3.37,48.39],[3.36,48.38],[3.37,48.37],[3.33,48.37],[3.31,48.38],[3.31,48.37],[3.28,48.38],[3.26,48.37],[3.25,48.37],[3.23,48.37],[3.2,48.36],[3.18,48.37],[3.18,48.38],[3.17,48.37],[3.14,48.37],[3.12,48.37],[3.1,48.35],[3.09,48.36],[3.06,48.36],[3.05,48.36],[3.04,48.34],[3.04,48.33],[3.02,48.31],[3.03,48.3],[3.02,48.29],[3.03,48.29],[3.02,48.28],[3.04,48.27],[3.05,48.25],[3.03,48.25],[3.02,48.24],[3.02,48.23],[3.01,48.21],[2.99,48.21],[2.97,48.21],[2.97,48.19],[2.95,48.19],[2.93,48.18],[2.94,48.16],[2.87,48.16],[2.86,48.15],[2.84,48.14],[2.83,48.13],[2.82,48.13],[2.8,48.13],[2.8,48.15],[2.81,48.16],[2.8,48.17],[2.78,48.17],[2.77,48.16],[2.75,48.16],[2.74,48.16],[2.75,48.15],[2.76,48.15],[2.73,48.14],[2.71,48.12],[2.67,48.12],[2.66,48.12],[2.65,48.14],[2.64,48.14],[2.6,48.13],[2.58,48.13],[2.57,48.14],[2.54,48.14],[2.52,48.13],[2.49,48.13],[2.46,48.13],[2.45,48.12],[2.44,48.13],[2.46,48.14],[2.48,48.16],[2.51,48.16],[2.52,48.17],[2.51,48.18],[2.51,48.19],[2.52,48.2],[2.51,48.21],[2.51,48.24],[2.49,48.24],[2.47,48.26],[2.45,48.25],[2.43,48.26],[2.42,48.26],[2.42,48.28],[2.42,48.29],[2.42,48.3],[2.4,48.31],[2.4,48.32],[2.39,48.33],[2.39,48.34],[2.43,48.34],[2.44,48.35],[2.43,48.36],[2.45,48.37],[2.47,48.38],[2.48,48.38],[2.47,48.39],[2.48,48.4],[2.5,48.39],[2.52,48.4],[2.53,48.4],[2.53,48.41],[2.52,48.43],[2.51,48.43],[2.5,48.44],[2.51,48.46],[2.5,48.48],[2.51,48.49],[2.52,48.5],[2.51,48.51],[2.5,48.53],[2.51,48.54],[2.5,48.55],[2.51,48.56],[2.52,48.57],[2.52,48.58],[2.53,48.59],[2.54,48.6],[2.54,48.61],[2.53,48.61],[2.53,48.62],[2.52,48.63],[2.53,48.63],[2.54,48.64],[2.54,48.65],[2.53,48.66],[2.54,48.67],[2.56,48.67],[2.59,48.68],[2.58,48.69],[2.57,48.69]]]},"properties":{"code":"77","nom":"Seine-et-Marne"}},{"type":"Feature","geometry":{"type":"MultiPolygon","coordinates":[[[[4.89,44.33],[4.9,44.34],[4.88,44.35],[4.89,44.36],[4.89,44.37],[4.91,44.37],[4.91,44.39],[4.91,44.4],[4.92,44.41],[4.96,44.42],[4.97,44.43],[4.98,44.42],[4.99,44.42],[5.0,44.41],[5.02,44.42],[5.01,44.41],[5.02,44.39],[5.03,44.39],[5.05,44.38],[5.07,44.38],[5.05,44.36],[5.03,44.36],[5.02,44.36],[5.02,44.35],[5.01,44.33],[4.99,44.31],[4.99,44.29],[4.98,44.3],[4.96,44.3],[4.95,44.3],[4.92,44.31],[4.89,44.3],[4.89,44.31],[4.88,44.32],[4.89,44.33]]],[[[5.5,44.12],[5.5,44.1],[5.5,44.08],[5.5,44.06],[5.52,44.07],[5.54,44.07],[5.54,44.03],[5.54,44.01],[5.53,44.01],[5.52,43.99],[5.51,43.97],[5.51,43.96],[5.51,43.95],[5.53,43.95],[5.54,43.94],[5.57,43.94],[5.58,43.92],[5.58,43.91],[5.59,43.92],[5.61,43.91],[5.59,43.89],[5.59,43.88],[5.57,43.87],[5.55,43.85],[5.54,43.82],[5.56,43.82],[5.57,43.83],[5.58,43.83],[5.6,43.83],[5.62,43.83],[5.65,43.83],[5.66,43.82],[5.67,43.81],[5.68,43.79],[5.69,43.79],[5.71,43.78],[5.72,43.76],[5.73,43.75],[5.75,43.74],[5.76,43.73],[5.75,43.72],[5.74,43.72],[5.72,43.69],[5.71,43.69],[5.67,43.69],[5.66,43.69],[5.65,43.68],[5.61,43.66],[5.57,43.66],[5.53,43.66],[5.5,43.67],[5.49,43.67],[5.45,43.68],[5.44,43.68],[5.41,43.7],[5.34,43.72],[5.32,43.74],[5.31,43.74],[5.28,43.74],[5.26,43.75],[5.23,43.75],[5.19,43.74],[5.17,43.74],[5.05,43.79],[5.04,43.8],[5.04,43.81],[5.03,43.83],[5.0,43.85],[4.98,43.87],[4.97,43.87],[4.95,43.88],[4.93,43.89],[4.9,43.89],[4.89,43.9],[4.85,43.91],[4.82,43.91],[4.74,43.92],[4.75,43.93],[4.77,43.93],[4.78,43.94],[4.8,43.96],[4.81,43.96],[4.82,43.97],[4.81,43.98],[4.82,43.99],[4.83,43.99],[4.84,43.99],[4.85,44.0],[4.84,44.01],[4.82,44.02],[4.82,44.03],[4.81,44.04],[4.79,44.05],[4.79,44.07],[4.76,44.08],[4.76,44.09],[4.75,44.09],[4.73,44.08],[4.72,44.09],[4.71,44.1],[4.71,44.11],[4.71,44.14],[4.72,44.14],[4.72,44.17],[4.72,44.19],[4.7,44.2],[4.71,44.21],[4.7,44.22],[4.68,44.21],[4.67,44.22],[4.68,44.23],[4.67,44.24],[4.65,44.25],[4.65,44.27],[4.65,44.3],[4.65,44.33],[4.68,44.32],[4.71,44.32],[4.72,44.33],[4.76,44.33],[4.78,44.32],[4.8,44.3],[4.81,44.27],[4.81,44.26],[4.81,44.23],[4.83,44.23],[4.85,44.24],[4.87,44.26],[4.9,44.26],[4.91,44.26],[4.92,44.26],[4.94,44.26],[4.96,44.27],[4.98,44.28],[5.01,44.29],[5.02,44.3],[5.04,44.3],[5.06,44.31],[5.08,44.28],[5.11,44.28],[5.12,44.29],[5.15,44.3],[5.15,44.31],[5.17,44.31],[5.17,44.29],[5.15,44.28],[5.15,44.27],[5.16,44.27],[5.16,44.25],[5.15,44.24],[5.15,44.23],[5.17,44.22],[5.2,44.22],[5.24,44.21],[5.24,44.23],[5.26,44.23],[5.29,44.21],[5.3,44.21],[5.32,44.21],[5.34,44.2],[5.35,44.21],[5.38,44.2],[5.39,44.18],[5.38,44.16],[5.39,44.15],[5.44,44.15],[5.44,44.14],[5.45,44.14],[5.45,44.12],[5.5,44.12]]]]},"properties":{"code":"84","nom":"Vaucluse"}},{"type":"Feature","geometry":{"type":"Polygon","coordinates":[[[-0.1,47.06],[-0.1,47.08],[-0.1,47.09],[-0.09,47.1],[-0.06,47.1],[-0.04,47.09],[-0.03,47.1],[-0.03,47.11],[-0.04,47.11],[-0.03,47.13],[-0.01,47.16],[0.02,47.18],[0.04,47.16],[0.05,47.17],[0.05,47.16],[0.07,47.14],[0.08,47.15],[0.08,47.14],[0.08,47.12],[0.1,47.12],[0.11,47.13],[0.12,47.13],[0.13,47.12],[0.14,47.12],[0.13,47.11],[0.16,47.1],[0.17,47.11],[0.18,47.11],[0.19,47.1],[0.2,47.09],[0.17,47.07],[0.18,47.06],[0.19,47.06],[0.21,47.05],[0.23,47.06],[0.24,47.07],[0.26,47.07],[0.27,47.07],[0.26,47.06],[0.27,47.04],[0.3,47.05],[0.31,47.05],[0.31,47.03],[0.3,47.02],[0.31,47.01],[0.31,47.0],[0.3,46.98],[0.31,46.98],[0.3,46.97],[0.31,46.97],[0.31,46.95],[0.31,46.94],[0.32,46.93],[0.34,46.94],[0.35,46.94],[0.36,46.94],[0.37,46.95],[0.39,46.94],[0.41,46.94],[0.42,46.94],[0.44,46.93],[0.44,46.94],[0.48,46.95],[0.51,46.96],[0.53,46.96],[0.54,46.96],[0.57,46.96],[0.6,46.96],[0.6,46.97],[0.59,46.98],[0.57,46.98],[0.57,47.0],[0.59,47.01],[0.62,47.01],[0.62,47.0],[0.64,46.99],[0.65,46.99],[0.66,46.99],[0.66,46.98],[0.68,46.98],[0.69,46.97],[0.7,46.96],[0.71,46.94],[0.7,46.93],[0.7,46.9],[0.73,46.89],[0.73,46.88],[0.75,46.87],[0.75,46.86],[0.77,46.86],[0.77,46.85],[0.79,46.85],[0.8,46.85],[0.79,46.84],[0.8,46.83],[0.81,46.83],[0.81,46.81],[0.82,46.81],[0.81,46.79],[0.82,46.79],[0.83,46.78],[0.84,46.76],[0.85,46.76],[0.87,46.75],[0.89,46.74],[0.9,46.74],[0.91,46.71],[0.92,46.7],[0.92,46.69],[0.9,46.68],[0.91,46.68],[0.91,46.67],[0.92,46.65],[0.91,46.65],[0.9,46.63],[0.89,46.63],[0.91,46.62],[0.91,46.6],[0.92,46.6],[0.94,46.59],[0.94,46.58],[0.96,46.57],[0.98,46.57],[0.99,46.57],[1.01,46.57],[1.02,46.55],[1.02,46.54],[1.07,46.54],[1.09,46.54],[1.11,46.53],[1.15,46.51],[1.15,46.5],[1.13,46.5],[1.14,46.49],[1.15,46.47],[1.14,46.47],[1.15,46.45],[1.17,46.45],[1.19,46.44],[1.18,46.43],[1.2,46.43],[1.21,46.43],[1.19,46.41],[1.2,46.4],[1.18,46.38],[1.16,46.39],[1.15,46.38],[1.15,46.37],[1.13,46.36],[1.13,46.35],[1.11,46.35],[1.1,46.36],[1.08,46.36],[1.05,46.36],[1.03,46.34],[1.03,46.33],[1.02,46.32],[1.01,46.31],[1.0,46.29],[1.01,46.28],[0.99,46.28],[0.97,46.29],[0.95,46.29],[0.94,46.29],[0.93,46.28],[0.91,46.29],[0.9,46.28],[0.89,46.27],[0.86,46.26],[0.86,46.25],[0.85,46.25],[0.85,46.24],[0.85,46.23],[0.82,46.23],[0.81,46.22],[0.8,46.21],[0.8,46.2],[0.82,46.2],[0.82,46.19],[0.83,46.19],[0.84,46.18],[0.83,46.17],[0.83,46.15],[0.84,46.14],[0.84,46.13],[0.82,46.13],[0.81,46.14],[0.8,46.13],[0.78,46.13],[0.75,46.14],[0.73,46.14],[0.71,46.14],[0.71,46.13],[0.68,46.12],[0.68,46.11],[0.69,46.1],[0.66,46.1],[0.64,46.09],[0.61,46.09],[0.6,46.08],[0.58,46.08],[0.57,46.08],[0.56,46.09],[0.55,46.09],[0.54,46.09],[0.53,46.1],[0.52,46.11],[0.51,46.12],[0.51,46.13],[0.49,46.14],[0.49,46.13],[0.47,46.13],[0.47,46.12],[0.46,46.11],[0.44,46.1],[0.45,46.09],[0.46,46.09],[0.48,46.08],[0.47,46.07],[0.48,46.07],[0.47,46.06],[0.46,46.05],[0.45,46.05],[0.43,46.05],[0.41,46.05],[0.4,46.06],[0.39,46.07],[0.38,46.06],[0.36,46.06],[0.32,46.06],[0.3,46.06],[0.28,46.06],[0.25,46.08],[0.24,46.08],[0.22,46.09],[0.2,46.1],[0.19,46.1],[0.19,46.11],[0.2,46.12],[0.2,46.13],[0.21,46.14],[0.22,46.16],[0.21,46.16],[0.19,46.16],[0.19,46.15],[0.17,46.15],[0.17,46.16],[0.16,46.16],[0.15,46.17],[0.14,46.18],[0.13,46.18],[0.11,46.19],[0.11,46.21],[0.13,46.22],[0.14,46.23],[0.13,46.27],[0.16,46.27],[0.17,46.28],[0.16,46.29],[0.16,46.3],[0.17,46.31],[0.17,46.32],[0.18,46.33],[0.16,46.34],[0.14,46.35],[0.12,46.35],[0.12,46.34],[0.1,46.33],[0.1,46.32],[0.08,46.3],[0.04,46.33],[0.02,46.33],[0.02,46.34],[0.03,46.35],[0.02,46.35],[0.01,46.36],[0.03,46.37],[0.02,46.38],[0.02,46.39],[0.01,46.39],[-0.01,46.39],[-0.01,46.4],[-0.02,46.41],[-0.02,46.42],[-0.01,46.42],[-0.01,46.43],[-0.01,46.45],[-0.02,46.45],[-0.01,46.47],[-0.01,46.48],[-0.04,46.47],[-0.04,46.48],[-0.04,46.49],[-0.04,46.5],[-0.03,46.51],[-0.03,46.52],[-0.01,46.52],[0.01,46.54],[0.01,46.55],[-0.01,46.55],[-0.01,46.57],[0.01,46.58],[0.04,46.59],[0.03,46.59],[0.02,46.61],[0.01,46.61],[-0.0,46.61],[-0.01,46.62],[-0.0,46.63],[0.0,46.64],[-0.01,46.64],[-0.02,46.64],[-0.03,46.63],[-0.05,46.62],[-0.07,46.62],[-0.07,46.63],[-0.05,46.64],[-0.03,46.65],[-0.04,46.66],[-0.03,46.67],[-0.01,46.68],[-0.02,46.69],[-0.02,46.7],[-0.0,46.7],[0.0,46.72],[0.01,46.72],[0.04,46.73],[0.01,46.75],[-0.01,46.76],[-0.02,46.77],[-0.02,46.78],[-0.02,46.79],[-0.01,46.8],[0.01,46.81],[-0.0,46.82],[-0.02,46.81],[-0.03,46.82],[-0.04,46.82],[-0.05,46.83],[-0.03,46.83],[-0.02,46.84],[-0.01,46.85],[0.0,46.85],[0.02,46.84],[0.03,46.85],[0.0,46.86],[-0.0,46.87],[-0.02,46.87],[-0.04,46.87],[-0.01,46.91],[-0.02,46.93],[-0.02,46.94],[-0.03,46.94],[-0.03,46.95],[-0.04,46.96],[-0.05,46.97],[-0.03,46.98],[-0.04,46.99],[-0.05,46.99],[-0.07,46.99],[-0.09,46.99],[-0.09,47.01],[-0.08,47.01],[-0.09,47.02],[-0.09,47.04],[-0.1,47.06]]]},"properties":{"code":"86","nom":"Vienne"}},{"type":"Feature","geometry":{"type":"Polygon","coordinates":[[[2.33,48.82],[2.36,48.82],[2.39,48.83],[2.41,48.83],[2.44,48.82],[2.46,48.82],[2.47,48.83],[2.46,48.84],[2.45,48.84],[2.43,48.84],[2.42,48.84],[2.41,48.83],[2.42,48.85],[2.45,48.85],[2.48,48.86],[2.5,48.86],[2.53,48.84],[2.57,48.82],[2.57,48.81],[2.59,48.81],[2.59,48.8],[2.6,48.79],[2.59,48.78],[2.59,48.77],[2.61,48.77],[2.61,48.76],[2.6,48.76],[2.6,48.75],[2.59,48.74],[2.59,48.73],[2.57,48.71],[2.58,48.7],[2.57,48.69],[2.55,48.69],[2.54,48.7],[2.53,48.7],[2.53,48.71],[2.52,48.71],[2.52,48.73],[2.5,48.74],[2.48,48.73],[2.47,48.73],[2.45,48.72],[2.44,48.73],[2.41,48.72],[2.41,48.73],[2.39,48.72],[2.37,48.72],[2.37,48.75],[2.35,48.74],[2.32,48.75],[2.31,48.76],[2.33,48.78],[2.32,48.79],[2.33,48.82]]]},"properties":{"code":"94","nom":"Val-de-Marne"}},{"type":"Feature","geometry":{"type":"Polygon","coordinates":[[[4.78,46.18],[4.78,46.19],[4.79,46.2],[4.79,46.22],[4.81,46.24],[4.81,46.25],[4.81,46.26],[4.83,46.27],[4.83,46.3],[4.85,46.33],[4.85,46.36],[4.86,46.37],[4.87,46.38],[4.89,46.4],[4.89,46.44],[4.9,46.45],[4.91,46.46],[4.92,46.47],[4.92,46.49],[4.93,46.5],[4.93,46.51],[4.94,46.52],[4.95,46.5],[4.96,46.51],[4.98,46.52],[5.01,46.51],[5.01,46.5],[5.05,46.48],[5.07,46.49],[5.1,46.5],[5.11,46.49],[5.12,46.49],[5.14,46.51],[5.17,46.51],[5.18,46.51],[5.2,46.51],[5.21,46.49],[5.21,46.48],[5.22,46.47],[5.23,46.47],[5.24,46.46],[5.25,46.46],[5.25,46.45],[5.28,46.45],[5.31,46.45],[5.32,46.43],[5.31,46.42],[5.31,46.41],[5.33,46.4],[5.35,46.4],[5.36,46.39],[5.38,46.38],[5.36,46.37],[5.38,46.36],[5.37,46.35],[5.38,46.35],[5.4,46.34],[5.4,46.33],[5.4,46.31],[5.41,46.31],[5.42,46.34],[5.43,46.34],[5.44,46.32],[5.47,46.32],[5.48,46.32],[5.47,46.3],[5.46,46.29],[5.46,46.27],[5.47,46.27],[5.5,46.27],[5.51,46.26],[5.54,46.27],[5.56,46.28],[5.57,46.29],[5.59,46.29],[5.6,46.3],[5.61,46.32],[5.62,46.33],[5.63,46.33],[5.64,46.34],[5.65,46.34],[5.65,46.32],[5.67,46.32],[5.68,46.32],[5.68,46.31],[5.71,46.31],[5.72,46.29],[5.72,46.28],[5.72,46.27],[5.73,46.26],[5.75,46.27],[5.77,46.27],[5.82,46.26],[5.85,46.26],[5.86,46.27],[5.87,46.27],[5.88,46.27],[5.89,46.29],[5.91,46.28],[5.92,46.31],[5.93,46.31],[5.94,46.31],[5.95,46.33],[5.97,46.35],[5.99,46.36],[6.01,46.37],[6.03,46.39],[6.05,46.41],[6.06,46.41],[6.06,46.42],[6.1,46.41],[6.1,46.4],[6.12,46.4],[6.14,46.39],[6.15,46.38],[6.16,46.38],[6.17,46.37],[6.16,46.36],[6.15,46.34],[6.14,46.34],[6.14,46.33],[6.12,46.31],[6.12,46.29],[6.1,46.29],[6.1,46.28],[6.12,46.27],[6.12,46.26],[6.12,46.25],[6.11,46.24],[6.1,46.24],[6.09,46.25],[6.07,46.24],[6.06,46.25],[6.05,46.23],[6.03,46.24],[6.02,46.23],[6.01,46.23],[5.97,46.21],[5.96,46.2],[5.99,46.19],[6.0,46.18],[5.98,46.17],[5.96,46.13],[5.95,46.13],[5.92,46.13],[5.91,46.12],[5.89,46.12],[5.89,46.11],[5.89,46.1],[5.89,46.09],[5.88,46.08],[5.86,46.09],[5.83,46.11],[5.82,46.1],[5.82,46.09],[5.81,46.08],[5.81,46.06],[5.81,46.05],[5.81,46.03],[5.81,46.02],[5.81,46.01],[5.81,45.99],[5.83,45.97],[5.83,45.95],[5.83,45.94],[5.82,45.93],[5.83,45.92],[5.83,45.91],[5.81,45.87],[5.8,45.86],[5.8,45.83],[5.79,45.82],[5.78,45.76],[5.78,45.75],[5.78,45.74],[5.77,45.74],[5.78,45.73],[5.76,45.72],[5.76,45.71],[5.75,45.71],[5.73,45.71],[5.7,45.71],[5.7,45.7],[5.71,45.69],[5.71,45.68],[5.69,45.67],[5.68,45.66],[5.69,45.65],[5.68,45.64],[5.66,45.64],[5.65,45.63],[5.64,45.62],[5.63,45.61],[5.62,45.61],[5.61,45.64],[5.6,45.65],[5.59,45.67],[5.56,45.67],[5.55,45.67],[5.55,45.68],[5.55,45.69],[5.55,45.7],[5.56,45.7],[5.56,45.69],[5.57,45.68],[5.58,45.69],[5.57,45.7],[5.56,45.7],[5.55,45.71],[5.53,45.72],[5.52,45.73],[5.48,45.75],[5.46,45.78],[5.42,45.81],[5.42,45.82],[5.43,45.83],[5.42,45.84],[5.41,45.85],[5.38,45.87],[5.37,45.87],[5.35,45.88],[5.34,45.88],[5.33,45.86],[5.31,45.85],[5.3,45.85],[5.3,45.84],[5.29,45.82],[5.29,45.81],[5.28,45.8],[5.27,45.79],[5.22,45.77],[5.21,45.77],[5.19,45.77],[5.19,45.78],[5.18,45.79],[5.16,45.8],[5.14,45.8],[5.13,45.81],[5.11,45.81],[5.1,45.81],[5.07,45.81],[5.05,45.81],[5.04,45.81],[5.02,45.81],[5.0,45.81],[4.98,45.81],[4.96,45.81],[4.94,45.81],[4.92,45.8],[4.92,45.81],[4.92,45.83],[4.92,45.85],[4.9,45.86],[4.91,45.87],[4.88,45.88],[4.88,45.9],[4.87,45.89],[4.86,45.9],[4.85,45.91],[4.83,45.91],[4.81,45.9],[4.81,45.91],[4.81,45.92],[4.79,45.92],[4.78,45.93],[4.77,45.94],[4.75,45.93],[4.74,45.94],[4.73,45.95],[4.75,45.96],[4.75,45.97],[4.75,45.98],[4.75,46.01],[4.74,46.02],[4.75,46.04],[4.74,46.05],[4.76,46.06],[4.76,46.07],[4.76,46.08],[4.75,46.08],[4.75,46.09],[4.77,46.11],[4.77,46.12],[4.8,46.14],[4.8,46.16],[4.78,46.17],[4.78,46.18]]]},"properties":{"code":"01","nom":"Ain"}},{"type":"Feature","geometry":{"type":"Polygon","coordinates":[[[2.98,44.64],[3.01,44.62],[3.02,44.61],[3.03,44.6],[3.05,44.59],[3.06,44.58],[3.08,44.57],[3.08,44.56],[3.07,44.53],[3.08,44.52],[3.07,44.5],[3.08,44.49],[3.1,44.48],[3.12,44.47],[3.12,44.46],[3.14,44.45],[3.14,44.44],[3.14,44.43],[3.13,44.41],[3.14,44.41],[3.14,44.39],[3.13,44.39],[3.12,44.38],[3.12,44.36],[3.13,44.36],[3.13,44.35],[3.13,44.33],[3.15,44.33],[3.15,44.32],[3.15,44.31],[3.13,44.28],[3.12,44.26],[3.14,44.26],[3.14,44.27],[3.15,44.27],[3.16,44.26],[3.16,44.25],[3.16,44.24],[3.18,44.25],[3.2,44.24],[3.22,44.23],[3.23,44.23],[3.22,44.21],[3.21,44.19],[3.24,44.19],[3.26,44.2],[3.28,44.2],[3.3,44.21],[3.31,44.2],[3.34,44.2],[3.36,44.2],[3.36,44.19],[3.37,44.18],[3.37,44.17],[3.34,44.16],[3.33,44.14],[3.32,44.14],[3.32,44.12],[3.32,44.11],[3.31,44.11],[3.29,44.11],[3.26,44.09],[3.29,44.07],[3.3,44.07],[3.31,44.07],[3.32,44.08],[3.33,44.08],[3.34,44.06],[3.35,44.05],[3.37,44.06],[3.38,44.05],[3.39,44.05],[3.4,44.04],[3.42,44.04],[3.45,44.02],[3.45,44.0],[3.44,44.0],[3.42,43.99],[3.41,43.97],[3.4,43.97],[3.38,43.97],[3.38,43.96],[3.36,43.95],[3.35,43.94],[3.35,43.93],[3.36,43.91],[3.34,43.9],[3.34,43.89],[3.32,43.89],[3.3,43.9],[3.29,43.89],[3.28,43.9],[3.26,43.89],[3.26,43.88],[3.25,43.88],[3.24,43.88],[3.24,43.87],[3.23,43.86],[3.24,43.85],[3.25,43.84],[3.25,43.83],[3.23,43.83],[3.22,43.82],[3.2,43.81],[3.18,43.81],[3.16,43.82],[3.15,43.81],[3.13,43.82],[3.11,43.83],[3.09,43.84],[3.06,43.84],[3.06,43.83],[3.06,43.81],[3.05,43.8],[3.06,43.79],[3.06,43.78],[3.07,43.77],[3.08,43.77],[3.07,43.76],[3.06,43.76],[3.05,43.75],[3.06,43.72],[3.07,43.71],[3.06,43.7],[3.06,43.69],[3.04,43.7],[3.03,43.69],[3.02,43.7],[3.01,43.7],[2.99,43.71],[2.96,43.7],[2.95,43.69],[2.94,43.69],[2.92,43.71],[2.92,43.74],[2.9,43.74],[2.87,43.74],[2.86,43.75],[2.83,43.75],[2.82,43.76],[2.81,43.76],[2.79,43.75],[2.78,43.74],[2.74,43.73],[2.72,43.74],[2.71,43.74],[2.68,43.74],[2.66,43.76],[2.63,43.78],[2.62,43.79],[2.61,43.8],[2.6,43.82],[2.59,43.82],[2.58,43.83],[2.56,43.84],[2.57,43.87],[2.58,43.88],[2.56,43.89],[2.55,43.9],[2.56,43.92],[2.54,43.93],[2.52,43.94],[2.5,43.95],[2.52,43.96],[2.52,43.97],[2.52,43.98],[2.51,43.99],[2.49,44.0],[2.5,44.01],[2.49,44.02],[2.48,44.03],[2.46,44.03],[2.46,44.05],[2.42,44.05],[2.41,44.06],[2.41,44.07],[2.39,44.09],[2.36,44.1],[2.32,44.12],[2.31,44.12],[2.29,44.12],[2.3,44.14],[2.28,44.15],[2.27,44.15],[2.24,44.13],[2.22,44.14],[2.19,44.14],[2.18,44.14],[2.19,44.15],[2.21,44.15],[2.22,44.15],[2.24,44.16],[2.22,44.17],[2.21,44.17],[2.19,44.16],[2.18,44.18],[2.16,44.18],[2.15,44.2],[2.14,44.2],[2.13,44.2],[2.11,44.19],[2.11,44.18],[2.1,44.18],[2.09,44.19],[2.08,44.18],[2.07,44.18],[2.07,44.19],[2.05,44.19],[2.06,44.17],[2.03,44.17],[2.02,44.16],[1.99,44.15],[2.0,44.16],[1.98,44.16],[1.97,44.17],[1.98,44.18],[1.96,44.18],[1.94,44.18],[1.94,44.17],[1.93,44.17],[1.94,44.18],[1.93,44.19],[1.91,44.19],[1.9,44.2],[1.89,44.21],[1.9,44.21],[1.92,44.22],[1.93,44.24],[1.95,44.25],[1.96,44.24],[1.96,44.26],[1.97,44.28],[1.94,44.28],[1.91,44.28],[1.9,44.28],[1.87,44.29],[1.88,44.3],[1.88,44.31],[1.86,44.32],[1.86,44.33],[1.88,44.34],[1.89,44.35],[1.91,44.35],[1.91,44.36],[1.89,44.37],[1.89,44.38],[1.87,44.39],[1.87,44.4],[1.87,44.42],[1.85,44.44],[1.85,44.46],[1.85,44.47],[1.84,44.48],[1.86,44.49],[1.88,44.48],[1.89,44.49],[1.88,44.5],[1.89,44.51],[1.91,44.5],[1.91,44.49],[1.92,44.49],[1.91,44.5],[1.91,44.51],[1.93,44.51],[1.94,44.52],[1.96,44.52],[1.97,44.53],[1.98,44.54],[1.99,44.55],[2.01,44.56],[2.02,44.56],[2.03,44.56],[2.03,44.57],[2.06,44.58],[2.07,44.58],[2.08,44.59],[2.1,44.57],[2.11,44.57],[2.12,44.58],[2.13,44.57],[2.15,44.57],[2.17,44.59],[2.18,44.59],[2.19,44.59],[2.2,44.6],[2.21,44.61],[2.21,44.62],[2.22,44.62],[2.21,44.63],[2.21,44.64],[2.23,44.66],[2.25,44.65],[2.26,44.66],[2.27,44.66],[2.29,44.67],[2.3,44.66],[2.33,44.67],[2.34,44.66],[2.33,44.65],[2.35,44.64],[2.37,44.64],[2.38,44.65],[2.4,44.65],[2.41,44.65],[2.44,44.64],[2.45,44.65],[2.47,44.64],[2.47,44.65],[2.48,44.65],[2.49,44.66],[2.49,44.67],[2.5,44.69],[2.52,44.7],[2.56,44.72],[2.55,44.73],[2.55,44.74],[2.55,44.75],[2.56,44.76],[2.56,44.78],[2.57,44.78],[2.59,44.78],[2.6,44.79],[2.6,44.81],[2.6,44.82],[2.61,44.82],[2.61,44.83],[2.6,44.84],[2.62,44.85],[2.62,44.87],[2.64,44.87],[2.65,44.87],[2.66,44.87],[2.66,44.88],[2.68,44.91],[2.69,44.9],[2.71,44.91],[2.71,44.93],[2.72,44.92],[2.73,44.94],[2.74,44.94],[2.76,44.93],[2.77,44.92],[2.78,44.91],[2.77,44.9],[2.78,44.89],[2.77,44.88],[2.77,44.86],[2.8,44.87],[2.82,44.87],[2.85,44.87],[2.86,44.87],[2.86,44.86],[2.87,44.83],[2.88,44.8],[2.89,44.79],[2.9,44.78],[2.92,44.79],[2.93,44.78],[2.93,44.77],[2.92,44.77],[2.92,44.76],[2.93,44.76],[2.93,44.75],[2.93,44.74],[2.92,44.73],[2.94,44.71],[2.93,44.7],[2.94,44.68],[2.95,44.67],[2.96,44.65],[2.97,44.65],[2.98,44.64]]]},"properties":{"code":"12","nom":"Aveyron"}},{"type":"Feature","geometry":{"type":"Polygon","coordinates":[[[4.74,43.92],[4.82,43.91],[4.85,43.91],[4.89,43.9],[4.9,43.89],[4.93,43.89],[4.95,43.88],[4.97,43.87],[4.98,43.87],[5.0,43.85],[5.03,43.83],[5.04,43.81],[5.04,43.8],[5.05,43.79],[5.17,43.74],[5.19,43.74],[5.23,43.75],[5.26,43.75],[5.28,43.74],[5.31,43.74],[5.32,43.74],[5.34,43.72],[5.41,43.7],[5.44,43.68],[5.45,43.68],[5.49,43.67],[5.5,43.67],[5.53,43.66],[5.57,43.66],[5.61,43.66],[5.65,43.68],[5.66,43.69],[5.67,43.69],[5.71,43.69],[5.72,43.69],[5.74,43.72],[5.75,43.72],[5.77,43.72],[5.79,43.71],[5.78,43.71],[5.79,43.69],[5.81,43.69],[5.8,43.67],[5.8,43.66],[5.77,43.66],[5.74,43.66],[5.72,43.65],[5.71,43.64],[5.7,43.64],[5.68,43.61],[5.68,43.6],[5.69,43.58],[5.66,43.58],[5.66,43.57],[5.67,43.56],[5.7,43.56],[5.71,43.55],[5.72,43.55],[5.72,43.54],[5.72,43.52],[5.71,43.51],[5.72,43.5],[5.7,43.49],[5.7,43.48],[5.71,43.48],[5.73,43.47],[5.75,43.43],[5.77,43.42],[5.79,43.42],[5.79,43.41],[5.78,43.41],[5.75,43.4],[5.72,43.41],[5.7,43.41],[5.68,43.4],[5.69,43.39],[5.69,43.36],[5.71,43.36],[5.69,43.35],[5.69,43.34],[5.69,43.33],[5.68,43.32],[5.69,43.31],[5.73,43.32],[5.74,43.3],[5.75,43.29],[5.76,43.28],[5.76,43.27],[5.72,43.26],[5.7,43.25],[5.7,43.24],[5.68,43.24],[5.68,43.22],[5.68,43.21],[5.68,43.19],[5.67,43.18],[5.65,43.19],[5.64,43.19],[5.62,43.18],[5.61,43.17],[5.6,43.16],[5.57,43.17],[5.55,43.2],[5.55,43.21],[5.54,43.21],[5.52,43.2],[5.51,43.2],[5.5,43.2],[5.49,43.2],[5.47,43.21],[5.45,43.21],[5.43,43.2],[5.4,43.21],[5.39,43.21],[5.36,43.21],[5.35,43.21],[5.34,43.22],[5.35,43.23],[5.37,43.25],[5.38,43.26],[5.37,43.27],[5.35,43.28],[5.36,43.3],[5.36,43.31],[5.36,43.32],[5.35,43.33],[5.34,43.34],[5.32,43.36],[5.31,43.36],[5.29,43.36],[5.27,43.34],[5.26,43.34],[5.24,43.33],[5.22,43.33],[5.2,43.33],[5.18,43.33],[5.16,43.33],[5.15,43.33],[5.14,43.33],[5.09,43.33],[5.08,43.33],[5.06,43.33],[5.05,43.32],[5.04,43.33],[5.02,43.34],[5.02,43.36],[5.01,43.37],[5.0,43.38],[4.99,43.39],[5.0,43.4],[4.98,43.41],[4.97,43.42],[4.97,43.43],[4.95,43.43],[4.94,43.43],[4.93,43.43],[4.91,43.43],[4.91,43.42],[4.89,43.41],[4.88,43.42],[4.87,43.43],[4.88,43.41],[4.87,43.4],[4.83,43.43],[4.82,43.42],[4.86,43.4],[4.85,43.4],[4.84,43.4],[4.86,43.39],[4.85,43.38],[4.86,43.37],[4.87,43.37],[4.87,43.36],[4.9,43.37],[4.89,43.36],[4.86,43.33],[4.85,43.33],[4.83,43.33],[4.82,43.34],[4.8,43.34],[4.78,43.35],[4.76,43.35],[4.72,43.35],[4.71,43.35],[4.66,43.35],[4.64,43.35],[4.61,43.35],[4.59,43.36],[4.56,43.37],[4.56,43.38],[4.56,43.39],[4.57,43.39],[4.59,43.4],[4.59,43.41],[4.59,43.42],[4.57,43.44],[4.55,43.45],[4.53,43.45],[4.52,43.45],[4.47,43.46],[4.44,43.45],[4.43,43.45],[4.4,43.45],[4.38,43.45],[4.3,43.46],[4.23,43.46],[4.23,43.48],[4.24,43.5],[4.26,43.51],[4.27,43.51],[4.3,43.52],[4.31,43.52],[4.32,43.53],[4.31,43.54],[4.32,43.54],[4.33,43.54],[4.35,43.55],[4.37,43.55],[4.38,43.55],[4.39,43.56],[4.41,43.56],[4.42,43.57],[4.4,43.57],[4.43,43.59],[4.44,43.58],[4.46,43.59],[4.48,43.61],[4.47,43.62],[4.45,43.61],[4.44,43.61],[4.43,43.62],[4.44,43.64],[4.45,43.66],[4.46,43.67],[4.48,43.67],[4.48,43.68],[4.49,43.7],[4.5,43.7],[4.52,43.7],[4.54,43.71],[4.55,43.7],[4.58,43.7],[4.59,43.69],[4.61,43.69],[4.63,43.69],[4.61,43.71],[4.61,43.73],[4.62,43.74],[4.63,43.76],[4.65,43.78],[4.65,43.81],[4.65,43.82],[4.64,43.83],[4.65,43.84],[4.67,43.84],[4.66,43.85],[4.65,43.85],[4.64,43.87],[4.66,43.87],[4.67,43.88],[4.69,43.88],[4.71,43.9],[4.7,43.9],[4.72,43.91],[4.74,43.92]],[[5.02,43.47],[5.04,43.47],[5.05,43.46],[5.05,43.45],[5.05,43.44],[5.06,43.42],[5.06,43.41],[5.06,43.4],[5.07,43.4],[5.09,43.4],[5.11,43.4],[5.13,43.4],[5.14,43.4],[5.16,43.41],[5.18,43.43],[5.19,43.43],[5.21,43.45],[5.22,43.45],[5.23,43.47],[5.22,43.48],[5.22,43.49],[5.2,43.49],[5.19,43.49],[5.18,43.48],[5.17,43.47],[5.15,43.46],[5.13,43.47],[5.12,43.49],[5.11,43.5],[5.12,43.52],[5.11,43.53],[5.09,43.53],[5.06,43.53],[5.05,43.52],[5.03,43.54],[5.03,43.55],[5.02,43.56],[5.01,43.55],[5.02,43.53],[5.0,43.51],[5.0,43.5],[5.0,43.49],[5.0,43.47],[5.01,43.47],[5.02,43.47]]]},"properties":{"code":"13","nom":"Bouches-du-Rh\u00f4ne"}},{"type":"Feature","geometry":{"type":"Polygon","coordinates":[[[-0.1,45.97],[-0.08,45.98],[-0.06,45.98],[-0.06,45.99],[-0.04,45.99],[-0.05,46.0],[-0.05,46.02],[-0.03,46.02],[-0.02,46.03],[-0.03,46.04],[-0.04,46.05],[-0.03,46.06],[-0.0,46.06],[0.01,46.06],[0.02,46.05],[0.03,46.06],[0.06,46.07],[0.05,46.08],[0.07,46.09],[0.1,46.09],[0.09,46.1],[0.12,46.1],[0.14,46.1],[0.15,46.1],[0.16,46.09],[0.17,46.08],[0.18,46.08],[0.2,46.1],[0.22,46.09],[0.24,46.08],[0.25,46.08],[0.28,46.06],[0.3,46.06],[0.32,46.06],[0.36,46.06],[0.38,46.06],[0.39,46.07],[0.4,46.06],[0.41,46.05],[0.43,46.05],[0.45,46.05],[0.46,46.05],[0.47,46.06],[0.48,46.07],[0.47,46.07],[0.48,46.08],[0.46,46.09],[0.45,46.09],[0.44,46.1],[0.46,46.11],[0.47,46.12],[0.47,46.13],[0.49,46.13],[0.49,46.14],[0.51,46.13],[0.51,46.12],[0.52,46.11],[0.53,46.1],[0.54,46.09],[0.55,46.09],[0.56,46.09],[0.57,46.08],[0.58,46.08],[0.6,46.08],[0.61,46.09],[0.64,46.09],[0.66,46.1],[0.69,46.1],[0.68,46.11],[0.68,46.12],[0.71,46.13],[0.71,46.14],[0.73,46.14],[0.75,46.14],[0.78,46.13],[0.8,46.13],[0.81,46.14],[0.82,46.13],[0.81,46.13],[0.82,46.11],[0.83,46.11],[0.83,46.1],[0.83,46.09],[0.82,46.08],[0.83,46.07],[0.83,46.06],[0.81,46.06],[0.82,46.05],[0.85,46.03],[0.86,46.03],[0.86,46.02],[0.87,46.02],[0.88,46.03],[0.89,46.02],[0.93,46.01],[0.92,46.0],[0.93,45.99],[0.93,45.98],[0.95,45.97],[0.94,45.96],[0.92,45.95],[0.92,45.94],[0.91,45.94],[0.89,45.93],[0.86,45.92],[0.85,45.92],[0.84,45.92],[0.83,45.93],[0.81,45.93],[0.81,45.92],[0.82,45.92],[0.82,45.9],[0.83,45.88],[0.81,45.87],[0.82,45.87],[0.8,45.84],[0.78,45.82],[0.78,45.81],[0.78,45.8],[0.78,45.79],[0.77,45.79],[0.76,45.8],[0.75,45.8],[0.74,45.81],[0.74,45.8],[0.72,45.81],[0.71,45.8],[0.71,45.78],[0.71,45.77],[0.71,45.76],[0.69,45.76],[0.67,45.75],[0.66,45.74],[0.65,45.74],[0.65,45.73],[0.65,45.72],[0.63,45.72],[0.63,45.71],[0.62,45.7],[0.6,45.69],[0.6,45.67],[0.59,45.67],[0.57,45.65],[0.58,45.64],[0.56,45.63],[0.55,45.64],[0.54,45.63],[0.54,45.64],[0.53,45.64],[0.52,45.63],[0.51,45.62],[0.5,45.62],[0.52,45.6],[0.51,45.59],[0.5,45.56],[0.51,45.55],[0.5,45.54],[0.48,45.54],[0.47,45.54],[0.46,45.53],[0.43,45.5],[0.43,45.49],[0.42,45.48],[0.41,45.49],[0.39,45.49],[0.38,45.49],[0.38,45.48],[0.36,45.48],[0.36,45.47],[0.33,45.46],[0.33,45.44],[0.31,45.46],[0.3,45.46],[0.3,45.45],[0.32,45.44],[0.31,45.43],[0.29,45.43],[0.28,45.43],[0.27,45.42],[0.27,45.41],[0.25,45.37],[0.25,45.36],[0.26,45.35],[0.26,45.33],[0.27,45.32],[0.27,45.3],[0.25,45.29],[0.24,45.29],[0.22,45.29],[0.2,45.26],[0.19,45.26],[0.18,45.26],[0.17,45.25],[0.17,45.24],[0.16,45.23],[0.15,45.22],[0.15,45.21],[0.13,45.21],[0.11,45.21],[0.1,45.23],[0.08,45.22],[0.06,45.22],[0.05,45.23],[0.04,45.22],[0.03,45.21],[0.01,45.2],[0.0,45.19],[-0.0,45.2],[-0.0,45.21],[0.01,45.22],[0.0,45.23],[-0.01,45.23],[-0.03,45.23],[-0.04,45.24],[-0.04,45.25],[-0.09,45.25],[-0.12,45.25],[-0.11,45.25],[-0.11,45.27],[-0.11,45.29],[-0.12,45.29],[-0.14,45.29],[-0.16,45.3],[-0.18,45.31],[-0.19,45.31],[-0.21,45.31],[-0.23,45.32],[-0.24,45.31],[-0.26,45.31],[-0.26,45.3],[-0.27,45.3],[-0.28,45.31],[-0.28,45.32],[-0.29,45.33],[-0.28,45.35],[-0.26,45.34],[-0.25,45.34],[-0.25,45.35],[-0.25,45.36],[-0.28,45.36],[-0.29,45.37],[-0.31,45.37],[-0.31,45.39],[-0.29,45.39],[-0.28,45.39],[-0.28,45.4],[-0.26,45.4],[-0.25,45.41],[-0.23,45.41],[-0.23,45.42],[-0.25,45.42],[-0.25,45.44],[-0.26,45.45],[-0.27,45.46],[-0.28,45.46],[-0.29,45.46],[-0.28,45.47],[-0.26,45.47],[-0.26,45.49],[-0.25,45.49],[-0.24,45.5],[-0.25,45.5],[-0.27,45.51],[-0.26,45.52],[-0.27,45.53],[-0.28,45.53],[-0.29,45.53],[-0.3,45.53],[-0.32,45.53],[-0.32,45.54],[-0.31,45.55],[-0.3,45.56],[-0.32,45.58],[-0.33,45.58],[-0.34,45.59],[-0.36,45.6],[-0.38,45.61],[-0.39,45.63],[-0.4,45.62],[-0.42,45.62],[-0.43,45.62],[-0.43,45.63],[-0.41,45.66],[-0.39,45.65],[-0.38,45.66],[-0.41,45.68],[-0.42,45.69],[-0.42,45.7],[-0.42,45.71],[-0.42,45.72],[-0.4,45.73],[-0.42,45.74],[-0.46,45.74],[-0.46,45.75],[-0.45,45.77],[-0.43,45.76],[-0.41,45.77],[-0.4,45.77],[-0.4,45.79],[-0.37,45.78],[-0.34,45.79],[-0.32,45.78],[-0.31,45.79],[-0.3,45.79],[-0.29,45.81],[-0.27,45.81],[-0.24,45.8],[-0.22,45.78],[-0.2,45.78],[-0.19,45.79],[-0.17,45.79],[-0.16,45.78],[-0.15,45.79],[-0.15,45.8],[-0.14,45.82],[-0.14,45.84],[-0.14,45.85],[-0.13,45.85],[-0.12,45.86],[-0.12,45.87],[-0.13,45.87],[-0.13,45.88],[-0.13,45.89],[-0.15,45.9],[-0.13,45.91],[-0.14,45.92],[-0.15,45.93],[-0.14,45.93],[-0.13,45.93],[-0.11,45.93],[-0.1,45.93],[-0.1,45.94],[-0.09,45.95],[-0.09,45.96],[-0.1,45.96],[-0.1,45.97]]]},"properties":{"code":"16","nom":"Charente"}},{"type":"Feature","geometry":{"type":"Polygon","coordinates":[[[2.24,47.62],[2.29,47.63],[2.33,47.61],[2.34,47.61],[2.36,47.59],[2.37,47.59],[2.39,47.59],[2.4,47.6],[2.44,47.61],[2.45,47.61],[2.45,47.6],[2.49,47.57],[2.51,47.57],[2.54,47.57],[2.56,47.57],[2.57,47.56],[2.6,47.55],[2.62,47.54],[2.61,47.53],[2.66,47.51],[2.66,47.49],[2.68,47.48],[2.72,47.49],[2.73,47.5],[2.72,47.51],[2.72,47.52],[2.73,47.54],[2.74,47.53],[2.75,47.52],[2.77,47.52],[2.79,47.51],[2.8,47.5],[2.81,47.49],[2.83,47.5],[2.83,47.51],[2.85,47.51],[2.87,47.52],[2.89,47.51],[2.9,47.49],[2.91,47.47],[2.92,47.46],[2.93,47.44],[2.93,47.43],[2.92,47.42],[2.92,47.41],[2.9,47.39],[2.9,47.37],[2.87,47.35],[2.87,47.34],[2.88,47.32],[2.91,47.31],[2.93,47.3],[2.94,47.29],[2.97,47.27],[2.98,47.26],[2.98,47.24],[2.98,47.22],[3.0,47.2],[3.01,47.18],[3.02,47.16],[3.02,47.14],[3.03,47.13],[3.03,47.09],[3.02,47.08],[3.02,47.07],[3.02,47.06],[3.03,47.06],[3.06,47.05],[3.07,47.03],[3.08,47.02],[3.07,47.0],[3.06,46.98],[3.07,46.96],[3.08,46.96],[3.06,46.94],[3.06,46.93],[3.05,46.91],[3.05,46.9],[3.06,46.9],[3.07,46.88],[3.07,46.85],[3.05,46.84],[3.06,46.83],[3.04,46.81],[3.03,46.79],[3.02,46.8],[3.0,46.8],[2.99,46.8],[2.98,46.8],[2.96,46.8],[2.95,46.79],[2.94,46.8],[2.92,46.79],[2.91,46.79],[2.91,46.78],[2.88,46.77],[2.88,46.76],[2.86,46.75],[2.85,46.74],[2.84,46.73],[2.83,46.74],[2.8,46.73],[2.79,46.73],[2.77,46.72],[2.76,46.72],[2.74,46.73],[2.74,46.74],[2.73,46.75],[2.7,46.74],[2.7,46.72],[2.69,46.72],[2.68,46.7],[2.65,46.7],[2.65,46.69],[2.63,46.69],[2.62,46.69],[2.62,46.68],[2.63,46.67],[2.62,46.66],[2.61,46.66],[2.61,46.67],[2.58,46.66],[2.57,46.66],[2.57,46.65],[2.59,46.65],[2.6,46.64],[2.59,46.62],[2.59,46.61],[2.57,46.61],[2.58,46.6],[2.58,46.59],[2.6,46.6],[2.6,46.58],[2.61,46.57],[2.61,46.55],[2.58,46.54],[2.57,46.53],[2.55,46.53],[2.54,46.52],[2.53,46.53],[2.52,46.53],[2.51,46.52],[2.5,46.52],[2.5,46.53],[2.48,46.53],[2.47,46.53],[2.45,46.52],[2.43,46.53],[2.41,46.52],[2.39,46.52],[2.37,46.52],[2.35,46.51],[2.32,46.49],[2.33,46.48],[2.32,46.47],[2.31,46.48],[2.29,46.45],[2.28,46.42],[2.25,46.43],[2.23,46.42],[2.22,46.42],[2.2,46.43],[2.19,46.42],[2.17,46.42],[2.15,46.43],[2.15,46.46],[2.16,46.46],[2.19,46.47],[2.2,46.48],[2.2,46.49],[2.19,46.51],[2.18,46.51],[2.18,46.52],[2.18,46.53],[2.16,46.56],[2.17,46.57],[2.17,46.59],[2.18,46.6],[2.19,46.6],[2.19,46.62],[2.18,46.62],[2.18,46.63],[2.19,46.64],[2.18,46.64],[2.16,46.65],[2.14,46.66],[2.14,46.68],[2.15,46.68],[2.16,46.69],[2.14,46.7],[2.13,46.71],[2.12,46.71],[2.09,46.71],[2.09,46.72],[2.07,46.74],[2.08,46.75],[2.09,46.75],[2.12,46.77],[2.12,46.78],[2.1,46.8],[2.08,46.81],[2.05,46.83],[2.05,46.84],[2.07,46.83],[2.08,46.84],[2.1,46.86],[2.09,46.87],[2.11,46.87],[2.11,46.88],[2.13,46.88],[2.14,46.89],[2.15,46.91],[2.15,46.92],[2.12,46.92],[2.11,46.91],[2.1,46.92],[2.07,46.93],[2.07,46.95],[2.09,46.96],[2.1,46.99],[2.11,47.0],[2.09,47.02],[2.07,47.03],[2.05,47.04],[2.03,47.04],[2.03,47.05],[2.04,47.06],[2.06,47.07],[2.05,47.09],[2.05,47.1],[2.05,47.11],[2.02,47.1],[2.03,47.1],[2.0,47.09],[2.01,47.11],[2.0,47.12],[2.0,47.13],[1.98,47.12],[1.97,47.13],[1.93,47.11],[1.9,47.11],[1.88,47.1],[1.85,47.11],[1.84,47.12],[1.82,47.12],[1.79,47.12],[1.79,47.13],[1.77,47.13],[1.81,47.16],[1.82,47.17],[1.84,47.18],[1.84,47.2],[1.84,47.22],[1.86,47.22],[1.87,47.21],[1.9,47.22],[1.92,47.24],[1.91,47.24],[1.89,47.25],[1.92,47.26],[1.92,47.27],[1.94,47.29],[1.98,47.27],[2.0,47.27],[2.02,47.27],[2.05,47.28],[2.08,47.29],[2.11,47.29],[2.11,47.28],[2.13,47.28],[2.14,47.29],[2.14,47.3],[2.16,47.3],[2.15,47.31],[2.13,47.32],[2.13,47.33],[2.12,47.33],[2.13,47.35],[2.11,47.37],[2.1,47.37],[2.1,47.39],[2.12,47.41],[2.12,47.42],[2.14,47.41],[2.19,47.44],[2.21,47.41],[2.23,47.41],[2.24,47.41],[2.25,47.44],[2.24,47.45],[2.25,47.46],[2.24,47.47],[2.25,47.49],[2.23,47.5],[2.22,47.5],[2.2,47.49],[2.2,47.5],[2.21,47.51],[2.22,47.52],[2.2,47.55],[2.18,47.55],[2.15,47.55],[2.13,47.55],[2.12,47.56],[2.13,47.57],[2.12,47.58],[2.13,47.58],[2.16,47.6],[2.19,47.61],[2.21,47.61],[2.22,47.62],[2.24,47.62]]]},"properties":{"code":"18","nom":"Cher"}},{"type":"Feature","geometry":{"type":"Polygon","coordinates":[[[9.4,41.86],[9.39,41.87],[9.37,41.87],[9.36,41.86],[9.34,41.85],[9.33,41.84],[9.31,41.83],[9.3,41.84],[9.29,41.84],[9.27,41.84],[9.26,41.85],[9.24,41.85],[9.23,41.86],[9.24,41.88],[9.23,41.88],[9.25,41.9],[9.25,41.91],[9.23,41.92],[9.22,41.91],[9.21,41.92],[9.23,41.93],[9.22,41.94],[9.22,41.95],[9.22,41.96],[9.22,41.99],[9.22,42.01],[9.22,42.03],[9.19,42.03],[9.16,42.03],[9.15,42.04],[9.14,42.05],[9.13,42.07],[9.13,42.09],[9.12,42.11],[9.1,42.12],[9.09,42.12],[9.08,42.13],[9.07,42.13],[9.08,42.14],[9.07,42.16],[9.05,42.17],[9.05,42.19],[9.05,42.21],[9.03,42.2],[9.01,42.21],[8.99,42.22],[8.97,42.23],[8.94,42.23],[8.94,42.24],[8.93,42.25],[8.92,42.26],[8.9,42.25],[8.88,42.27],[8.88,42.29],[8.86,42.3],[8.86,42.31],[8.86,42.33],[8.83,42.32],[8.82,42.32],[8.79,42.33],[8.77,42.32],[8.76,42.34],[8.73,42.34],[8.71,42.35],[8.68,42.35],[8.68,42.36],[8.66,42.36],[8.65,42.36],[8.64,42.37],[8.62,42.37],[8.61,42.37],[8.6,42.37],[8.59,42.38],[8.57,42.38],[8.59,42.39],[8.6,42.38],[8.61,42.39],[8.6,42.4],[8.61,42.4],[8.6,42.41],[8.61,42.42],[8.62,42.42],[8.64,42.42],[8.65,42.41],[8.66,42.42],[8.66,42.43],[8.66,42.44],[8.65,42.44],[8.67,42.44],[8.67,42.46],[8.68,42.47],[8.67,42.48],[8.65,42.47],[8.65,42.48],[8.66,42.49],[8.67,42.52],[8.68,42.52],[8.7,42.53],[8.71,42.52],[8.72,42.53],[8.71,42.54],[8.72,42.54],[8.72,42.55],[8.72,42.56],[8.71,42.58],[8.72,42.58],[8.72,42.57],[8.73,42.56],[8.74,42.57],[8.75,42.57],[8.76,42.56],[8.77,42.56],[8.79,42.56],[8.8,42.57],[8.8,42.58],[8.81,42.59],[8.81,42.6],[8.82,42.61],[8.83,42.6],[8.85,42.61],[8.86,42.61],[8.88,42.61],[8.87,42.62],[8.89,42.63],[8.9,42.63],[8.91,42.63],[8.92,42.64],[8.93,42.64],[8.94,42.63],[8.96,42.64],[8.98,42.64],[9.0,42.64],[9.01,42.64],[9.02,42.64],[9.03,42.65],[9.05,42.66],[9.06,42.66],[9.06,42.67],[9.05,42.68],[9.06,42.69],[9.07,42.69],[9.08,42.7],[9.09,42.71],[9.1,42.72],[9.11,42.72],[9.12,42.73],[9.14,42.73],[9.17,42.74],[9.19,42.73],[9.2,42.73],[9.22,42.73],[9.23,42.72],[9.25,42.72],[9.26,42.7],[9.27,42.7],[9.28,42.69],[9.28,42.68],[9.29,42.67],[9.3,42.68],[9.31,42.69],[9.32,42.7],[9.32,42.71],[9.34,42.73],[9.34,42.74],[9.34,42.76],[9.34,42.78],[9.34,42.79],[9.34,42.8],[9.33,42.81],[9.32,42.82],[9.31,42.83],[9.33,42.86],[9.34,42.87],[9.33,42.87],[9.33,42.89],[9.32,42.9],[9.35,42.92],[9.36,42.93],[9.35,42.93],[9.36,42.95],[9.35,42.95],[9.35,42.96],[9.35,42.97],[9.34,42.98],[9.34,42.99],[9.36,43.01],[9.37,43.0],[9.38,43.01],[9.4,43.01],[9.41,43.01],[9.42,43.01],[9.43,43.0],[9.44,43.0],[9.45,42.99],[9.46,42.99],[9.45,42.97],[9.45,42.96],[9.46,42.95],[9.47,42.94],[9.47,42.93],[9.47,42.92],[9.47,42.89],[9.48,42.88],[9.47,42.87],[9.48,42.86],[9.48,42.85],[9.48,42.84],[9.49,42.83],[9.49,42.81],[9.49,42.79],[9.47,42.77],[9.47,42.76],[9.47,42.75],[9.46,42.74],[9.46,42.72],[9.45,42.69],[9.45,42.67],[9.45,42.66],[9.46,42.64],[9.47,42.62],[9.52,42.58],[9.53,42.57],[9.53,42.55],[9.53,42.52],[9.53,42.5],[9.53,42.48],[9.54,42.46],[9.54,42.44],[9.54,42.43],[9.54,42.41],[9.53,42.38],[9.53,42.37],[9.54,42.35],[9.54,42.33],[9.55,42.31],[9.56,42.29],[9.56,42.27],[9.55,42.24],[9.55,42.22],[9.56,42.2],[9.55,42.16],[9.56,42.14],[9.55,42.1],[9.53,42.09],[9.5,42.06],[9.46,42.01],[9.44,41.99],[9.42,41.97],[9.41,41.95],[9.41,41.94],[9.41,41.93],[9.41,41.91],[9.4,41.9],[9.4,41.87],[9.4,41.86]]]},"properties":{"code":"2B","nom":"Haute-Corse"}},{"type":"Feature","geometry":{"type":"MultiPolygon","coordinates":[[[[4.12,47.12],[4.11,47.13],[4.12,47.14],[4.12,47.15],[4.14,47.14],[4.18,47.15],[4.19,47.15],[4.19,47.13],[4.18,47.13],[4.17,47.12],[4.16,47.12],[4.15,47.11],[4.13,47.13],[4.12,47.12]]],[[[4.29,47.93],[4.3,47.94],[4.3,47.95],[4.31,47.96],[4.35,47.96],[4.4,47.96],[4.41,47.97],[4.43,47.97],[4.44,47.96],[4.45,47.96],[4.48,47.96],[4.49,47.97],[4.52,47.97],[4.53,47.97],[4.55,47.97],[4.56,47.97],[4.56,47.99],[4.55,47.99],[4.54,48.0],[4.55,48.0],[4.55,48.01],[4.57,48.02],[4.57,48.03],[4.58,48.03],[4.61,48.03],[4.62,48.03],[4.64,48.03],[4.66,48.02],[4.67,48.02],[4.7,48.02],[4.72,48.01],[4.75,48.0],[4.79,48.01],[4.79,48.0],[4.81,47.99],[4.79,47.98],[4.79,47.96],[4.82,47.96],[4.84,47.96],[4.85,47.96],[4.87,47.94],[4.85,47.93],[4.85,47.92],[4.83,47.92],[4.83,47.91],[4.86,47.9],[4.87,47.92],[4.89,47.92],[4.9,47.92],[4.92,47.89],[4.93,47.89],[4.93,47.87],[4.95,47.87],[4.96,47.86],[4.96,47.84],[4.97,47.83],[4.98,47.83],[4.99,47.82],[4.99,47.81],[4.98,47.8],[4.96,47.8],[4.96,47.79],[4.92,47.78],[4.92,47.77],[4.93,47.76],[4.95,47.77],[4.96,47.76],[4.96,47.75],[4.97,47.73],[4.96,47.71],[4.95,47.7],[4.98,47.69],[4.99,47.69],[5.0,47.7],[5.03,47.71],[5.03,47.7],[5.03,47.69],[5.06,47.69],[5.04,47.68],[5.06,47.67],[5.07,47.67],[5.08,47.66],[5.1,47.66],[5.11,47.65],[5.13,47.65],[5.16,47.67],[5.16,47.68],[5.18,47.68],[5.17,47.66],[5.17,47.65],[5.19,47.65],[5.22,47.64],[5.23,47.63],[5.24,47.62],[5.25,47.62],[5.26,47.62],[5.24,47.6],[5.25,47.59],[5.25,47.58],[5.28,47.58],[5.28,47.59],[5.29,47.6],[5.3,47.6],[5.32,47.61],[5.34,47.61],[5.34,47.6],[5.35,47.59],[5.37,47.6],[5.39,47.6],[5.4,47.6],[5.43,47.63],[5.44,47.63],[5.45,47.62],[5.47,47.61],[5.48,47.61],[5.49,47.57],[5.48,47.57],[5.49,47.56],[5.5,47.54],[5.49,47.53],[5.47,47.53],[5.47,47.52],[5.45,47.5],[5.44,47.49],[5.43,47.5],[5.4,47.5],[5.39,47.48],[5.41,47.48],[5.38,47.46],[5.38,47.45],[5.41,47.46],[5.42,47.45],[5.44,47.45],[5.43,47.44],[5.43,47.42],[5.44,47.4],[5.43,47.4],[5.43,47.39],[5.45,47.38],[5.48,47.39],[5.5,47.39],[5.49,47.36],[5.49,47.35],[5.49,47.33],[5.48,47.33],[5.47,47.32],[5.5,47.31],[5.52,47.3],[5.5,47.29],[5.49,47.29],[5.49,47.27],[5.48,47.26],[5.49,47.25],[5.48,47.24],[5.47,47.23],[5.48,47.22],[5.46,47.21],[5.45,47.2],[5.46,47.19],[5.46,47.18],[5.45,47.16],[5.44,47.15],[5.44,47.14],[5.43,47.14],[5.42,47.13],[5.41,47.13],[5.41,47.11],[5.4,47.11],[5.4,47.1],[5.39,47.08],[5.37,47.08],[5.36,47.08],[5.35,47.08],[5.33,47.08],[5.32,47.07],[5.31,47.06],[5.3,47.06],[5.28,47.05],[5.28,47.03],[5.31,47.02],[5.3,47.0],[5.28,47.0],[5.27,46.99],[5.26,46.98],[5.22,46.99],[5.21,46.98],[5.2,46.98],[5.18,46.97],[5.17,46.96],[5.15,46.97],[5.12,46.96],[5.11,46.96],[5.09,46.96],[5.08,46.96],[5.05,46.98],[5.03,46.98],[5.01,46.97],[5.0,46.97],[5.0,46.96],[4.98,46.96],[4.97,46.96],[4.92,46.97],[4.9,46.97],[4.89,46.96],[4.89,46.95],[4.87,46.95],[4.82,46.94],[4.82,46.93],[4.79,46.93],[4.79,46.92],[4.78,46.92],[4.76,46.92],[4.74,46.92],[4.73,46.92],[4.72,46.91],[4.69,46.9],[4.66,46.91],[4.68,46.93],[4.66,46.94],[4.65,46.94],[4.62,46.94],[4.62,46.95],[4.6,46.95],[4.59,46.95],[4.59,46.97],[4.57,46.97],[4.57,46.98],[4.57,46.99],[4.55,46.99],[4.55,47.0],[4.56,47.0],[4.56,47.02],[4.55,47.02],[4.53,47.01],[4.51,47.01],[4.5,47.02],[4.49,47.03],[4.47,47.03],[4.47,47.04],[4.45,47.04],[4.43,47.04],[4.42,47.05],[4.41,47.05],[4.41,47.07],[4.42,47.08],[4.41,47.08],[4.38,47.08],[4.37,47.08],[4.36,47.07],[4.35,47.06],[4.34,47.07],[4.35,47.1],[4.34,47.1],[4.31,47.1],[4.3,47.11],[4.29,47.11],[4.27,47.11],[4.26,47.11],[4.25,47.13],[4.24,47.13],[4.24,47.14],[4.22,47.15],[4.21,47.16],[4.21,47.18],[4.23,47.2],[4.22,47.22],[4.19,47.24],[4.18,47.25],[4.17,47.25],[4.14,47.24],[4.12,47.25],[4.12,47.26],[4.12,47.28],[4.11,47.29],[4.12,47.3],[4.11,47.31],[4.13,47.32],[4.12,47.33],[4.12,47.34],[4.14,47.35],[4.13,47.35],[4.12,47.34],[4.11,47.33],[4.11,47.34],[4.11,47.35],[4.1,47.36],[4.11,47.36],[4.11,47.38],[4.09,47.37],[4.08,47.38],[4.09,47.39],[4.09,47.4],[4.07,47.4],[4.07,47.41],[4.08,47.42],[4.08,47.43],[4.09,47.44],[4.1,47.43],[4.12,47.44],[4.13,47.47],[4.12,47.48],[4.12,47.49],[4.11,47.5],[4.12,47.52],[4.14,47.52],[4.15,47.53],[4.15,47.54],[4.16,47.55],[4.18,47.55],[4.19,47.57],[4.19,47.58],[4.2,47.6],[4.21,47.61],[4.21,47.63],[4.22,47.63],[4.23,47.64],[4.25,47.66],[4.23,47.67],[4.23,47.68],[4.24,47.68],[4.25,47.68],[4.27,47.68],[4.27,47.69],[4.26,47.69],[4.27,47.71],[4.25,47.72],[4.24,47.72],[4.26,47.73],[4.26,47.74],[4.28,47.74],[4.29,47.73],[4.3,47.74],[4.31,47.75],[4.33,47.75],[4.33,47.76],[4.33,47.77],[4.33,47.78],[4.33,47.79],[4.34,47.8],[4.32,47.81],[4.33,47.82],[4.32,47.83],[4.33,47.84],[4.32,47.85],[4.3,47.85],[4.29,47.85],[4.27,47.84],[4.26,47.84],[4.26,47.87],[4.25,47.87],[4.25,47.88],[4.27,47.89],[4.28,47.9],[4.3,47.9],[4.31,47.9],[4.3,47.92],[4.29,47.93]]]]},"properties":{"code":"21","nom":"C\u00f4te-d'Or"}},{"type":"Feature","geometry":{"type":"Polygon","coordinates":[[[4.8,45.3],[4.86,45.31],[4.86,45.3],[4.88,45.3],[4.9,45.31],[4.93,45.32],[4.95,45.33],[4.96,45.33],[4.99,45.34],[5.01,45.34],[5.02,45.32],[5.05,45.32],[5.06,45.31],[5.08,45.28],[5.09,45.29],[5.11,45.29],[5.13,45.3],[5.14,45.3],[5.13,45.29],[5.13,45.27],[5.13,45.26],[5.12,45.25],[5.13,45.24],[5.14,45.25],[5.15,45.26],[5.16,45.25],[5.18,45.25],[5.19,45.23],[5.2,45.22],[5.18,45.22],[5.17,45.21],[5.16,45.2],[5.17,45.2],[5.18,45.18],[5.19,45.17],[5.19,45.15],[5.19,45.12],[5.18,45.11],[5.16,45.1],[5.16,45.08],[5.14,45.08],[5.15,45.07],[5.16,45.07],[5.18,45.08],[5.21,45.08],[5.23,45.08],[5.23,45.07],[5.24,45.07],[5.25,45.06],[5.27,45.06],[5.29,45.06],[5.3,45.06],[5.31,45.05],[5.32,45.05],[5.33,45.06],[5.34,45.06],[5.34,45.05],[5.35,45.05],[5.37,45.04],[5.39,45.04],[5.4,45.04],[5.41,45.04],[5.42,45.05],[5.43,45.06],[5.45,45.07],[5.46,45.08],[5.47,45.09],[5.48,45.08],[5.49,45.07],[5.48,45.07],[5.47,45.05],[5.46,45.05],[5.48,45.02],[5.48,45.01],[5.49,45.0],[5.49,44.99],[5.48,44.97],[5.48,44.92],[5.48,44.9],[5.47,44.88],[5.48,44.87],[5.47,44.84],[5.46,44.83],[5.48,44.82],[5.48,44.81],[5.46,44.8],[5.46,44.79],[5.49,44.78],[5.52,44.78],[5.56,44.77],[5.54,44.79],[5.55,44.79],[5.58,44.78],[5.58,44.77],[5.59,44.76],[5.63,44.75],[5.63,44.74],[5.64,44.73],[5.65,44.72],[5.67,44.72],[5.7,44.72],[5.71,44.73],[5.72,44.71],[5.74,44.71],[5.75,44.7],[5.76,44.7],[5.79,44.7],[5.8,44.71],[5.83,44.7],[5.83,44.69],[5.82,44.69],[5.81,44.68],[5.79,44.65],[5.77,44.66],[5.75,44.66],[5.75,44.65],[5.74,44.65],[5.74,44.64],[5.73,44.64],[5.69,44.65],[5.66,44.65],[5.65,44.66],[5.64,44.65],[5.64,44.63],[5.65,44.62],[5.65,44.61],[5.63,44.59],[5.61,44.57],[5.6,44.55],[5.6,44.54],[5.61,44.53],[5.63,44.53],[5.65,44.51],[5.66,44.5],[5.65,44.5],[5.63,44.5],[5.62,44.47],[5.6,44.47],[5.58,44.47],[5.57,44.48],[5.56,44.47],[5.54,44.48],[5.51,44.49],[5.48,44.49],[5.47,44.5],[5.46,44.5],[5.46,44.48],[5.46,44.47],[5.46,44.46],[5.46,44.45],[5.5,44.44],[5.49,44.43],[5.48,44.42],[5.45,44.43],[5.43,44.43],[5.42,44.42],[5.43,44.41],[5.44,44.39],[5.44,44.38],[5.43,44.37],[5.46,44.37],[5.47,44.35],[5.48,44.35],[5.49,44.34],[5.51,44.35],[5.54,44.34],[5.54,44.33],[5.55,44.33],[5.57,44.33],[5.59,44.33],[5.62,44.33],[5.63,44.33],[5.61,44.32],[5.61,44.31],[5.64,44.3],[5.63,44.28],[5.65,44.27],[5.68,44.28],[5.69,44.27],[5.68,44.26],[5.67,44.25],[5.68,44.23],[5.68,44.21],[5.69,44.2],[5.68,44.19],[5.65,44.19],[5.64,44.17],[5.65,44.17],[5.66,44.17],[5.68,44.16],[5.68,44.15],[5.67,44.15],[5.66,44.15],[5.63,44.15],[5.64,44.17],[5.62,44.18],[5.6,44.19],[5.58,44.19],[5.56,44.17],[5.58,44.16],[5.57,44.15],[5.55,44.15],[5.54,44.14],[5.53,44.13],[5.52,44.13],[5.5,44.12],[5.45,44.12],[5.45,44.14],[5.44,44.14],[5.44,44.15],[5.39,44.15],[5.38,44.16],[5.39,44.18],[5.38,44.2],[5.35,44.21],[5.34,44.2],[5.32,44.21],[5.3,44.21],[5.29,44.21],[5.26,44.23],[5.24,44.23],[5.24,44.21],[5.2,44.22],[5.17,44.22],[5.15,44.23],[5.15,44.24],[5.16,44.25],[5.16,44.27],[5.15,44.27],[5.15,44.28],[5.17,44.29],[5.17,44.31],[5.15,44.31],[5.15,44.3],[5.12,44.29],[5.11,44.28],[5.08,44.28],[5.06,44.31],[5.04,44.3],[5.02,44.3],[5.01,44.29],[4.98,44.28],[4.96,44.27],[4.94,44.26],[4.92,44.26],[4.91,44.26],[4.9,44.26],[4.87,44.26],[4.85,44.24],[4.83,44.23],[4.81,44.23],[4.81,44.26],[4.81,44.27],[4.8,44.3],[4.78,44.32],[4.76,44.33],[4.72,44.33],[4.71,44.32],[4.68,44.32],[4.65,44.33],[4.65,44.35],[4.65,44.37],[4.66,44.4],[4.66,44.41],[4.67,44.43],[4.67,44.44],[4.69,44.44],[4.7,44.45],[4.7,44.47],[4.7,44.48],[4.69,44.49],[4.69,44.51],[4.69,44.52],[4.71,44.53],[4.7,44.54],[4.69,44.54],[4.69,44.56],[4.7,44.56],[4.71,44.57],[4.7,44.57],[4.71,44.58],[4.74,44.59],[4.74,44.6],[4.76,44.63],[4.77,44.64],[4.78,44.65],[4.78,44.68],[4.77,44.7],[4.77,44.71],[4.76,44.72],[4.76,44.73],[4.76,44.74],[4.77,44.76],[4.76,44.77],[4.77,44.78],[4.78,44.78],[4.79,44.79],[4.8,44.8],[4.81,44.82],[4.82,44.82],[4.82,44.83],[4.82,44.84],[4.84,44.84],[4.84,44.86],[4.86,44.87],[4.86,44.88],[4.85,44.89],[4.86,44.9],[4.87,44.91],[4.87,44.92],[4.89,44.94],[4.88,44.96],[4.86,44.97],[4.85,44.98],[4.85,44.99],[4.84,45.0],[4.84,45.01],[4.85,45.02],[4.84,45.04],[4.85,45.05],[4.86,45.06],[4.85,45.06],[4.83,45.07],[4.83,45.08],[4.83,45.09],[4.83,45.1],[4.82,45.11],[4.8,45.12],[4.8,45.13],[4.82,45.15],[4.83,45.16],[4.81,45.16],[4.81,45.17],[4.81,45.18],[4.8,45.19],[4.81,45.2],[4.8,45.23],[4.8,45.25],[4.81,45.26],[4.81,45.29],[4.8,45.3]],[[4.89,44.33],[4.88,44.32],[4.89,44.31],[4.89,44.3],[4.92,44.31],[4.95,44.3],[4.96,44.3],[4.98,44.3],[4.99,44.29],[4.99,44.31],[5.01,44.33],[5.02,44.35],[5.02,44.36],[5.03,44.36],[5.05,44.36],[5.07,44.38],[5.05,44.38],[5.03,44.39],[5.02,44.39],[5.01,44.41],[5.02,44.42],[5.0,44.41],[4.99,44.42],[4.98,44.42],[4.97,44.43],[4.96,44.42],[4.92,44.41],[4.91,44.4],[4.91,44.39],[4.91,44.37],[4.89,44.37],[4.89,44.36],[4.88,44.35],[4.9,44.34],[4.89,44.33]]]},"properties":{"code":"26","nom":"Dr\u00f4me"}},{"type":"Feature","geometry":{"type":"Polygon","coordinates":[[[0.95,43.79],[0.96,43.79],[0.98,43.79],[0.99,43.8],[1.02,43.8],[1.06,43.8],[1.09,43.81],[1.1,43.81],[1.11,43.8],[1.13,43.81],[1.14,43.82],[1.16,43.82],[1.16,43.81],[1.17,43.8],[1.18,43.8],[1.2,43.79],[1.21,43.79],[1.22,43.79],[1.21,43.78],[1.21,43.77],[1.22,43.77],[1.27,43.79],[1.27,43.8],[1.28,43.8],[1.31,43.8],[1.33,43.81],[1.34,43.81],[1.36,43.82],[1.36,43.83],[1.35,43.84],[1.33,43.84],[1.32,43.83],[1.3,43.85],[1.32,43.86],[1.33,43.85],[1.35,43.85],[1.36,43.86],[1.35,43.87],[1.36,43.87],[1.36,43.88],[1.37,43.89],[1.38,43.88],[1.41,43.88],[1.42,43.87],[1.45,43.87],[1.47,43.9],[1.49,43.9],[1.49,43.89],[1.52,43.9],[1.53,43.92],[1.54,43.92],[1.56,43.92],[1.55,43.9],[1.56,43.87],[1.57,43.85],[1.59,43.84],[1.59,43.82],[1.63,43.8],[1.64,43.8],[1.64,43.78],[1.65,43.78],[1.66,43.76],[1.65,43.75],[1.66,43.74],[1.69,43.73],[1.71,43.72],[1.68,43.7],[1.67,43.7],[1.66,43.69],[1.7,43.69],[1.72,43.69],[1.72,43.67],[1.73,43.66],[1.71,43.65],[1.7,43.64],[1.69,43.63],[1.7,43.62],[1.71,43.62],[1.72,43.61],[1.75,43.6],[1.76,43.6],[1.77,43.6],[1.77,43.59],[1.78,43.59],[1.81,43.58],[1.82,43.58],[1.84,43.58],[1.85,43.57],[1.85,43.55],[1.88,43.54],[1.87,43.53],[1.88,43.53],[1.88,43.52],[1.9,43.51],[1.92,43.5],[1.92,43.51],[1.95,43.49],[1.96,43.49],[1.98,43.49],[1.98,43.48],[2.0,43.48],[2.01,43.48],[2.02,43.49],[2.02,43.5],[2.03,43.51],[2.03,43.5],[2.05,43.51],[2.05,43.49],[2.04,43.48],[2.03,43.48],[2.02,43.47],[2.02,43.46],[2.01,43.45],[2.03,43.44],[2.04,43.42],[2.03,43.42],[2.02,43.42],[2.01,43.41],[2.0,43.41],[1.99,43.41],[1.98,43.42],[1.97,43.42],[1.96,43.43],[1.95,43.42],[1.93,43.42],[1.92,43.42],[1.92,43.41],[1.91,43.4],[1.9,43.4],[1.9,43.41],[1.89,43.42],[1.88,43.42],[1.87,43.44],[1.86,43.44],[1.85,43.44],[1.84,43.43],[1.85,43.43],[1.84,43.42],[1.83,43.42],[1.82,43.41],[1.82,43.39],[1.81,43.39],[1.8,43.39],[1.81,43.38],[1.8,43.36],[1.82,43.35],[1.81,43.34],[1.8,43.34],[1.79,43.34],[1.77,43.34],[1.76,43.35],[1.75,43.34],[1.72,43.33],[1.73,43.32],[1.74,43.31],[1.73,43.31],[1.7,43.3],[1.71,43.29],[1.69,43.27],[1.67,43.28],[1.65,43.26],[1.65,43.24],[1.64,43.24],[1.64,43.26],[1.61,43.26],[1.6,43.27],[1.58,43.27],[1.57,43.28],[1.57,43.27],[1.57,43.26],[1.57,43.25],[1.55,43.28],[1.54,43.28],[1.52,43.27],[1.52,43.28],[1.52,43.29],[1.49,43.29],[1.49,43.28],[1.49,43.27],[1.49,43.26],[1.5,43.25],[1.49,43.24],[1.5,43.23],[1.5,43.22],[1.48,43.23],[1.48,43.22],[1.46,43.21],[1.45,43.21],[1.43,43.22],[1.42,43.23],[1.42,43.24],[1.43,43.25],[1.43,43.26],[1.41,43.27],[1.4,43.28],[1.38,43.29],[1.37,43.31],[1.34,43.32],[1.32,43.31],[1.32,43.3],[1.3,43.3],[1.3,43.29],[1.29,43.29],[1.3,43.28],[1.3,43.26],[1.31,43.26],[1.33,43.26],[1.33,43.25],[1.34,43.24],[1.35,43.24],[1.38,43.24],[1.38,43.23],[1.37,43.21],[1.36,43.21],[1.35,43.21],[1.33,43.2],[1.31,43.19],[1.3,43.19],[1.27,43.2],[1.26,43.19],[1.25,43.18],[1.24,43.19],[1.23,43.19],[1.23,43.18],[1.23,43.17],[1.21,43.16],[1.22,43.15],[1.24,43.15],[1.27,43.15],[1.3,43.12],[1.29,43.12],[1.28,43.11],[1.27,43.11],[1.26,43.1],[1.26,43.09],[1.25,43.09],[1.22,43.09],[1.21,43.11],[1.21,43.12],[1.18,43.14],[1.16,43.13],[1.15,43.14],[1.14,43.14],[1.12,43.16],[1.11,43.14],[1.09,43.14],[1.09,43.13],[1.06,43.14],[1.05,43.14],[1.05,43.13],[1.04,43.1],[1.03,43.1],[1.01,43.11],[0.99,43.1],[0.99,43.09],[1.01,43.08],[0.99,43.07],[0.98,43.05],[0.99,43.03],[1.01,43.02],[1.02,43.01],[1.01,43.01],[1.0,42.99],[0.98,42.98],[0.98,42.97],[0.95,42.97],[0.93,42.97],[0.91,42.96],[0.87,42.96],[0.88,42.95],[0.89,42.94],[0.88,42.93],[0.86,42.93],[0.83,42.92],[0.83,42.91],[0.84,42.89],[0.84,42.88],[0.84,42.87],[0.85,42.87],[0.85,42.86],[0.86,42.84],[0.86,42.83],[0.83,42.83],[0.81,42.84],[0.8,42.84],[0.79,42.84],[0.77,42.84],[0.75,42.85],[0.74,42.85],[0.71,42.86],[0.69,42.86],[0.68,42.86],[0.68,42.85],[0.66,42.84],[0.66,42.83],[0.67,42.82],[0.67,42.81],[0.67,42.8],[0.66,42.8],[0.65,42.79],[0.64,42.78],[0.66,42.77],[0.65,42.76],[0.65,42.75],[0.66,42.75],[0.67,42.73],[0.68,42.72],[0.67,42.72],[0.68,42.71],[0.67,42.7],[0.67,42.69],[0.64,42.69],[0.61,42.7],[0.6,42.71],[0.59,42.69],[0.53,42.7],[0.51,42.69],[0.49,42.7],[0.48,42.7],[0.48,42.71],[0.46,42.73],[0.46,42.74],[0.46,42.76],[0.46,42.77],[0.46,42.78],[0.46,42.79],[0.46,42.8],[0.46,42.81],[0.46,42.83],[0.47,42.85],[0.46,42.85],[0.47,42.86],[0.47,42.87],[0.48,42.88],[0.5,42.87],[0.52,42.87],[0.54,42.86],[0.55,42.86],[0.56,42.86],[0.58,42.87],[0.58,42.88],[0.59,42.9],[0.6,42.91],[0.6,42.92],[0.61,42.93],[0.63,42.94],[0.64,42.95],[0.65,42.96],[0.64,42.97],[0.62,42.97],[0.61,42.99],[0.62,42.99],[0.63,43.0],[0.62,43.01],[0.62,43.02],[0.61,43.03],[0.59,43.04],[0.59,43.02],[0.57,43.02],[0.56,43.02],[0.54,43.0],[0.53,43.0],[0.53,43.01],[0.54,43.02],[0.54,43.04],[0.55,43.04],[0.56,43.04],[0.56,43.06],[0.56,43.07],[0.55,43.08],[0.53,43.08],[0.53,43.09],[0.52,43.09],[0.5,43.1],[0.5,43.11],[0.49,43.11],[0.49,43.12],[0.48,43.11],[0.45,43.11],[0.46,43.12],[0.45,43.13],[0.44,43.13],[0.48,43.16],[0.49,43.17],[0.51,43.19],[0.52,43.19],[0.51,43.2],[0.52,43.21],[0.54,43.21],[0.55,43.21],[0.57,43.22],[0.57,43.23],[0.55,43.24],[0.57,43.25],[0.6,43.27],[0.61,43.28],[0.62,43.29],[0.63,43.29],[0.64,43.3],[0.61,43.31],[0.61,43.32],[0.64,43.31],[0.66,43.32],[0.67,43.33],[0.69,43.35],[0.7,43.36],[0.72,43.38],[0.73,43.37],[0.74,43.38],[0.75,43.39],[0.75,43.4],[0.76,43.42],[0.77,43.42],[0.81,43.4],[0.82,43.42],[0.84,43.41],[0.86,43.41],[0.89,43.41],[0.92,43.41],[0.93,43.4],[0.95,43.39],[0.96,43.39],[0.97,43.38],[0.97,43.37],[0.98,43.36],[0.99,43.37],[1.0,43.38],[1.0,43.39],[0.99,43.41],[1.01,43.41],[1.02,43.41],[1.03,43.42],[1.02,43.43],[1.03,43.44],[1.04,43.46],[1.02,43.47],[1.03,43.49],[1.05,43.49],[1.05,43.5],[1.06,43.5],[1.07,43.51],[1.05,43.52],[1.06,43.53],[1.07,43.53],[1.08,43.53],[1.06,43.54],[1.07,43.55],[1.09,43.55],[1.1,43.53],[1.12,43.54],[1.12,43.55],[1.13,43.55],[1.15,43.56],[1.16,43.57],[1.17,43.57],[1.19,43.57],[1.2,43.57],[1.2,43.59],[1.18,43.61],[1.16,43.6],[1.16,43.61],[1.14,43.62],[1.15,43.63],[1.14,43.64],[1.13,43.64],[1.11,43.64],[1.09,43.64],[1.1,43.66],[1.09,43.66],[1.07,43.66],[1.05,43.68],[1.06,43.7],[1.05,43.71],[1.04,43.71],[1.03,43.71],[1.02,43.72],[1.01,43.73],[0.99,43.74],[0.99,43.75],[0.98,43.76],[0.97,43.76],[0.96,43.77],[0.95,43.79]]]},"properties":{"code":"31","nom":"Haute-Garonne"}},{"type":"Feature","geometry":{"type":"Polygon","coordinates":[[[0.08,43.98],[0.11,43.99],[0.13,44.0],[0.14,43.99],[0.14,43.97],[0.16,43.97],[0.17,43.98],[0.17,44.0],[0.18,44.0],[0.19,44.01],[0.2,44.01],[0.21,44.02],[0.22,44.02],[0.24,44.01],[0.25,44.0],[0.27,44.0],[0.3,43.99],[0.32,43.99],[0.32,44.01],[0.33,44.01],[0.36,44.02],[0.37,44.01],[0.38,44.01],[0.39,44.02],[0.42,44.03],[0.44,44.03],[0.45,44.04],[0.46,44.06],[0.48,44.05],[0.49,44.06],[0.51,44.06],[0.52,44.06],[0.54,44.05],[0.57,44.06],[0.58,44.08],[0.6,44.08],[0.6,44.07],[0.63,44.06],[0.63,44.05],[0.65,44.04],[0.66,44.03],[0.67,44.03],[0.68,44.03],[0.68,44.04],[0.69,44.05],[0.71,44.06],[0.72,44.06],[0.74,44.06],[0.74,44.07],[0.75,44.07],[0.76,44.05],[0.76,44.04],[0.77,44.03],[0.78,44.04],[0.81,44.05],[0.82,44.05],[0.83,44.06],[0.84,44.05],[0.85,44.05],[0.86,44.04],[0.85,44.03],[0.84,44.02],[0.82,44.03],[0.81,44.02],[0.82,44.02],[0.82,44.01],[0.83,44.0],[0.82,43.99],[0.81,43.98],[0.8,43.98],[0.79,43.96],[0.78,43.96],[0.77,43.95],[0.76,43.94],[0.76,43.93],[0.77,43.92],[0.79,43.93],[0.81,43.93],[0.82,43.92],[0.84,43.92],[0.85,43.92],[0.86,43.92],[0.87,43.91],[0.89,43.91],[0.9,43.9],[0.88,43.89],[0.88,43.88],[0.9,43.86],[0.91,43.85],[0.89,43.85],[0.9,43.84],[0.91,43.83],[0.93,43.83],[0.9,43.81],[0.9,43.79],[0.91,43.78],[0.92,43.78],[0.92,43.79],[0.94,43.79],[0.95,43.79],[0.96,43.77],[0.97,43.76],[0.98,43.76],[0.99,43.75],[0.99,43.74],[1.01,43.73],[1.02,43.72],[1.03,43.71],[1.04,43.71],[1.05,43.71],[1.06,43.7],[1.05,43.68],[1.07,43.66],[1.09,43.66],[1.1,43.66],[1.09,43.64],[1.11,43.64],[1.13,43.64],[1.14,43.64],[1.15,43.63],[1.14,43.62],[1.16,43.61],[1.16,43.6],[1.18,43.61],[1.2,43.59],[1.2,43.57],[1.19,43.57],[1.17,43.57],[1.16,43.57],[1.15,43.56],[1.13,43.55],[1.12,43.55],[1.12,43.54],[1.1,43.53],[1.09,43.55],[1.07,43.55],[1.06,43.54],[1.08,43.53],[1.07,43.53],[1.06,43.53],[1.05,43.52],[1.07,43.51],[1.06,43.5],[1.05,43.5],[1.05,43.49],[1.03,43.49],[1.02,43.47],[1.04,43.46],[1.03,43.44],[1.02,43.43],[1.03,43.42],[1.02,43.41],[1.01,43.41],[0.99,43.41],[1.0,43.39],[1.0,43.38],[0.99,43.37],[0.98,43.36],[0.97,43.37],[0.97,43.38],[0.96,43.39],[0.95,43.39],[0.93,43.4],[0.92,43.41],[0.89,43.41],[0.86,43.41],[0.84,43.41],[0.82,43.42],[0.81,43.4],[0.77,43.42],[0.76,43.42],[0.75,43.4],[0.75,43.39],[0.74,43.38],[0.73,43.37],[0.72,43.38],[0.7,43.36],[0.69,43.35],[0.67,43.33],[0.66,43.32],[0.64,43.31],[0.61,43.32],[0.61,43.31],[0.58,43.32],[0.57,43.32],[0.55,43.33],[0.54,43.33],[0.5,43.33],[0.48,43.33],[0.47,43.33],[0.45,43.34],[0.44,43.33],[0.41,43.33],[0.4,43.33],[0.4,43.35],[0.39,43.36],[0.36,43.35],[0.35,43.35],[0.33,43.34],[0.33,43.35],[0.33,43.37],[0.32,43.37],[0.3,43.37],[0.3,43.39],[0.28,43.39],[0.25,43.38],[0.23,43.37],[0.22,43.37],[0.21,43.37],[0.2,43.38],[0.18,43.37],[0.17,43.4],[0.15,43.4],[0.14,43.42],[0.13,43.42],[0.14,43.43],[0.17,43.44],[0.16,43.45],[0.15,43.46],[0.15,43.47],[0.14,43.47],[0.13,43.47],[0.13,43.49],[0.11,43.52],[0.1,43.51],[0.09,43.51],[0.08,43.52],[0.06,43.52],[0.05,43.52],[0.04,43.54],[0.03,43.54],[0.02,43.54],[0.01,43.56],[-0.0,43.57],[-0.01,43.59],[-0.02,43.6],[-0.03,43.6],[-0.05,43.61],[-0.06,43.61],[-0.07,43.61],[-0.08,43.59],[-0.09,43.59],[-0.1,43.58],[-0.11,43.58],[-0.12,43.59],[-0.13,43.58],[-0.15,43.59],[-0.16,43.58],[-0.18,43.6],[-0.18,43.59],[-0.2,43.58],[-0.21,43.59],[-0.22,43.59],[-0.24,43.58],[-0.25,43.6],[-0.25,43.62],[-0.28,43.62],[-0.28,43.64],[-0.26,43.64],[-0.26,43.65],[-0.24,43.65],[-0.24,43.66],[-0.24,43.67],[-0.25,43.67],[-0.26,43.68],[-0.24,43.69],[-0.25,43.71],[-0.23,43.71],[-0.21,43.73],[-0.19,43.74],[-0.2,43.75],[-0.21,43.75],[-0.22,43.75],[-0.21,43.76],[-0.22,43.77],[-0.21,43.78],[-0.22,43.79],[-0.22,43.8],[-0.23,43.81],[-0.22,43.81],[-0.19,43.81],[-0.2,43.83],[-0.19,43.83],[-0.2,43.85],[-0.21,43.86],[-0.2,43.86],[-0.19,43.88],[-0.2,43.89],[-0.22,43.89],[-0.23,43.89],[-0.23,43.9],[-0.23,43.91],[-0.22,43.91],[-0.2,43.92],[-0.19,43.93],[-0.18,43.93],[-0.18,43.94],[-0.17,43.93],[-0.15,43.93],[-0.15,43.94],[-0.14,43.94],[-0.13,43.94],[-0.1,43.93],[-0.09,43.93],[-0.1,43.94],[-0.09,43.95],[-0.07,43.95],[-0.06,43.96],[-0.05,43.96],[-0.04,43.97],[-0.04,43.98],[-0.02,43.97],[0.0,43.96],[0.01,43.95],[0.0,43.94],[-0.02,43.93],[-0.01,43.92],[-0.0,43.92],[0.02,43.91],[0.03,43.9],[0.05,43.9],[0.06,43.9],[0.08,43.92],[0.07,43.94],[0.06,43.95],[0.06,43.96],[0.07,43.97],[0.08,43.98]]]},"properties":{"code":"32","nom":"Gers"}},{"type":"Feature","geometry":{"type":"Polygon","coordinates":[[[3.36,43.91],[3.37,43.91],[3.39,43.91],[3.4,43.92],[3.42,43.91],[3.44,43.9],[3.44,43.89],[3.43,43.88],[3.42,43.87],[3.44,43.86],[3.46,43.87],[3.48,43.89],[3.5,43.89],[3.51,43.9],[3.52,43.89],[3.52,43.86],[3.53,43.86],[3.55,43.85],[3.56,43.86],[3.58,43.84],[3.6,43.85],[3.58,43.86],[3.58,43.87],[3.59,43.88],[3.6,43.89],[3.62,43.92],[3.64,43.92],[3.63,43.9],[3.65,43.9],[3.65,43.91],[3.67,43.91],[3.68,43.94],[3.68,43.95],[3.71,43.96],[3.72,43.96],[3.73,43.97],[3.74,43.97],[3.75,43.97],[3.79,43.97],[3.79,43.95],[3.8,43.94],[3.82,43.94],[3.83,43.94],[3.82,43.92],[3.82,43.91],[3.8,43.89],[3.81,43.88],[3.82,43.87],[3.83,43.87],[3.84,43.87],[3.85,43.87],[3.86,43.88],[3.9,43.88],[3.92,43.89],[3.92,43.87],[3.92,43.86],[3.94,43.85],[3.96,43.85],[3.96,43.84],[3.98,43.84],[3.97,43.82],[3.96,43.82],[3.96,43.81],[3.97,43.8],[4.0,43.81],[4.02,43.8],[4.05,43.79],[4.05,43.77],[4.07,43.77],[4.09,43.77],[4.09,43.76],[4.09,43.75],[4.11,43.74],[4.13,43.74],[4.14,43.73],[4.15,43.72],[4.16,43.71],[4.16,43.69],[4.17,43.68],[4.19,43.65],[4.19,43.64],[4.17,43.61],[4.16,43.6],[4.15,43.59],[4.11,43.59],[4.1,43.59],[4.1,43.58],[4.11,43.57],[4.1,43.55],[4.07,43.56],[4.04,43.56],[4.01,43.55],[3.97,43.54],[3.91,43.52],[3.89,43.51],[3.85,43.49],[3.83,43.47],[3.82,43.46],[3.8,43.44],[3.77,43.43],[3.75,43.42],[3.72,43.42],[3.72,43.4],[3.69,43.39],[3.66,43.39],[3.65,43.38],[3.62,43.37],[3.6,43.36],[3.57,43.33],[3.53,43.29],[3.51,43.27],[3.47,43.28],[3.43,43.29],[3.4,43.29],[3.39,43.28],[3.34,43.27],[3.29,43.24],[3.26,43.23],[3.24,43.21],[3.23,43.22],[3.21,43.24],[3.2,43.25],[3.19,43.25],[3.18,43.24],[3.16,43.24],[3.15,43.25],[3.14,43.26],[3.12,43.26],[3.11,43.25],[3.09,43.26],[3.08,43.26],[3.05,43.28],[3.03,43.28],[3.02,43.28],[3.0,43.29],[3.01,43.3],[3.0,43.32],[2.98,43.32],[2.96,43.31],[2.95,43.31],[2.92,43.33],[2.91,43.32],[2.89,43.33],[2.88,43.33],[2.89,43.34],[2.89,43.35],[2.89,43.36],[2.88,43.37],[2.87,43.38],[2.86,43.37],[2.87,43.36],[2.87,43.34],[2.87,43.33],[2.83,43.32],[2.81,43.32],[2.82,43.31],[2.79,43.29],[2.79,43.27],[2.77,43.26],[2.75,43.25],[2.74,43.27],[2.72,43.28],[2.71,43.27],[2.7,43.28],[2.7,43.3],[2.7,43.31],[2.69,43.32],[2.68,43.31],[2.66,43.29],[2.63,43.3],[2.63,43.29],[2.62,43.29],[2.6,43.3],[2.6,43.31],[2.59,43.32],[2.59,43.33],[2.58,43.33],[2.56,43.34],[2.54,43.35],[2.55,43.36],[2.56,43.39],[2.57,43.4],[2.59,43.4],[2.59,43.41],[2.58,43.42],[2.57,43.42],[2.58,43.43],[2.59,43.43],[2.61,43.43],[2.61,43.44],[2.62,43.44],[2.65,43.46],[2.64,43.47],[2.65,43.47],[2.66,43.46],[2.67,43.47],[2.66,43.48],[2.65,43.5],[2.66,43.5],[2.66,43.53],[2.63,43.55],[2.62,43.57],[2.63,43.58],[2.63,43.59],[2.61,43.6],[2.63,43.61],[2.64,43.63],[2.64,43.65],[2.65,43.65],[2.69,43.65],[2.71,43.65],[2.72,43.64],[2.74,43.63],[2.74,43.62],[2.75,43.61],[2.77,43.62],[2.78,43.62],[2.79,43.62],[2.82,43.64],[2.83,43.64],[2.84,43.64],[2.86,43.64],[2.87,43.65],[2.88,43.66],[2.91,43.65],[2.92,43.66],[2.92,43.68],[2.92,43.69],[2.94,43.69],[2.95,43.69],[2.96,43.7],[2.99,43.71],[3.01,43.7],[3.02,43.7],[3.03,43.69],[3.04,43.7],[3.06,43.69],[3.06,43.7],[3.07,43.71],[3.06,43.72],[3.05,43.75],[3.06,43.76],[3.07,43.76],[3.08,43.77],[3.07,43.77],[3.06,43.78],[3.06,43.79],[3.05,43.8],[3.06,43.81],[3.06,43.83],[3.06,43.84],[3.09,43.84],[3.11,43.83],[3.13,43.82],[3.15,43.81],[3.16,43.82],[3.18,43.81],[3.2,43.81],[3.22,43.82],[3.23,43.83],[3.25,43.83],[3.25,43.84],[3.24,43.85],[3.23,43.86],[3.24,43.87],[3.24,43.88],[3.25,43.88],[3.26,43.88],[3.26,43.89],[3.28,43.9],[3.29,43.89],[3.3,43.9],[3.32,43.89],[3.34,43.89],[3.34,43.9],[3.36,43.91]]]},"properties":{"code":"34","nom":"H\u00e9rault"}},{"type":"Feature","geometry":{"type":"Polygon","coordinates":[[[3.9,45.36],[3.9,45.34],[3.91,45.33],[3.92,45.34],[3.92,45.36],[3.94,45.36],[3.94,45.37],[3.95,45.38],[3.96,45.37],[3.98,45.38],[3.99,45.36],[4.0,45.36],[4.02,45.33],[4.02,45.34],[4.04,45.36],[4.05,45.35],[4.06,45.34],[4.07,45.34],[4.08,45.35],[4.1,45.36],[4.12,45.37],[4.15,45.36],[4.16,45.37],[4.14,45.38],[4.18,45.39],[4.19,45.38],[4.2,45.38],[4.23,45.39],[4.24,45.38],[4.26,45.37],[4.27,45.37],[4.27,45.36],[4.28,45.36],[4.3,45.36],[4.29,45.37],[4.31,45.37],[4.33,45.37],[4.35,45.36],[4.36,45.35],[4.37,45.34],[4.35,45.33],[4.33,45.32],[4.35,45.3],[4.37,45.3],[4.36,45.29],[4.36,45.28],[4.35,45.28],[4.36,45.26],[4.38,45.26],[4.39,45.26],[4.42,45.28],[4.44,45.27],[4.45,45.26],[4.47,45.25],[4.48,45.24],[4.49,45.22],[4.48,45.22],[4.48,45.2],[4.47,45.18],[4.46,45.18],[4.46,45.17],[4.45,45.16],[4.44,45.14],[4.45,45.13],[4.46,45.12],[4.44,45.12],[4.44,45.11],[4.43,45.12],[4.43,45.13],[4.42,45.14],[4.41,45.14],[4.4,45.14],[4.38,45.14],[4.37,45.13],[4.38,45.12],[4.39,45.12],[4.4,45.12],[4.4,45.1],[4.38,45.1],[4.36,45.1],[4.36,45.09],[4.36,45.08],[4.35,45.07],[4.36,45.05],[4.38,45.05],[4.38,45.04],[4.36,45.03],[4.35,45.03],[4.31,45.03],[4.3,45.02],[4.29,45.0],[4.3,44.99],[4.31,44.98],[4.31,44.97],[4.29,44.97],[4.27,44.97],[4.26,44.96],[4.25,44.96],[4.24,44.97],[4.22,44.96],[4.22,44.94],[4.22,44.93],[4.19,44.91],[4.18,44.91],[4.18,44.89],[4.17,44.88],[4.16,44.87],[4.14,44.87],[4.12,44.88],[4.1,44.88],[4.08,44.87],[4.04,44.87],[4.03,44.87],[4.03,44.85],[4.02,44.85],[4.03,44.83],[4.02,44.83],[4.01,44.84],[4.0,44.84],[4.01,44.83],[4.0,44.82],[3.99,44.83],[3.98,44.83],[3.99,44.82],[3.98,44.81],[3.97,44.82],[3.96,44.83],[3.95,44.82],[3.94,44.8],[3.93,44.79],[3.92,44.78],[3.92,44.77],[3.9,44.76],[3.87,44.75],[3.86,44.74],[3.84,44.75],[3.83,44.76],[3.84,44.77],[3.83,44.78],[3.82,44.77],[3.81,44.77],[3.8,44.77],[3.8,44.78],[3.78,44.8],[3.76,44.81],[3.75,44.82],[3.74,44.84],[3.72,44.83],[3.7,44.84],[3.7,44.83],[3.67,44.83],[3.66,44.84],[3.67,44.84],[3.67,44.85],[3.66,44.87],[3.64,44.88],[3.63,44.88],[3.61,44.87],[3.61,44.88],[3.59,44.88],[3.6,44.86],[3.59,44.85],[3.59,44.83],[3.58,44.83],[3.57,44.83],[3.56,44.83],[3.56,44.82],[3.54,44.83],[3.51,44.82],[3.49,44.82],[3.49,44.81],[3.48,44.81],[3.48,44.82],[3.46,44.83],[3.45,44.84],[3.44,44.85],[3.44,44.86],[3.44,44.88],[3.42,44.9],[3.42,44.91],[3.41,44.92],[3.41,44.93],[3.41,44.94],[3.4,44.96],[3.39,44.95],[3.37,44.96],[3.37,44.97],[3.36,44.97],[3.35,44.97],[3.35,44.99],[3.36,44.99],[3.37,45.0],[3.35,45.0],[3.35,45.01],[3.33,45.01],[3.32,45.01],[3.34,45.03],[3.33,45.03],[3.31,45.02],[3.3,45.04],[3.3,45.05],[3.3,45.06],[3.31,45.07],[3.31,45.09],[3.3,45.09],[3.29,45.09],[3.28,45.1],[3.3,45.11],[3.31,45.1],[3.33,45.1],[3.35,45.1],[3.35,45.11],[3.33,45.11],[3.3,45.12],[3.29,45.12],[3.28,45.14],[3.28,45.15],[3.27,45.15],[3.26,45.17],[3.26,45.18],[3.27,45.19],[3.27,45.21],[3.24,45.22],[3.23,45.24],[3.22,45.25],[3.23,45.26],[3.22,45.27],[3.21,45.28],[3.2,45.28],[3.19,45.28],[3.17,45.27],[3.17,45.28],[3.16,45.3],[3.14,45.29],[3.12,45.28],[3.11,45.29],[3.08,45.29],[3.09,45.3],[3.1,45.3],[3.11,45.31],[3.1,45.32],[3.09,45.32],[3.1,45.33],[3.11,45.33],[3.11,45.34],[3.1,45.35],[3.12,45.35],[3.14,45.35],[3.15,45.35],[3.17,45.35],[3.18,45.36],[3.19,45.36],[3.2,45.37],[3.22,45.37],[3.22,45.38],[3.24,45.39],[3.25,45.39],[3.27,45.39],[3.29,45.4],[3.3,45.42],[3.31,45.42],[3.32,45.41],[3.33,45.41],[3.34,45.41],[3.34,45.42],[3.36,45.42],[3.38,45.4],[3.39,45.4],[3.41,45.4],[3.42,45.4],[3.43,45.4],[3.46,45.4],[3.48,45.42],[3.5,45.43],[3.51,45.41],[3.52,45.4],[3.55,45.4],[3.56,45.39],[3.57,45.4],[3.58,45.39],[3.59,45.38],[3.59,45.37],[3.59,45.36],[3.6,45.35],[3.61,45.34],[3.62,45.34],[3.63,45.34],[3.64,45.35],[3.64,45.36],[3.66,45.36],[3.67,45.38],[3.68,45.38],[3.69,45.37],[3.7,45.37],[3.7,45.36],[3.72,45.36],[3.74,45.35],[3.76,45.35],[3.77,45.35],[3.78,45.35],[3.79,45.35],[3.79,45.37],[3.8,45.39],[3.81,45.39],[3.82,45.38],[3.84,45.38],[3.84,45.37],[3.85,45.36],[3.86,45.36],[3.88,45.35],[3.89,45.35],[3.9,45.36]]]},"properties":{"code":"43","nom":"Haute-Loire"}},{"type":"Feature","geometry":{"type":"Polygon","coordinates":[[[-1.15,47.03],[-1.2,47.04],[-1.21,47.05],[-1.22,47.05],[-1.23,47.06],[-1.25,47.07],[-1.27,47.08],[-1.29,47.07],[-1.29,47.06],[-1.3,47.05],[-1.29,47.04],[-1.3,47.03],[-1.31,47.03],[-1.33,47.04],[-1.34,47.04],[-1.35,47.04],[-1.37,47.04],[-1.38,47.03],[-1.37,47.02],[-1.37,47.01],[-1.37,47.0],[-1.38,46.99],[-1.36,46.98],[-1.36,46.97],[-1.37,46.97],[-1.37,46.96],[-1.37,46.95],[-1.42,46.94],[-1.46,46.93],[-1.47,46.93],[-1.47,46.94],[-1.46,46.95],[-1.46,46.96],[-1.47,46.97],[-1.48,46.98],[-1.46,46.99],[-1.47,47.0],[-1.48,47.03],[-1.48,47.04],[-1.49,47.04],[-1.51,47.04],[-1.52,47.03],[-1.55,47.02],[-1.55,47.01],[-1.54,47.0],[-1.55,46.99],[-1.55,46.98],[-1.54,46.96],[-1.53,46.94],[-1.52,46.94],[-1.52,46.93],[-1.53,46.92],[-1.54,46.92],[-1.53,46.91],[-1.51,46.89],[-1.5,46.88],[-1.52,46.87],[-1.55,46.87],[-1.55,46.86],[-1.58,46.87],[-1.6,46.87],[-1.63,46.88],[-1.66,46.88],[-1.66,46.87],[-1.68,46.88],[-1.69,46.89],[-1.72,46.88],[-1.73,46.89],[-1.74,46.9],[-1.74,46.91],[-1.75,46.92],[-1.75,46.93],[-1.78,46.93],[-1.8,46.93],[-1.83,46.93],[-1.83,46.95],[-1.88,46.95],[-1.89,46.96],[-1.91,46.97],[-1.92,46.98],[-1.92,46.99],[-1.94,46.99],[-1.95,47.0],[-1.97,47.03],[-1.98,47.03],[-2.0,47.06],[-2.03,47.07],[-2.05,47.09],[-2.1,47.11],[-2.16,47.11],[-2.18,47.12],[-2.22,47.12],[-2.23,47.13],[-2.25,47.13],[-2.23,47.14],[-2.23,47.15],[-2.2,47.16],[-2.18,47.16],[-2.17,47.17],[-2.16,47.2],[-2.16,47.21],[-2.17,47.23],[-2.18,47.24],[-2.17,47.24],[-2.17,47.27],[-2.19,47.28],[-2.21,47.27],[-2.22,47.26],[-2.23,47.26],[-2.25,47.26],[-2.27,47.24],[-2.3,47.24],[-2.34,47.26],[-2.36,47.27],[-2.37,47.28],[-2.4,47.28],[-2.42,47.28],[-2.43,47.27],[-2.42,47.26],[-2.45,47.26],[-2.46,47.27],[-2.48,47.27],[-2.5,47.28],[-2.54,47.29],[-2.54,47.3],[-2.53,47.3],[-2.51,47.3],[-2.5,47.31],[-2.5,47.33],[-2.51,47.34],[-2.52,47.36],[-2.53,47.37],[-2.54,47.37],[-2.56,47.37],[-2.55,47.38],[-2.53,47.38],[-2.52,47.39],[-2.5,47.4],[-2.49,47.4],[-2.48,47.41],[-2.47,47.42],[-2.46,47.41],[-2.43,47.41],[-2.43,47.42],[-2.45,47.43],[-2.45,47.44],[-2.46,47.45],[-2.45,47.46],[-2.44,47.47],[-2.42,47.48],[-2.42,47.46],[-2.4,47.46],[-2.39,47.46],[-2.38,47.46],[-2.37,47.46],[-2.35,47.45],[-2.35,47.46],[-2.32,47.46],[-2.31,47.46],[-2.31,47.49],[-2.3,47.49],[-2.3,47.5],[-2.3,47.52],[-2.28,47.51],[-2.26,47.51],[-2.26,47.5],[-2.27,47.5],[-2.24,47.49],[-2.22,47.51],[-2.21,47.51],[-2.18,47.51],[-2.18,47.5],[-2.19,47.5],[-2.18,47.49],[-2.16,47.49],[-2.15,47.5],[-2.15,47.51],[-2.16,47.52],[-2.11,47.53],[-2.1,47.53],[-2.1,47.54],[-2.1,47.55],[-2.1,47.57],[-2.1,47.59],[-2.1,47.6],[-2.09,47.6],[-2.08,47.62],[-2.1,47.63],[-2.09,47.64],[-2.07,47.65],[-2.06,47.65],[-2.05,47.65],[-2.04,47.67],[-2.01,47.67],[-1.99,47.68],[-1.97,47.69],[-1.97,47.68],[-1.95,47.67],[-1.94,47.69],[-1.89,47.7],[-1.88,47.7],[-1.86,47.71],[-1.84,47.71],[-1.83,47.71],[-1.8,47.7],[-1.77,47.7],[-1.75,47.71],[-1.74,47.7],[-1.73,47.7],[-1.71,47.7],[-1.71,47.71],[-1.69,47.71],[-1.66,47.71],[-1.65,47.71],[-1.65,47.72],[-1.64,47.72],[-1.64,47.73],[-1.64,47.74],[-1.63,47.76],[-1.62,47.76],[-1.6,47.77],[-1.59,47.78],[-1.55,47.78],[-1.53,47.79],[-1.52,47.79],[-1.5,47.8],[-1.49,47.8],[-1.47,47.81],[-1.48,47.83],[-1.46,47.83],[-1.44,47.83],[-1.42,47.83],[-1.39,47.83],[-1.38,47.82],[-1.38,47.81],[-1.36,47.8],[-1.35,47.8],[-1.32,47.79],[-1.25,47.78],[-1.25,47.76],[-1.24,47.76],[-1.24,47.74],[-1.26,47.74],[-1.25,47.73],[-1.24,47.73],[-1.22,47.72],[-1.2,47.72],[-1.2,47.71],[-1.17,47.69],[-1.18,47.68],[-1.18,47.67],[-1.17,47.66],[-1.16,47.66],[-1.16,47.64],[-1.14,47.63],[-1.14,47.62],[-1.1,47.62],[-1.09,47.61],[-1.06,47.6],[-1.05,47.6],[-1.03,47.6],[-1.01,47.59],[-1.02,47.58],[-1.03,47.57],[-1.05,47.56],[-1.08,47.57],[-1.11,47.57],[-1.13,47.57],[-1.17,47.57],[-1.18,47.55],[-1.15,47.54],[-1.17,47.53],[-1.17,47.52],[-1.16,47.52],[-1.16,47.51],[-1.14,47.5],[-1.11,47.5],[-1.07,47.5],[-1.04,47.51],[-1.03,47.5],[-1.01,47.49],[-0.97,47.49],[-0.96,47.48],[-0.97,47.47],[-0.95,47.45],[-0.95,47.44],[-0.95,47.42],[-0.96,47.42],[-0.95,47.4],[-0.95,47.39],[-0.97,47.38],[-0.97,47.37],[-0.99,47.37],[-1.02,47.37],[-1.05,47.37],[-1.06,47.37],[-1.08,47.37],[-1.11,47.37],[-1.14,47.37],[-1.17,47.37],[-1.18,47.36],[-1.19,47.35],[-1.21,47.35],[-1.23,47.35],[-1.26,47.34],[-1.28,47.34],[-1.3,47.34],[-1.32,47.32],[-1.33,47.32],[-1.35,47.3],[-1.34,47.3],[-1.33,47.3],[-1.31,47.3],[-1.29,47.3],[-1.28,47.29],[-1.28,47.27],[-1.27,47.27],[-1.26,47.26],[-1.25,47.25],[-1.24,47.24],[-1.23,47.24],[-1.21,47.25],[-1.2,47.25],[-1.18,47.24],[-1.19,47.22],[-1.18,47.21],[-1.18,47.2],[-1.17,47.19],[-1.16,47.19],[-1.16,47.18],[-1.18,47.16],[-1.19,47.16],[-1.2,47.15],[-1.24,47.14],[-1.23,47.12],[-1.23,47.11],[-1.25,47.1],[-1.22,47.1],[-1.2,47.1],[-1.17,47.09],[-1.16,47.08],[-1.15,47.07],[-1.14,47.07],[-1.12,47.06],[-1.12,47.05],[-1.12,47.04],[-1.15,47.03]]]},"properties":{"code":"44","nom":"Loire-Atlantique"}},{"type":"Feature","geometry":{"type":"Polygon","coordinates":[[[1.45,45.02],[1.46,45.01],[1.47,45.02],[1.48,45.03],[1.5,45.04],[1.52,45.04],[1.54,45.05],[1.54,45.04],[1.54,45.03],[1.55,45.03],[1.57,45.04],[1.58,45.04],[1.59,45.04],[1.61,45.03],[1.63,45.03],[1.65,45.03],[1.65,45.02],[1.67,45.0],[1.68,45.0],[1.69,45.0],[1.7,44.99],[1.71,44.97],[1.72,44.97],[1.74,44.96],[1.75,44.95],[1.75,44.94],[1.77,44.93],[1.77,44.92],[1.78,44.93],[1.78,44.94],[1.8,44.92],[1.81,44.93],[1.82,44.93],[1.84,44.94],[1.85,44.95],[1.87,44.95],[1.89,44.96],[1.91,44.98],[1.93,44.98],[1.94,44.97],[1.94,44.96],[1.95,44.95],[1.96,44.96],[1.97,44.97],[1.99,44.97],[2.01,44.98],[2.05,44.98],[2.06,44.98],[2.08,44.95],[2.08,44.94],[2.08,44.93],[2.09,44.93],[2.11,44.91],[2.09,44.9],[2.08,44.89],[2.09,44.87],[2.12,44.85],[2.14,44.82],[2.17,44.81],[2.17,44.8],[2.17,44.79],[2.17,44.77],[2.15,44.77],[2.15,44.75],[2.15,44.74],[2.15,44.72],[2.13,44.71],[2.13,44.7],[2.14,44.69],[2.16,44.7],[2.16,44.69],[2.18,44.67],[2.17,44.66],[2.17,44.65],[2.17,44.64],[2.19,44.63],[2.21,44.62],[2.21,44.61],[2.2,44.6],[2.19,44.59],[2.18,44.59],[2.17,44.59],[2.15,44.57],[2.13,44.57],[2.12,44.58],[2.11,44.57],[2.1,44.57],[2.08,44.59],[2.07,44.58],[2.06,44.58],[2.03,44.57],[2.03,44.56],[2.02,44.56],[2.01,44.56],[1.99,44.55],[1.98,44.54],[1.97,44.53],[1.96,44.52],[1.94,44.52],[1.93,44.51],[1.91,44.51],[1.91,44.5],[1.92,44.49],[1.91,44.49],[1.91,44.5],[1.89,44.51],[1.88,44.5],[1.89,44.49],[1.88,44.48],[1.86,44.49],[1.84,44.48],[1.85,44.47],[1.85,44.46],[1.85,44.44],[1.87,44.42],[1.87,44.4],[1.87,44.39],[1.89,44.38],[1.89,44.37],[1.91,44.36],[1.91,44.35],[1.89,44.35],[1.88,44.34],[1.86,44.33],[1.85,44.34],[1.83,44.34],[1.83,44.32],[1.81,44.33],[1.81,44.34],[1.78,44.33],[1.79,44.32],[1.78,44.31],[1.77,44.31],[1.76,44.33],[1.74,44.33],[1.73,44.32],[1.72,44.31],[1.7,44.31],[1.68,44.3],[1.66,44.29],[1.65,44.29],[1.64,44.3],[1.63,44.29],[1.65,44.29],[1.64,44.27],[1.63,44.27],[1.62,44.28],[1.62,44.3],[1.61,44.3],[1.59,44.3],[1.58,44.3],[1.57,44.3],[1.58,44.28],[1.56,44.28],[1.56,44.27],[1.58,44.27],[1.58,44.26],[1.59,44.25],[1.58,44.24],[1.54,44.23],[1.53,44.24],[1.52,44.25],[1.52,44.26],[1.51,44.27],[1.5,44.27],[1.47,44.28],[1.46,44.27],[1.45,44.27],[1.45,44.25],[1.44,44.25],[1.43,44.24],[1.42,44.24],[1.38,44.22],[1.36,44.2],[1.34,44.23],[1.32,44.23],[1.31,44.23],[1.28,44.24],[1.29,44.24],[1.28,44.25],[1.3,44.26],[1.29,44.27],[1.3,44.29],[1.28,44.29],[1.27,44.28],[1.26,44.29],[1.25,44.27],[1.23,44.28],[1.22,44.28],[1.2,44.28],[1.18,44.29],[1.18,44.31],[1.17,44.31],[1.16,44.31],[1.15,44.31],[1.14,44.32],[1.13,44.32],[1.11,44.32],[1.11,44.33],[1.11,44.34],[1.1,44.35],[1.09,44.35],[1.08,44.35],[1.09,44.36],[1.09,44.37],[1.11,44.37],[1.13,44.37],[1.13,44.38],[1.13,44.39],[1.11,44.39],[1.1,44.39],[1.08,44.38],[1.06,44.38],[1.06,44.39],[1.05,44.39],[1.06,44.4],[1.06,44.42],[1.06,44.43],[1.05,44.43],[1.03,44.43],[1.02,44.44],[1.02,44.46],[1.02,44.48],[1.01,44.48],[1.02,44.49],[1.02,44.51],[1.0,44.53],[0.98,44.54],[0.99,44.55],[1.01,44.55],[1.01,44.54],[1.03,44.56],[1.05,44.56],[1.07,44.57],[1.08,44.58],[1.09,44.57],[1.1,44.57],[1.1,44.58],[1.1,44.59],[1.11,44.6],[1.14,44.62],[1.15,44.64],[1.15,44.65],[1.15,44.67],[1.16,44.67],[1.17,44.68],[1.18,44.68],[1.19,44.68],[1.22,44.68],[1.24,44.69],[1.24,44.7],[1.25,44.71],[1.26,44.71],[1.27,44.72],[1.29,44.71],[1.3,44.73],[1.3,44.74],[1.32,44.74],[1.32,44.77],[1.31,44.77],[1.3,44.78],[1.3,44.79],[1.3,44.8],[1.33,44.81],[1.34,44.81],[1.36,44.81],[1.36,44.83],[1.36,44.84],[1.37,44.85],[1.38,44.84],[1.39,44.85],[1.4,44.85],[1.4,44.86],[1.42,44.87],[1.43,44.87],[1.44,44.88],[1.44,44.89],[1.42,44.9],[1.41,44.91],[1.42,44.92],[1.44,44.92],[1.44,44.93],[1.44,44.94],[1.42,44.96],[1.41,44.98],[1.41,45.0],[1.41,45.01],[1.43,45.01],[1.45,45.02]]]},"properties":{"code":"46","nom":"Lot"}},{"type":"Feature","geometry":{"type":"Polygon","coordinates":[[[-1.25,47.78],[-1.24,47.81],[-1.21,47.8],[-1.2,47.79],[-1.17,47.78],[-1.14,47.77],[-1.14,47.78],[-1.12,47.78],[-1.1,47.78],[-1.08,47.77],[-1.07,47.77],[-1.05,47.77],[-1.03,47.77],[-1.03,47.78],[-1.01,47.77],[-0.98,47.76],[-0.97,47.77],[-0.95,47.77],[-0.96,47.78],[-0.97,47.79],[-0.96,47.8],[-0.95,47.8],[-0.94,47.79],[-0.93,47.79],[-0.9,47.77],[-0.89,47.76],[-0.88,47.76],[-0.84,47.75],[-0.84,47.77],[-0.82,47.77],[-0.81,47.76],[-0.79,47.76],[-0.78,47.75],[-0.76,47.75],[-0.75,47.74],[-0.74,47.74],[-0.73,47.74],[-0.72,47.74],[-0.71,47.74],[-0.69,47.74],[-0.67,47.74],[-0.65,47.73],[-0.65,47.74],[-0.63,47.74],[-0.61,47.74],[-0.58,47.76],[-0.57,47.75],[-0.56,47.76],[-0.53,47.75],[-0.52,47.76],[-0.52,47.77],[-0.52,47.78],[-0.51,47.79],[-0.48,47.78],[-0.46,47.77],[-0.45,47.76],[-0.44,47.76],[-0.42,47.77],[-0.41,47.77],[-0.42,47.78],[-0.41,47.78],[-0.4,47.77],[-0.39,47.77],[-0.38,47.76],[-0.38,47.75],[-0.37,47.74],[-0.36,47.73],[-0.36,47.72],[-0.37,47.72],[-0.35,47.71],[-0.33,47.72],[-0.31,47.72],[-0.29,47.72],[-0.27,47.71],[-0.25,47.71],[-0.23,47.71],[-0.2,47.73],[-0.19,47.72],[-0.18,47.71],[-0.2,47.69],[-0.22,47.7],[-0.22,47.69],[-0.2,47.66],[-0.19,47.65],[-0.17,47.64],[-0.16,47.65],[-0.15,47.64],[-0.14,47.63],[-0.13,47.64],[-0.11,47.64],[-0.11,47.66],[-0.09,47.66],[-0.09,47.65],[-0.07,47.66],[-0.05,47.65],[-0.02,47.65],[-0.02,47.64],[-0.0,47.65],[0.01,47.64],[0.02,47.62],[0.04,47.62],[0.05,47.61],[0.06,47.6],[0.07,47.61],[0.1,47.6],[0.12,47.61],[0.12,47.6],[0.13,47.6],[0.14,47.59],[0.15,47.58],[0.16,47.59],[0.17,47.59],[0.18,47.6],[0.19,47.62],[0.2,47.62],[0.2,47.61],[0.22,47.61],[0.23,47.61],[0.23,47.58],[0.22,47.57],[0.2,47.54],[0.19,47.54],[0.2,47.53],[0.21,47.53],[0.22,47.53],[0.22,47.51],[0.22,47.5],[0.2,47.48],[0.19,47.46],[0.18,47.45],[0.19,47.42],[0.18,47.42],[0.15,47.4],[0.17,47.4],[0.17,47.39],[0.18,47.38],[0.16,47.37],[0.14,47.36],[0.15,47.35],[0.14,47.34],[0.13,47.33],[0.12,47.33],[0.11,47.31],[0.1,47.31],[0.08,47.28],[0.08,47.27],[0.07,47.25],[0.07,47.22],[0.05,47.2],[0.07,47.19],[0.06,47.18],[0.05,47.16],[0.05,47.17],[0.04,47.16],[0.02,47.18],[-0.01,47.16],[-0.03,47.13],[-0.04,47.11],[-0.03,47.11],[-0.03,47.1],[-0.04,47.09],[-0.06,47.1],[-0.09,47.1],[-0.1,47.09],[-0.1,47.08],[-0.1,47.06],[-0.13,47.05],[-0.14,47.06],[-0.15,47.07],[-0.17,47.06],[-0.18,47.07],[-0.16,47.09],[-0.15,47.09],[-0.14,47.1],[-0.16,47.1],[-0.18,47.11],[-0.19,47.1],[-0.21,47.09],[-0.24,47.11],[-0.26,47.1],[-0.29,47.1],[-0.3,47.1],[-0.31,47.09],[-0.34,47.09],[-0.36,47.09],[-0.38,47.09],[-0.4,47.09],[-0.4,47.07],[-0.41,47.07],[-0.43,47.07],[-0.45,47.07],[-0.46,47.07],[-0.48,47.05],[-0.49,47.07],[-0.48,47.07],[-0.46,47.07],[-0.46,47.08],[-0.5,47.08],[-0.54,47.07],[-0.56,47.06],[-0.56,47.04],[-0.54,47.04],[-0.55,47.03],[-0.56,47.03],[-0.57,47.02],[-0.58,47.02],[-0.59,47.01],[-0.6,47.0],[-0.62,46.99],[-0.63,47.0],[-0.64,47.0],[-0.68,47.0],[-0.68,46.99],[-0.7,46.99],[-0.71,46.99],[-0.73,46.99],[-0.74,47.0],[-0.75,46.99],[-0.76,46.99],[-0.77,47.0],[-0.79,47.01],[-0.8,46.99],[-0.83,46.99],[-0.84,46.99],[-0.86,46.98],[-0.85,46.97],[-0.86,46.97],[-0.88,46.98],[-0.89,46.98],[-0.9,46.99],[-0.92,46.99],[-0.92,47.0],[-0.93,47.01],[-0.94,47.0],[-0.95,47.0],[-0.96,46.99],[-0.97,47.01],[-0.98,47.01],[-1.0,47.02],[-1.02,47.0],[-1.06,47.01],[-1.09,47.02],[-1.1,47.01],[-1.12,47.02],[-1.14,47.02],[-1.15,47.03],[-1.12,47.04],[-1.12,47.05],[-1.12,47.06],[-1.14,47.07],[-1.15,47.07],[-1.16,47.08],[-1.17,47.09],[-1.2,47.1],[-1.22,47.1],[-1.25,47.1],[-1.23,47.11],[-1.23,47.12],[-1.24,47.14],[-1.2,47.15],[-1.19,47.16],[-1.18,47.16],[-1.16,47.18],[-1.16,47.19],[-1.17,47.19],[-1.18,47.2],[-1.18,47.21],[-1.19,47.22],[-1.18,47.24],[-1.2,47.25],[-1.21,47.25],[-1.23,47.24],[-1.24,47.24],[-1.25,47.25],[-1.26,47.26],[-1.27,47.27],[-1.28,47.27],[-1.28,47.29],[-1.29,47.3],[-1.31,47.3],[-1.33,47.3],[-1.34,47.3],[-1.35,47.3],[-1.33,47.32],[-1.32,47.32],[-1.3,47.34],[-1.28,47.34],[-1.26,47.34],[-1.23,47.35],[-1.21,47.35],[-1.19,47.35],[-1.18,47.36],[-1.17,47.37],[-1.14,47.37],[-1.11,47.37],[-1.08,47.37],[-1.06,47.37],[-1.05,47.37],[-1.02,47.37],[-0.99,47.37],[-0.97,47.37],[-0.97,47.38],[-0.95,47.39],[-0.95,47.4],[-0.96,47.42],[-0.95,47.42],[-0.95,47.44],[-0.95,47.45],[-0.97,47.47],[-0.96,47.48],[-0.97,47.49],[-1.01,47.49],[-1.03,47.5],[-1.04,47.51],[-1.07,47.5],[-1.11,47.5],[-1.14,47.5],[-1.16,47.51],[-1.16,47.52],[-1.17,47.52],[-1.17,47.53],[-1.15,47.54],[-1.18,47.55],[-1.17,47.57],[-1.13,47.57],[-1.11,47.57],[-1.08,47.57],[-1.05,47.56],[-1.03,47.57],[-1.02,47.58],[-1.01,47.59],[-1.03,47.6],[-1.05,47.6],[-1.06,47.6],[-1.09,47.61],[-1.1,47.62],[-1.14,47.62],[-1.14,47.63],[-1.16,47.64],[-1.16,47.66],[-1.17,47.66],[-1.18,47.67],[-1.18,47.68],[-1.17,47.69],[-1.2,47.71],[-1.2,47.72],[-1.22,47.72],[-1.24,47.73],[-1.25,47.73],[-1.26,47.74],[-1.24,47.74],[-1.24,47.76],[-1.25,47.76],[-1.25,47.78]]]},"properties":{"code":"49","nom":"Maine-et-Loire"}},{"type":"Feature","geometry":{"type":"Polygon","coordinates":[[[-1.12,49.36],[-1.11,49.33],[-1.14,49.31],[-1.14,49.3],[-1.13,49.28],[-1.14,49.27],[-1.11,49.26],[-1.09,49.24],[-1.07,49.23],[-1.05,49.22],[-1.04,49.22],[-1.02,49.2],[-1.01,49.2],[-0.98,49.19],[-0.96,49.2],[-0.95,49.21],[-0.93,49.22],[-0.92,49.22],[-0.91,49.21],[-0.9,49.2],[-0.91,49.19],[-0.92,49.18],[-0.93,49.16],[-0.94,49.16],[-0.95,49.17],[-0.96,49.16],[-0.94,49.15],[-0.93,49.15],[-0.91,49.14],[-0.89,49.13],[-0.89,49.12],[-0.91,49.11],[-0.92,49.1],[-0.89,49.12],[-0.88,49.12],[-0.88,49.1],[-0.88,49.09],[-0.87,49.08],[-0.87,49.07],[-0.88,49.05],[-0.89,49.05],[-0.88,49.04],[-0.87,49.04],[-0.86,49.03],[-0.87,49.03],[-0.89,49.02],[-0.9,49.01],[-0.91,49.01],[-0.91,48.99],[-0.94,48.97],[-0.96,48.97],[-0.97,48.96],[-1.0,48.95],[-1.01,48.95],[-1.03,48.96],[-1.06,48.96],[-1.06,48.95],[-1.07,48.93],[-1.08,48.92],[-1.04,48.92],[-1.02,48.93],[-1.01,48.92],[-1.03,48.9],[-1.05,48.89],[-1.06,48.88],[-1.07,48.87],[-1.1,48.88],[-1.1,48.87],[-1.12,48.86],[-1.12,48.85],[-1.13,48.85],[-1.14,48.84],[-1.16,48.84],[-1.16,48.83],[-1.15,48.82],[-1.13,48.82],[-1.1,48.81],[-1.09,48.8],[-1.1,48.79],[-1.09,48.78],[-1.06,48.77],[-1.05,48.78],[-1.02,48.78],[-1.01,48.77],[-0.99,48.78],[-0.97,48.77],[-0.97,48.79],[-0.95,48.78],[-0.94,48.78],[-0.92,48.77],[-0.89,48.77],[-0.88,48.76],[-0.87,48.76],[-0.85,48.76],[-0.84,48.76],[-0.84,48.75],[-0.85,48.75],[-0.85,48.73],[-0.84,48.73],[-0.82,48.73],[-0.81,48.73],[-0.8,48.71],[-0.77,48.7],[-0.76,48.69],[-0.74,48.69],[-0.74,48.68],[-0.75,48.67],[-0.77,48.66],[-0.76,48.63],[-0.74,48.63],[-0.75,48.62],[-0.75,48.6],[-0.77,48.59],[-0.77,48.58],[-0.77,48.56],[-0.79,48.55],[-0.81,48.55],[-0.83,48.53],[-0.85,48.52],[-0.86,48.5],[-0.88,48.5],[-0.9,48.5],[-0.92,48.5],[-0.92,48.51],[-0.93,48.52],[-0.96,48.52],[-0.96,48.51],[-0.96,48.5],[-0.97,48.49],[-1.0,48.49],[-1.05,48.51],[-1.06,48.52],[-1.07,48.51],[-1.1,48.51],[-1.12,48.52],[-1.13,48.52],[-1.15,48.52],[-1.16,48.52],[-1.17,48.53],[-1.19,48.53],[-1.21,48.54],[-1.22,48.54],[-1.24,48.54],[-1.25,48.54],[-1.27,48.53],[-1.27,48.52],[-1.28,48.51],[-1.29,48.51],[-1.3,48.5],[-1.33,48.5],[-1.33,48.49],[-1.34,48.49],[-1.35,48.48],[-1.35,48.47],[-1.38,48.46],[-1.4,48.46],[-1.41,48.46],[-1.43,48.46],[-1.44,48.47],[-1.44,48.48],[-1.45,48.49],[-1.47,48.49],[-1.49,48.49],[-1.5,48.51],[-1.51,48.52],[-1.52,48.54],[-1.53,48.55],[-1.53,48.56],[-1.52,48.57],[-1.53,48.58],[-1.54,48.58],[-1.54,48.59],[-1.54,48.6],[-1.55,48.61],[-1.57,48.61],[-1.57,48.63],[-1.54,48.63],[-1.52,48.63],[-1.52,48.62],[-1.49,48.62],[-1.48,48.62],[-1.45,48.62],[-1.43,48.64],[-1.4,48.64],[-1.38,48.64],[-1.36,48.64],[-1.37,48.65],[-1.38,48.65],[-1.39,48.65],[-1.4,48.66],[-1.39,48.67],[-1.39,48.68],[-1.41,48.67],[-1.43,48.67],[-1.44,48.66],[-1.45,48.66],[-1.45,48.67],[-1.48,48.68],[-1.5,48.68],[-1.5,48.69],[-1.52,48.72],[-1.53,48.73],[-1.56,48.74],[-1.57,48.74],[-1.57,48.75],[-1.57,48.77],[-1.57,48.8],[-1.57,48.82],[-1.59,48.83],[-1.6,48.84],[-1.59,48.85],[-1.58,48.87],[-1.56,48.92],[-1.55,48.9],[-1.54,48.93],[-1.55,48.94],[-1.56,48.94],[-1.56,48.98],[-1.56,48.99],[-1.56,49.0],[-1.55,49.0],[-1.56,49.01],[-1.56,49.02],[-1.54,49.03],[-1.52,49.03],[-1.51,49.03],[-1.54,49.04],[-1.55,49.04],[-1.56,49.04],[-1.57,49.03],[-1.58,49.02],[-1.57,49.0],[-1.58,49.0],[-1.59,49.02],[-1.6,49.06],[-1.6,49.07],[-1.61,49.08],[-1.61,49.09],[-1.61,49.11],[-1.6,49.12],[-1.59,49.13],[-1.58,49.13],[-1.6,49.14],[-1.6,49.17],[-1.61,49.2],[-1.61,49.21],[-1.57,49.22],[-1.59,49.23],[-1.62,49.23],[-1.63,49.23],[-1.63,49.21],[-1.64,49.22],[-1.65,49.24],[-1.66,49.26],[-1.68,49.28],[-1.67,49.28],[-1.67,49.29],[-1.68,49.29],[-1.7,49.3],[-1.71,49.33],[-1.7,49.32],[-1.7,49.33],[-1.72,49.33],[-1.74,49.34],[-1.76,49.36],[-1.78,49.37],[-1.81,49.37],[-1.82,49.39],[-1.82,49.41],[-1.82,49.44],[-1.83,49.45],[-1.84,49.47],[-1.85,49.5],[-1.85,49.51],[-1.87,49.51],[-1.88,49.52],[-1.89,49.53],[-1.89,49.54],[-1.86,49.55],[-1.84,49.57],[-1.84,49.6],[-1.85,49.62],[-1.86,49.64],[-1.86,49.65],[-1.87,49.66],[-1.9,49.67],[-1.92,49.67],[-1.93,49.67],[-1.95,49.67],[-1.94,49.69],[-1.95,49.7],[-1.94,49.73],[-1.92,49.72],[-1.9,49.72],[-1.89,49.71],[-1.88,49.71],[-1.85,49.72],[-1.84,49.71],[-1.83,49.69],[-1.82,49.69],[-1.79,49.69],[-1.76,49.68],[-1.74,49.68],[-1.72,49.68],[-1.7,49.67],[-1.69,49.67],[-1.68,49.66],[-1.65,49.66],[-1.63,49.66],[-1.62,49.64],[-1.6,49.65],[-1.58,49.65],[-1.57,49.66],[-1.54,49.65],[-1.51,49.66],[-1.5,49.67],[-1.49,49.67],[-1.48,49.68],[-1.48,49.69],[-1.47,49.7],[-1.46,49.69],[-1.42,49.7],[-1.41,49.7],[-1.39,49.71],[-1.37,49.71],[-1.35,49.7],[-1.29,49.69],[-1.27,49.7],[-1.27,49.68],[-1.25,49.66],[-1.24,49.65],[-1.23,49.62],[-1.23,49.61],[-1.25,49.61],[-1.27,49.59],[-1.26,49.59],[-1.27,49.58],[-1.28,49.59],[-1.3,49.58],[-1.3,49.57],[-1.31,49.55],[-1.31,49.54],[-1.29,49.52],[-1.27,49.5],[-1.26,49.49],[-1.22,49.46],[-1.18,49.42],[-1.17,49.41],[-1.16,49.39],[-1.17,49.38],[-1.18,49.36],[-1.16,49.37],[-1.14,49.36],[-1.14,49.35],[-1.12,49.36]]]},"properties":{"code":"50","nom":"Manche"}},{"type":"Feature","geometry":{"type":"MultiPolygon","coordinates":[[[[-2.88,47.34],[-2.87,47.35],[-2.86,47.34],[-2.89,47.33],[-2.88,47.34]]],[[[-3.42,47.62],[-3.44,47.63],[-3.45,47.62],[-3.46,47.62],[-3.47,47.63],[-3.49,47.63],[-3.51,47.64],[-3.51,47.65],[-3.5,47.65],[-3.44,47.64],[-3.43,47.64],[-3.42,47.63],[-3.42,47.62]]],[[[-2.95,47.37],[-2.96,47.38],[-2.97,47.39],[-2.95,47.39],[-2.95,47.38],[-2.95,47.37]]],[[[-3.24,47.32],[-3.25,47.33],[-3.26,47.35],[-3.26,47.36],[-3.26,47.37],[-3.25,47.38],[-3.24,47.39],[-3.23,47.38],[-3.22,47.38],[-3.22,47.37],[-3.2,47.37],[-3.19,47.37],[-3.17,47.36],[-3.16,47.36],[-3.15,47.35],[-3.15,47.34],[-3.14,47.33],[-3.12,47.32],[-3.11,47.32],[-3.09,47.32],[-3.07,47.32],[-3.06,47.32],[-3.07,47.3],[-3.08,47.29],[-3.09,47.28],[-3.11,47.28],[-3.12,47.29],[-3.14,47.29],[-3.15,47.29],[-3.18,47.3],[-3.19,47.3],[-3.2,47.3],[-3.22,47.29],[-3.23,47.3],[-3.24,47.3],[-3.25,47.32],[-3.24,47.32]]],[[[-2.86,47.56],[-2.86,47.57],[-2.85,47.59],[-2.84,47.6],[-2.84,47.59],[-2.85,47.59],[-2.85,47.58],[-2.85,47.57],[-2.86,47.56]]],[[[-2.81,47.58],[-2.81,47.59],[-2.79,47.6],[-2.8,47.59],[-2.81,47.58]]],[[[-2.29,48.13],[-2.28,48.13],[-2.26,48.11],[-2.25,48.08],[-2.26,48.07],[-2.25,48.06],[-2.23,48.06],[-2.23,48.08],[-2.22,48.08],[-2.19,48.08],[-2.18,48.08],[-2.17,48.08],[-2.17,48.06],[-2.19,48.05],[-2.22,48.05],[-2.24,48.05],[-2.27,48.04],[-2.28,48.03],[-2.28,48.02],[-2.28,48.01],[-2.29,48.0],[-2.28,47.99],[-2.24,48.0],[-2.22,47.99],[-2.2,47.99],[-2.19,47.99],[-2.18,47.98],[-2.17,47.98],[-2.15,47.98],[-2.14,47.98],[-2.12,47.96],[-2.1,47.95],[-2.1,47.94],[-2.08,47.92],[-2.08,47.91],[-2.1,47.9],[-2.11,47.89],[-2.12,47.88],[-2.1,47.86],[-2.11,47.85],[-2.09,47.84],[-2.07,47.85],[-2.06,47.87],[-2.05,47.86],[-2.05,47.85],[-2.05,47.84],[-2.04,47.83],[-2.05,47.82],[-2.07,47.81],[-2.07,47.79],[-2.09,47.78],[-2.11,47.78],[-2.12,47.77],[-2.13,47.76],[-2.08,47.76],[-2.08,47.75],[-2.06,47.75],[-2.06,47.74],[-2.09,47.74],[-2.11,47.74],[-2.11,47.73],[-2.13,47.72],[-2.12,47.71],[-2.12,47.69],[-2.12,47.68],[-2.1,47.68],[-2.1,47.67],[-2.11,47.65],[-2.09,47.65],[-2.1,47.63],[-2.08,47.62],[-2.09,47.6],[-2.1,47.6],[-2.1,47.59],[-2.1,47.57],[-2.1,47.55],[-2.1,47.54],[-2.1,47.53],[-2.11,47.53],[-2.16,47.52],[-2.15,47.51],[-2.15,47.5],[-2.16,47.49],[-2.18,47.49],[-2.19,47.5],[-2.18,47.5],[-2.18,47.51],[-2.21,47.51],[-2.22,47.51],[-2.24,47.49],[-2.27,47.5],[-2.26,47.5],[-2.26,47.51],[-2.28,47.51],[-2.3,47.52],[-2.3,47.5],[-2.3,47.49],[-2.31,47.49],[-2.31,47.46],[-2.32,47.46],[-2.35,47.46],[-2.35,47.45],[-2.37,47.46],[-2.38,47.46],[-2.39,47.46],[-2.4,47.46],[-2.42,47.46],[-2.42,47.48],[-2.44,47.47],[-2.45,47.46],[-2.46,47.45],[-2.47,47.45],[-2.48,47.44],[-2.49,47.45],[-2.5,47.46],[-2.49,47.47],[-2.5,47.49],[-2.49,47.5],[-2.48,47.5],[-2.47,47.48],[-2.46,47.49],[-2.44,47.5],[-2.45,47.51],[-2.47,47.51],[-2.5,47.52],[-2.51,47.52],[-2.52,47.53],[-2.54,47.53],[-2.54,47.52],[-2.56,47.51],[-2.57,47.52],[-2.59,47.52],[-2.61,47.52],[-2.61,47.51],[-2.62,47.5],[-2.62,47.51],[-2.61,47.51],[-2.6,47.52],[-2.59,47.53],[-2.57,47.55],[-2.56,47.55],[-2.59,47.56],[-2.58,47.54],[-2.6,47.53],[-2.62,47.54],[-2.62,47.55],[-2.63,47.55],[-2.62,47.54],[-2.63,47.53],[-2.65,47.54],[-2.65,47.53],[-2.63,47.53],[-2.64,47.52],[-2.66,47.52],[-2.67,47.51],[-2.68,47.5],[-2.72,47.51],[-2.74,47.5],[-2.75,47.5],[-2.77,47.5],[-2.78,47.49],[-2.8,47.49],[-2.82,47.49],[-2.85,47.5],[-2.85,47.51],[-2.87,47.53],[-2.89,47.54],[-2.91,47.54],[-2.91,47.55],[-2.88,47.56],[-2.88,47.55],[-2.86,47.55],[-2.84,47.54],[-2.82,47.54],[-2.81,47.55],[-2.8,47.55],[-2.78,47.55],[-2.78,47.54],[-2.77,47.54],[-2.73,47.54],[-2.73,47.55],[-2.73,47.57],[-2.72,47.57],[-2.71,47.58],[-2.7,47.59],[-2.69,47.59],[-2.69,47.61],[-2.69,47.62],[-2.69,47.63],[-2.71,47.64],[-2.72,47.63],[-2.71,47.63],[-2.71,47.62],[-2.7,47.61],[-2.71,47.59],[-2.72,47.6],[-2.74,47.6],[-2.78,47.62],[-2.78,47.63],[-2.75,47.62],[-2.76,47.63],[-2.78,47.63],[-2.78,47.62],[-2.8,47.62],[-2.81,47.62],[-2.83,47.61],[-2.85,47.62],[-2.87,47.61],[-2.87,47.6],[-2.89,47.6],[-2.89,47.58],[-2.9,47.58],[-2.91,47.59],[-2.93,47.6],[-2.94,47.59],[-2.95,47.61],[-2.95,47.62],[-2.95,47.63],[-2.96,47.63],[-2.96,47.64],[-2.98,47.66],[-2.97,47.65],[-2.97,47.64],[-2.96,47.63],[-2.96,47.61],[-2.97,47.6],[-2.96,47.6],[-2.96,47.59],[-2.96,47.58],[-2.95,47.58],[-2.94,47.57],[-2.93,47.55],[-2.94,47.55],[-2.95,47.56],[-2.97,47.56],[-2.98,47.58],[-2.99,47.58],[-3.0,47.57],[-3.01,47.58],[-3.02,47.58],[-3.05,47.58],[-3.06,47.57],[-3.07,47.57],[-3.09,47.56],[-3.11,47.57],[-3.1,47.58],[-3.13,47.6],[-3.13,47.57],[-3.12,47.57],[-3.13,47.56],[-3.13,47.54],[-3.13,47.53],[-3.13,47.52],[-3.12,47.51],[-3.12,47.5],[-3.11,47.49],[-3.09,47.48],[-3.1,47.47],[-3.12,47.48],[-3.13,47.47],[-3.14,47.48],[-3.15,47.5],[-3.15,47.51],[-3.16,47.53],[-3.14,47.53],[-3.13,47.55],[-3.14,47.56],[-3.14,47.58],[-3.15,47.6],[-3.16,47.61],[-3.19,47.62],[-3.21,47.64],[-3.2,47.65],[-3.21,47.66],[-3.19,47.68],[-3.16,47.68],[-3.16,47.69],[-3.14,47.71],[-3.13,47.71],[-3.13,47.72],[-3.15,47.72],[-3.15,47.74],[-3.16,47.74],[-3.16,47.73],[-3.17,47.72],[-3.17,47.7],[-3.19,47.7],[-3.2,47.7],[-3.19,47.69],[-3.21,47.67],[-3.22,47.67],[-3.21,47.66],[-3.21,47.65],[-3.24,47.66],[-3.27,47.68],[-3.29,47.7],[-3.3,47.7],[-3.31,47.7],[-3.32,47.71],[-3.34,47.71],[-3.35,47.7],[-3.36,47.71],[-3.34,47.72],[-3.35,47.73],[-3.34,47.73],[-3.32,47.74],[-3.31,47.75],[-3.3,47.77],[-3.32,47.76],[-3.32,47.75],[-3.33,47.74],[-3.35,47.74],[-3.36,47.73],[-3.37,47.73],[-3.37,47.72],[-3.39,47.7],[-3.43,47.7],[-3.45,47.7],[-3.46,47.71],[-3.48,47.71],[-3.5,47.73],[-3.51,47.75],[-3.52,47.76],[-3.53,47.77],[-3.53,47.78],[-3.52,47.81],[-3.54,47.82],[-3.54,47.84],[-3.52,47.84],[-3.52,47.85],[-3.51,47.83],[-3.49,47.82],[-3.48,47.83],[-3.46,47.84],[-3.45,47.85],[-3.45,47.86],[-3.42,47.87],[-3.4,47.87],[-3.4,47.88],[-3.4,47.9],[-3.41,47.91],[-3.41,47.92],[-3.39,47.92],[-3.39,47.93],[-3.4,47.94],[-3.4,47.95],[-3.39,47.95],[-3.4,47.97],[-3.42,47.97],[-3.45,47.96],[-3.46,47.96],[-3.46,47.95],[-3.48,47.95],[-3.48,47.97],[-3.5,47.98],[-3.51,47.97],[-3.52,47.98],[-3.53,47.99],[-3.55,47.99],[-3.56,47.99],[-3.57,47.99],[-3.58,47.99],[-3.6,47.99],[-3.63,47.98],[-3.64,47.99],[-3.65,48.01],[-3.66,48.02],[-3.66,48.03],[-3.67,48.04],[-3.67,48.05],[-3.68,48.06],[-3.7,48.06],[-3.7,48.08],[-3.7,48.09],[-3.71,48.1],[-3.73,48.1],[-3.73,48.11],[-3.72,48.12],[-3.71,48.13],[-3.72,48.14],[-3.7,48.15],[-3.67,48.15],[-3.65,48.16],[-3.63,48.17],[-3.61,48.17],[-3.59,48.18],[-3.56,48.19],[-3.55,48.18],[-3.53,48.18],[-3.51,48.18],[-3.48,48.19],[-3.47,48.18],[-3.45,48.18],[-3.44,48.19],[-3.42,48.18],[-3.42,48.17],[-3.44,48.16],[-3.44,48.15],[-3.42,48.15],[-3.4,48.15],[-3.39,48.16],[-3.38,48.16],[-3.35,48.16],[-3.34,48.17],[-3.32,48.15],[-3.3,48.15],[-3.29,48.15],[-3.28,48.14],[-3.27,48.14],[-3.25,48.15],[-3.23,48.15],[-3.22,48.14],[-3.22,48.15],[-3.19,48.16],[-3.18,48.16],[-3.17,48.16],[-3.16,48.16],[-3.14,48.16],[-3.13,48.18],[-3.14,48.18],[-3.13,48.2],[-3.12,48.2],[-3.12,48.21],[-3.1,48.21],[-3.09,48.2],[-3.08,48.21],[-3.07,48.21],[-3.06,48.21],[-3.03,48.2],[-3.01,48.2],[-3.01,48.19],[-3.01,48.17],[-3.0,48.16],[-2.99,48.16],[-2.97,48.17],[-2.95,48.17],[-2.94,48.17],[-2.9,48.16],[-2.89,48.16],[-2.88,48.15],[-2.85,48.14],[-2.84,48.14],[-2.83,48.15],[-2.81,48.15],[-2.81,48.14],[-2.78,48.12],[-2.78,48.11],[-2.78,48.1],[-2.78,48.09],[-2.77,48.09],[-2.76,48.1],[-2.75,48.12],[-2.7,48.11],[-2.7,48.12],[-2.68,48.13],[-2.66,48.13],[-2.65,48.12],[-2.65,48.1],[-2.66,48.08],[-2.67,48.07],[-2.67,48.05],[-2.65,48.04],[-2.63,48.04],[-2.59,48.05],[-2.57,48.07],[-2.56,48.07],[-2.55,48.08],[-2.55,48.1],[-2.53,48.11],[-2.51,48.13],[-2.52,48.14],[-2.52,48.15],[-2.53,48.16],[-2.51,48.16],[-2.49,48.16],[-2.49,48.17],[-2.47,48.16],[-2.46,48.17],[-2.45,48.17],[-2.43,48.17],[-2.41,48.17],[-2.4,48.15],[-2.38,48.14],[-2.37,48.12],[-2.36,48.11],[-2.35,48.13],[-2.34,48.13],[-2.34,48.12],[-2.32,48.12],[-2.32,48.13],[-2.31,48.14],[-2.29,48.13]]]]},"properties":{"code":"56","nom":"Morbihan"}},{"type":"Feature","geometry":{"type":"MultiPolygon","coordinates":[[[[3.0,50.13],[3.0,50.14],[3.0,50.15],[3.03,50.15],[3.04,50.15],[3.04,50.16],[3.05,50.17],[3.06,50.17],[3.09,50.17],[3.1,50.16],[3.07,50.15],[3.07,50.13],[3.06,50.13],[3.04,50.13],[3.03,50.12],[3.01,50.11],[3.0,50.12],[3.0,50.13]]],[[[2.07,51.01],[2.08,51.01],[2.11,51.0],[2.12,51.01],[2.14,51.02],[2.17,51.02],[2.18,51.02],[2.19,51.03],[2.21,51.03],[2.26,51.04],[2.33,51.06],[2.35,51.06],[2.37,51.05],[2.38,51.05],[2.4,51.05],[2.42,51.06],[2.49,51.07],[2.54,51.09],[2.55,51.09],[2.56,51.07],[2.58,51.01],[2.57,51.0],[2.58,51.0],[2.6,50.99],[2.61,50.98],[2.63,50.95],[2.62,50.94],[2.59,50.92],[2.59,50.91],[2.61,50.91],[2.61,50.9],[2.61,50.87],[2.61,50.86],[2.6,50.85],[2.63,50.84],[2.63,50.83],[2.63,50.81],[2.66,50.81],[2.67,50.82],[2.69,50.81],[2.72,50.81],[2.73,50.81],[2.72,50.8],[2.73,50.79],[2.74,50.78],[2.76,50.77],[2.76,50.76],[2.77,50.75],[2.78,50.75],[2.79,50.73],[2.8,50.72],[2.81,50.72],[2.85,50.72],[2.85,50.71],[2.87,50.7],[2.89,50.71],[2.9,50.69],[2.91,50.69],[2.91,50.7],[2.92,50.7],[2.93,50.72],[2.94,50.73],[2.94,50.74],[2.96,50.75],[2.97,50.75],[2.98,50.76],[3.01,50.77],[3.04,50.77],[3.04,50.78],[3.06,50.78],[3.08,50.77],[3.09,50.77],[3.11,50.78],[3.11,50.79],[3.12,50.79],[3.15,50.79],[3.15,50.78],[3.19,50.74],[3.2,50.73],[3.19,50.72],[3.2,50.72],[3.22,50.71],[3.24,50.71],[3.26,50.7],[3.26,50.69],[3.25,50.69],[3.26,50.68],[3.24,50.67],[3.24,50.66],[3.25,50.64],[3.26,50.63],[3.26,50.62],[3.27,50.61],[3.28,50.59],[3.28,50.58],[3.28,50.56],[3.28,50.54],[3.29,50.53],[3.31,50.52],[3.32,50.52],[3.33,50.51],[3.34,50.51],[3.36,50.5],[3.37,50.49],[3.39,50.5],[3.41,50.5],[3.43,50.51],[3.45,50.51],[3.45,50.52],[3.47,50.53],[3.49,50.53],[3.5,50.53],[3.52,50.52],[3.52,50.51],[3.5,50.5],[3.5,50.49],[3.53,50.49],[3.57,50.5],[3.59,50.49],[3.6,50.49],[3.61,50.49],[3.63,50.48],[3.64,50.46],[3.66,50.46],[3.66,50.45],[3.66,50.44],[3.67,50.44],[3.67,50.4],[3.67,50.39],[3.66,50.37],[3.67,50.36],[3.67,50.35],[3.67,50.34],[3.67,50.33],[3.69,50.32],[3.71,50.3],[3.72,50.31],[3.73,50.31],[3.73,50.32],[3.74,50.34],[3.75,50.35],[3.76,50.35],[3.77,50.35],[3.8,50.35],[3.81,50.35],[3.82,50.35],[3.83,50.35],[3.85,50.35],[3.86,50.34],[3.87,50.34],[3.89,50.34],[3.89,50.33],[3.9,50.33],[3.91,50.33],[3.97,50.35],[3.98,50.34],[3.99,50.35],[4.02,50.35],[4.03,50.36],[4.04,50.34],[4.05,50.34],[4.08,50.32],[4.08,50.31],[4.1,50.31],[4.11,50.3],[4.12,50.3],[4.13,50.29],[4.12,50.27],[4.14,50.27],[4.14,50.26],[4.16,50.26],[4.17,50.26],[4.17,50.27],[4.15,50.28],[4.16,50.29],[4.18,50.28],[4.18,50.27],[4.2,50.27],[4.22,50.26],[4.22,50.25],[4.2,50.24],[4.18,50.23],[4.17,50.22],[4.15,50.21],[4.16,50.2],[4.15,50.18],[4.15,50.17],[4.16,50.17],[4.15,50.16],[4.14,50.15],[4.13,50.14],[4.14,50.13],[4.15,50.13],[4.16,50.14],[4.18,50.13],[4.19,50.13],[4.2,50.13],[4.2,50.11],[4.2,50.1],[4.22,50.09],[4.23,50.08],[4.23,50.07],[4.19,50.05],[4.18,50.05],[4.16,50.05],[4.14,50.02],[4.15,50.0],[4.16,50.0],[4.16,49.99],[4.14,49.98],[4.12,49.97],[4.11,49.97],[4.09,49.97],[4.08,49.98],[4.06,49.99],[4.03,49.99],[4.03,49.98],[4.01,49.99],[4.01,50.0],[3.98,50.0],[3.98,50.01],[3.99,50.03],[3.99,50.04],[3.98,50.04],[3.97,50.04],[3.95,50.03],[3.92,50.03],[3.89,50.01],[3.88,50.03],[3.88,50.04],[3.85,50.04],[3.84,50.05],[3.82,50.04],[3.8,50.05],[3.78,50.05],[3.77,50.05],[3.75,50.05],[3.72,50.07],[3.71,50.07],[3.67,50.05],[3.66,50.05],[3.66,50.04],[3.66,50.03],[3.64,50.04],[3.63,50.04],[3.61,50.03],[3.59,50.04],[3.56,50.05],[3.54,50.05],[3.53,50.04],[3.51,50.04],[3.49,50.02],[3.45,50.02],[3.41,50.03],[3.4,50.03],[3.39,50.03],[3.37,50.04],[3.35,50.04],[3.34,50.02],[3.33,50.02],[3.31,50.02],[3.29,50.01],[3.28,50.02],[3.27,50.03],[3.26,50.03],[3.26,50.02],[3.23,50.03],[3.22,50.02],[3.18,50.01],[3.17,50.01],[3.17,50.02],[3.15,50.02],[3.15,50.03],[3.13,50.02],[3.12,50.03],[3.11,50.04],[3.09,50.05],[3.08,50.06],[3.09,50.08],[3.1,50.08],[3.11,50.09],[3.11,50.1],[3.1,50.1],[3.1,50.12],[3.12,50.13],[3.13,50.14],[3.12,50.15],[3.1,50.16],[3.12,50.17],[3.13,50.17],[3.15,50.18],[3.16,50.18],[3.14,50.19],[3.14,50.2],[3.13,50.2],[3.14,50.22],[3.18,50.22],[3.19,50.23],[3.17,50.24],[3.15,50.24],[3.15,50.26],[3.13,50.27],[3.11,50.27],[3.08,50.27],[3.06,50.27],[3.05,50.28],[3.04,50.27],[3.02,50.26],[3.01,50.27],[3.02,50.28],[3.03,50.29],[3.05,50.28],[3.06,50.29],[3.05,50.29],[3.07,50.31],[3.08,50.31],[3.06,50.33],[3.05,50.35],[3.04,50.34],[3.01,50.36],[2.99,50.38],[2.99,50.39],[2.98,50.4],[3.0,50.4],[3.03,50.41],[3.03,50.42],[3.05,50.43],[3.07,50.43],[3.08,50.44],[3.07,50.45],[3.07,50.46],[3.05,50.46],[3.04,50.44],[3.02,50.44],[3.02,50.45],[3.01,50.46],[3.02,50.47],[3.02,50.48],[3.01,50.49],[3.0,50.5],[2.96,50.51],[2.95,50.51],[2.93,50.51],[2.91,50.5],[2.9,50.5],[2.88,50.51],[2.89,50.52],[2.89,50.54],[2.86,50.53],[2.83,50.53],[2.81,50.53],[2.8,50.53],[2.8,50.54],[2.79,50.55],[2.81,50.55],[2.82,50.57],[2.81,50.58],[2.79,50.58],[2.81,50.6],[2.83,50.62],[2.84,50.63],[2.86,50.63],[2.87,50.63],[2.84,50.66],[2.82,50.66],[2.81,50.67],[2.79,50.66],[2.78,50.67],[2.77,50.66],[2.76,50.66],[2.77,50.65],[2.79,50.63],[2.78,50.63],[2.77,50.63],[2.75,50.63],[2.76,50.62],[2.74,50.61],[2.73,50.61],[2.71,50.63],[2.7,50.63],[2.68,50.64],[2.67,50.62],[2.64,50.62],[2.63,50.62],[2.62,50.63],[2.61,50.63],[2.6,50.63],[2.59,50.64],[2.58,50.63],[2.57,50.63],[2.56,50.62],[2.54,50.63],[2.53,50.64],[2.52,50.64],[2.5,50.63],[2.47,50.64],[2.45,50.65],[2.43,50.66],[2.42,50.67],[2.41,50.67],[2.4,50.68],[2.38,50.67],[2.37,50.67],[2.36,50.68],[2.38,50.7],[2.36,50.71],[2.35,50.72],[2.34,50.73],[2.34,50.74],[2.36,50.75],[2.38,50.75],[2.41,50.77],[2.4,50.77],[2.38,50.78],[2.36,50.78],[2.37,50.77],[2.34,50.78],[2.31,50.78],[2.31,50.79],[2.29,50.78],[2.29,50.79],[2.27,50.78],[2.25,50.79],[2.23,50.81],[2.21,50.81],[2.21,50.84],[2.2,50.84],[2.18,50.88],[2.17,50.9],[2.16,50.92],[2.15,50.93],[2.15,50.94],[2.14,50.95],[2.14,50.96],[2.13,50.97],[2.12,50.98],[2.1,51.0],[2.08,51.01],[2.07,51.01]]]]},"properties":{"code":"59","nom":"Nord"}},{"type":"Feature","geometry":{"type":"Polygon","coordinates":[[[5.88,47.93],[5.9,47.93],[5.89,47.94],[5.9,47.94],[5.92,47.95],[5.92,47.97],[5.94,47.98],[5.95,47.98],[5.96,47.97],[5.94,47.95],[5.93,47.94],[5.95,47.94],[5.97,47.95],[5.97,47.96],[6.0,47.96],[6.01,47.97],[6.02,47.98],[6.03,47.99],[6.04,48.0],[6.07,48.02],[6.08,48.01],[6.1,48.02],[6.11,48.01],[6.12,48.02],[6.13,48.02],[6.16,48.01],[6.15,47.99],[6.16,47.98],[6.15,47.97],[6.16,47.96],[6.17,47.95],[6.18,47.95],[6.2,47.95],[6.21,47.94],[6.21,47.93],[6.22,47.94],[6.24,47.93],[6.28,47.95],[6.3,47.96],[6.31,47.95],[6.32,47.95],[6.34,47.95],[6.37,47.96],[6.39,47.96],[6.41,47.95],[6.41,47.94],[6.43,47.94],[6.44,47.94],[6.46,47.91],[6.48,47.89],[6.5,47.9],[6.54,47.9],[6.57,47.93],[6.6,47.94],[6.63,47.93],[6.65,47.9],[6.67,47.89],[6.7,47.88],[6.71,47.88],[6.73,47.87],[6.74,47.86],[6.76,47.86],[6.76,47.85],[6.78,47.85],[6.79,47.84],[6.79,47.83],[6.82,47.81],[6.81,47.8],[6.8,47.79],[6.78,47.78],[6.77,47.76],[6.76,47.75],[6.76,47.72],[6.77,47.71],[6.77,47.7],[6.78,47.69],[6.78,47.67],[6.78,47.66],[6.8,47.64],[6.8,47.63],[6.79,47.63],[6.78,47.63],[6.78,47.62],[6.79,47.61],[6.79,47.6],[6.8,47.59],[6.82,47.58],[6.81,47.56],[6.8,47.56],[6.8,47.55],[6.78,47.54],[6.77,47.54],[6.75,47.54],[6.74,47.55],[6.73,47.56],[6.72,47.55],[6.69,47.56],[6.69,47.57],[6.67,47.57],[6.66,47.58],[6.65,47.57],[6.67,47.56],[6.65,47.54],[6.63,47.53],[6.62,47.53],[6.6,47.54],[6.58,47.54],[6.57,47.53],[6.58,47.53],[6.58,47.51],[6.57,47.5],[6.56,47.5],[6.55,47.49],[6.53,47.51],[6.52,47.5],[6.5,47.51],[6.47,47.49],[6.46,47.51],[6.43,47.52],[6.42,47.52],[6.4,47.52],[6.39,47.52],[6.39,47.51],[6.37,47.51],[6.35,47.51],[6.33,47.51],[6.32,47.49],[6.3,47.49],[6.3,47.48],[6.3,47.47],[6.29,47.46],[6.28,47.44],[6.26,47.45],[6.26,47.43],[6.25,47.42],[6.24,47.43],[6.23,47.42],[6.24,47.41],[6.23,47.41],[6.22,47.42],[6.2,47.43],[6.2,47.42],[6.19,47.41],[6.17,47.41],[6.18,47.4],[6.17,47.4],[6.15,47.39],[6.14,47.39],[6.12,47.39],[6.1,47.38],[6.11,47.38],[6.12,47.37],[6.11,47.36],[6.1,47.36],[6.1,47.37],[6.08,47.37],[6.08,47.35],[6.07,47.35],[6.05,47.35],[6.03,47.34],[6.02,47.33],[6.0,47.34],[5.99,47.33],[5.97,47.33],[5.97,47.34],[5.94,47.34],[5.93,47.34],[5.93,47.33],[5.91,47.33],[5.9,47.33],[5.9,47.32],[5.89,47.31],[5.88,47.32],[5.85,47.31],[5.84,47.3],[5.81,47.29],[5.8,47.29],[5.78,47.29],[5.77,47.28],[5.75,47.27],[5.73,47.26],[5.71,47.27],[5.7,47.27],[5.68,47.28],[5.67,47.27],[5.65,47.26],[5.64,47.26],[5.62,47.26],[5.6,47.26],[5.59,47.26],[5.58,47.25],[5.57,47.25],[5.57,47.27],[5.55,47.28],[5.53,47.28],[5.53,47.29],[5.52,47.31],[5.52,47.3],[5.5,47.31],[5.47,47.32],[5.48,47.33],[5.49,47.33],[5.49,47.35],[5.49,47.36],[5.5,47.39],[5.48,47.39],[5.45,47.38],[5.43,47.39],[5.43,47.4],[5.44,47.4],[5.43,47.42],[5.43,47.44],[5.44,47.45],[5.42,47.45],[5.41,47.46],[5.38,47.45],[5.38,47.46],[5.41,47.48],[5.39,47.48],[5.4,47.5],[5.43,47.5],[5.44,47.49],[5.45,47.5],[5.47,47.52],[5.47,47.53],[5.49,47.53],[5.5,47.54],[5.49,47.56],[5.48,47.57],[5.49,47.57],[5.48,47.61],[5.47,47.61],[5.45,47.62],[5.44,47.63],[5.43,47.63],[5.4,47.6],[5.39,47.6],[5.37,47.6],[5.37,47.62],[5.39,47.64],[5.41,47.65],[5.4,47.65],[5.41,47.67],[5.43,47.68],[5.44,47.67],[5.45,47.67],[5.47,47.68],[5.48,47.68],[5.52,47.67],[5.53,47.67],[5.54,47.69],[5.57,47.71],[5.58,47.7],[5.6,47.67],[5.61,47.68],[5.62,47.67],[5.64,47.68],[5.65,47.68],[5.66,47.68],[5.69,47.68],[5.69,47.69],[5.69,47.7],[5.68,47.71],[5.68,47.72],[5.69,47.74],[5.71,47.74],[5.71,47.75],[5.71,47.76],[5.71,47.77],[5.68,47.77],[5.68,47.78],[5.68,47.8],[5.69,47.82],[5.7,47.82],[5.73,47.82],[5.75,47.82],[5.74,47.85],[5.75,47.85],[5.76,47.86],[5.8,47.85],[5.81,47.85],[5.83,47.85],[5.82,47.87],[5.84,47.89],[5.85,47.9],[5.87,47.9],[5.89,47.9],[5.89,47.91],[5.88,47.93]]]},"properties":{"code":"70","nom":"Haute-Sa\u00f4ne"}},{"type":"Feature","geometry":{"type":"Polygon","coordinates":[[[-0.05,48.38],[-0.04,48.38],[-0.02,48.39],[-0.0,48.4],[0.01,48.39],[0.02,48.38],[0.06,48.38],[0.06,48.39],[0.07,48.41],[0.08,48.41],[0.1,48.41],[0.12,48.44],[0.15,48.44],[0.16,48.44],[0.16,48.45],[0.17,48.45],[0.17,48.46],[0.18,48.46],[0.19,48.46],[0.22,48.47],[0.23,48.47],[0.26,48.48],[0.28,48.48],[0.3,48.48],[0.32,48.47],[0.33,48.47],[0.34,48.46],[0.36,48.46],[0.36,48.45],[0.37,48.44],[0.38,48.43],[0.38,48.42],[0.37,48.41],[0.38,48.4],[0.37,48.39],[0.38,48.38],[0.38,48.36],[0.39,48.35],[0.38,48.34],[0.38,48.33],[0.4,48.32],[0.41,48.31],[0.42,48.32],[0.43,48.32],[0.43,48.31],[0.44,48.3],[0.46,48.31],[0.48,48.3],[0.49,48.31],[0.51,48.3],[0.49,48.29],[0.51,48.27],[0.53,48.27],[0.54,48.26],[0.54,48.25],[0.55,48.25],[0.56,48.25],[0.58,48.24],[0.63,48.25],[0.64,48.26],[0.65,48.26],[0.68,48.25],[0.72,48.21],[0.72,48.2],[0.73,48.2],[0.74,48.19],[0.76,48.18],[0.8,48.19],[0.81,48.19],[0.83,48.18],[0.84,48.17],[0.86,48.17],[0.88,48.16],[0.91,48.15],[0.91,48.14],[0.89,48.14],[0.87,48.13],[0.85,48.13],[0.86,48.12],[0.84,48.1],[0.83,48.1],[0.81,48.1],[0.82,48.09],[0.84,48.09],[0.84,48.07],[0.83,48.07],[0.8,48.07],[0.8,48.05],[0.8,48.04],[0.81,48.03],[0.83,48.03],[0.84,48.03],[0.84,48.02],[0.83,48.01],[0.83,48.0],[0.83,47.99],[0.82,47.98],[0.85,47.95],[0.85,47.94],[0.84,47.94],[0.82,47.93],[0.81,47.93],[0.81,47.91],[0.82,47.89],[0.81,47.89],[0.8,47.9],[0.79,47.91],[0.78,47.91],[0.77,47.9],[0.76,47.9],[0.76,47.88],[0.76,47.87],[0.76,47.86],[0.77,47.85],[0.77,47.84],[0.77,47.83],[0.76,47.83],[0.75,47.83],[0.74,47.81],[0.72,47.8],[0.71,47.79],[0.7,47.79],[0.69,47.78],[0.7,47.77],[0.7,47.76],[0.68,47.77],[0.64,47.75],[0.63,47.75],[0.61,47.73],[0.59,47.72],[0.58,47.71],[0.59,47.7],[0.6,47.69],[0.61,47.69],[0.61,47.68],[0.6,47.68],[0.59,47.67],[0.56,47.67],[0.54,47.66],[0.51,47.65],[0.5,47.65],[0.48,47.64],[0.48,47.65],[0.46,47.64],[0.46,47.63],[0.45,47.62],[0.42,47.62],[0.4,47.64],[0.38,47.64],[0.36,47.63],[0.36,47.62],[0.38,47.61],[0.39,47.59],[0.4,47.58],[0.38,47.57],[0.37,47.57],[0.34,47.58],[0.34,47.59],[0.32,47.59],[0.29,47.6],[0.28,47.6],[0.27,47.61],[0.26,47.61],[0.24,47.61],[0.23,47.61],[0.22,47.61],[0.2,47.61],[0.2,47.62],[0.19,47.62],[0.18,47.6],[0.17,47.59],[0.16,47.59],[0.15,47.58],[0.14,47.59],[0.13,47.6],[0.12,47.6],[0.12,47.61],[0.1,47.6],[0.07,47.61],[0.06,47.6],[0.05,47.61],[0.04,47.62],[0.02,47.62],[0.01,47.64],[-0.0,47.65],[-0.02,47.64],[-0.02,47.65],[-0.05,47.65],[-0.07,47.66],[-0.09,47.65],[-0.09,47.66],[-0.11,47.66],[-0.11,47.64],[-0.13,47.64],[-0.14,47.63],[-0.15,47.64],[-0.16,47.65],[-0.17,47.64],[-0.19,47.65],[-0.2,47.66],[-0.22,47.69],[-0.22,47.7],[-0.2,47.69],[-0.18,47.71],[-0.19,47.72],[-0.2,47.73],[-0.23,47.71],[-0.25,47.71],[-0.27,47.71],[-0.29,47.72],[-0.31,47.72],[-0.33,47.72],[-0.35,47.71],[-0.37,47.72],[-0.36,47.72],[-0.36,47.73],[-0.37,47.74],[-0.38,47.75],[-0.38,47.76],[-0.38,47.77],[-0.38,47.79],[-0.39,47.81],[-0.41,47.8],[-0.43,47.81],[-0.44,47.82],[-0.45,47.83],[-0.43,47.85],[-0.41,47.85],[-0.41,47.86],[-0.39,47.86],[-0.37,47.86],[-0.38,47.87],[-0.37,47.87],[-0.37,47.88],[-0.38,47.89],[-0.41,47.89],[-0.41,47.91],[-0.4,47.92],[-0.4,47.93],[-0.38,47.93],[-0.37,47.93],[-0.32,47.94],[-0.31,47.94],[-0.3,47.94],[-0.28,47.95],[-0.28,47.96],[-0.3,47.97],[-0.3,47.98],[-0.31,47.99],[-0.32,48.01],[-0.34,48.01],[-0.33,48.03],[-0.34,48.04],[-0.33,48.05],[-0.32,48.05],[-0.28,48.05],[-0.29,48.06],[-0.27,48.06],[-0.23,48.06],[-0.22,48.07],[-0.24,48.09],[-0.23,48.1],[-0.22,48.11],[-0.22,48.12],[-0.25,48.13],[-0.25,48.14],[-0.24,48.15],[-0.25,48.16],[-0.23,48.17],[-0.2,48.18],[-0.16,48.2],[-0.15,48.21],[-0.15,48.22],[-0.16,48.24],[-0.16,48.26],[-0.15,48.27],[-0.15,48.29],[-0.14,48.3],[-0.15,48.31],[-0.16,48.32],[-0.16,48.34],[-0.15,48.34],[-0.13,48.34],[-0.14,48.36],[-0.12,48.37],[-0.11,48.37],[-0.09,48.37],[-0.08,48.37],[-0.07,48.38],[-0.05,48.38]]]},"properties":{"code":"72","nom":"Sarthe"}},{"type":"Feature","geometry":{"type":"Polygon","coordinates":[[[1.38,50.07],[1.39,50.08],[1.43,50.09],[1.45,50.11],[1.47,50.14],[1.48,50.16],[1.49,50.18],[1.51,50.2],[1.55,50.22],[1.56,50.21],[1.57,50.2],[1.6,50.19],[1.61,50.19],[1.63,50.19],[1.67,50.17],[1.68,50.18],[1.67,50.19],[1.67,50.21],[1.66,50.21],[1.64,50.22],[1.62,50.22],[1.59,50.25],[1.59,50.26],[1.56,50.26],[1.55,50.26],[1.54,50.27],[1.54,50.28],[1.55,50.35],[1.56,50.36],[1.57,50.36],[1.61,50.36],[1.62,50.37],[1.63,50.36],[1.64,50.35],[1.65,50.34],[1.66,50.34],[1.67,50.33],[1.69,50.34],[1.73,50.35],[1.74,50.35],[1.76,50.36],[1.78,50.36],[1.81,50.36],[1.83,50.34],[1.85,50.34],[1.87,50.33],[1.88,50.32],[1.89,50.32],[1.9,50.31],[1.92,50.31],[1.94,50.33],[1.95,50.33],[1.96,50.33],[1.96,50.32],[1.96,50.31],[1.94,50.3],[1.95,50.29],[1.96,50.29],[1.97,50.28],[1.99,50.28],[2.01,50.27],[2.03,50.27],[2.04,50.27],[2.05,50.26],[2.07,50.26],[2.08,50.25],[2.06,50.24],[2.07,50.23],[2.08,50.22],[2.09,50.2],[2.1,50.21],[2.11,50.2],[2.12,50.21],[2.14,50.21],[2.15,50.2],[2.15,50.19],[2.16,50.2],[2.17,50.21],[2.19,50.21],[2.22,50.22],[2.23,50.21],[2.25,50.21],[2.27,50.23],[2.3,50.21],[2.33,50.22],[2.32,50.24],[2.33,50.24],[2.36,50.22],[2.36,50.21],[2.37,50.21],[2.38,50.23],[2.39,50.23],[2.41,50.23],[2.42,50.23],[2.44,50.23],[2.45,50.23],[2.46,50.22],[2.47,50.21],[2.49,50.21],[2.49,50.2],[2.5,50.19],[2.47,50.19],[2.45,50.18],[2.44,50.18],[2.41,50.17],[2.41,50.16],[2.4,50.16],[2.39,50.16],[2.39,50.14],[2.38,50.13],[2.38,50.11],[2.39,50.11],[2.41,50.1],[2.42,50.09],[2.43,50.09],[2.45,50.12],[2.48,50.14],[2.51,50.14],[2.52,50.13],[2.53,50.12],[2.54,50.12],[2.55,50.14],[2.57,50.14],[2.58,50.14],[2.58,50.13],[2.57,50.12],[2.58,50.11],[2.6,50.11],[2.62,50.11],[2.63,50.1],[2.65,50.1],[2.66,50.1],[2.67,50.09],[2.69,50.09],[2.7,50.08],[2.72,50.09],[2.7,50.1],[2.71,50.11],[2.71,50.12],[2.71,50.13],[2.73,50.13],[2.75,50.11],[2.76,50.11],[2.78,50.11],[2.78,50.1],[2.78,50.09],[2.77,50.08],[2.76,50.07],[2.76,50.06],[2.74,50.05],[2.75,50.04],[2.76,50.04],[2.78,50.04],[2.79,50.05],[2.81,50.06],[2.82,50.07],[2.83,50.06],[2.84,50.07],[2.86,50.08],[2.86,50.06],[2.88,50.04],[2.86,50.03],[2.85,50.03],[2.86,50.02],[2.87,50.02],[2.88,50.03],[2.9,50.04],[2.92,50.04],[2.92,50.05],[2.93,50.04],[2.95,50.05],[2.96,50.05],[2.97,50.04],[2.99,50.05],[3.0,50.05],[3.01,50.06],[3.03,50.06],[3.07,50.05],[3.09,50.05],[3.11,50.04],[3.12,50.03],[3.13,50.02],[3.15,50.03],[3.15,50.02],[3.17,50.02],[3.17,50.01],[3.17,50.0],[3.16,49.99],[3.17,49.99],[3.18,49.99],[3.19,49.99],[3.2,49.98],[3.19,49.98],[3.17,49.97],[3.17,49.96],[3.16,49.95],[3.14,49.94],[3.12,49.91],[3.12,49.9],[3.12,49.88],[3.11,49.88],[3.09,49.87],[3.08,49.88],[3.07,49.88],[3.08,49.85],[3.08,49.84],[3.06,49.83],[3.06,49.82],[3.08,49.82],[3.08,49.81],[3.09,49.79],[3.06,49.78],[3.07,49.77],[3.1,49.77],[3.09,49.76],[3.1,49.74],[3.11,49.73],[3.12,49.71],[3.1,49.71],[3.08,49.69],[3.08,49.71],[3.06,49.71],[3.05,49.69],[3.04,49.69],[3.03,49.68],[3.02,49.69],[3.01,49.69],[3.0,49.7],[2.99,49.71],[2.97,49.7],[2.95,49.69],[2.96,49.68],[2.95,49.67],[2.94,49.68],[2.93,49.68],[2.93,49.69],[2.92,49.7],[2.89,49.7],[2.88,49.71],[2.87,49.7],[2.89,49.68],[2.86,49.68],[2.85,49.68],[2.85,49.67],[2.85,49.66],[2.84,49.66],[2.81,49.66],[2.79,49.66],[2.79,49.64],[2.8,49.62],[2.78,49.61],[2.76,49.62],[2.74,49.63],[2.72,49.62],[2.71,49.63],[2.69,49.63],[2.68,49.61],[2.67,49.61],[2.67,49.6],[2.67,49.58],[2.65,49.57],[2.63,49.59],[2.63,49.6],[2.62,49.61],[2.61,49.61],[2.6,49.61],[2.59,49.61],[2.58,49.6],[2.57,49.6],[2.56,49.61],[2.57,49.62],[2.55,49.62],[2.53,49.63],[2.52,49.63],[2.5,49.64],[2.49,49.63],[2.48,49.62],[2.47,49.63],[2.46,49.63],[2.45,49.65],[2.42,49.66],[2.41,49.66],[2.39,49.66],[2.37,49.66],[2.36,49.67],[2.35,49.66],[2.34,49.67],[2.33,49.68],[2.32,49.69],[2.3,49.68],[2.28,49.69],[2.25,49.7],[2.22,49.7],[2.21,49.7],[2.19,49.7],[2.16,49.7],[2.14,49.69],[2.12,49.69],[2.11,49.69],[2.1,49.69],[2.09,49.69],[2.08,49.69],[2.07,49.68],[2.05,49.69],[2.06,49.69],[2.05,49.7],[2.04,49.71],[2.03,49.71],[2.01,49.71],[2.0,49.71],[1.99,49.71],[1.96,49.72],[1.96,49.71],[1.95,49.7],[1.93,49.72],[1.91,49.71],[1.89,49.7],[1.88,49.7],[1.87,49.7],[1.85,49.7],[1.84,49.71],[1.84,49.72],[1.82,49.72],[1.84,49.73],[1.84,49.74],[1.82,49.74],[1.81,49.75],[1.8,49.75],[1.78,49.76],[1.77,49.78],[1.76,49.78],[1.75,49.79],[1.74,49.81],[1.73,49.83],[1.72,49.85],[1.72,49.87],[1.71,49.87],[1.71,49.89],[1.69,49.9],[1.68,49.92],[1.62,49.94],[1.59,49.95],[1.57,49.97],[1.56,49.98],[1.55,49.99],[1.53,50.0],[1.52,50.01],[1.5,50.02],[1.49,50.02],[1.47,50.03],[1.46,50.04],[1.46,50.06],[1.45,50.07],[1.42,50.07],[1.41,50.06],[1.39,50.06],[1.38,50.07]]]},"properties":{"code":"80","nom":"Somme"}},{"type":"Feature","geometry":{"type":"Polygon","coordinates":[[[2.23,48.78],[2.23,48.77],[2.25,48.76],[2.26,48.76],[2.28,48.76],[2.29,48.75],[2.27,48.74],[2.28,48.73],[2.3,48.74],[2.3,48.73],[2.31,48.73],[2.32,48.75],[2.35,48.74],[2.37,48.75],[2.37,48.72],[2.39,48.72],[2.41,48.73],[2.41,48.72],[2.44,48.73],[2.45,48.72],[2.47,48.73],[2.48,48.73],[2.5,48.74],[2.52,48.73],[2.52,48.71],[2.53,48.71],[2.53,48.7],[2.54,48.7],[2.55,48.69],[2.57,48.69],[2.58,48.69],[2.59,48.68],[2.56,48.67],[2.54,48.67],[2.53,48.66],[2.54,48.65],[2.54,48.64],[2.53,48.63],[2.52,48.63],[2.53,48.62],[2.53,48.61],[2.54,48.61],[2.54,48.6],[2.53,48.59],[2.52,48.58],[2.52,48.57],[2.51,48.56],[2.5,48.55],[2.51,48.54],[2.5,48.53],[2.51,48.51],[2.52,48.5],[2.51,48.49],[2.5,48.48],[2.51,48.46],[2.5,48.44],[2.51,48.43],[2.52,48.43],[2.53,48.41],[2.53,48.4],[2.52,48.4],[2.5,48.39],[2.48,48.4],[2.47,48.39],[2.48,48.38],[2.47,48.38],[2.45,48.37],[2.43,48.36],[2.44,48.35],[2.43,48.34],[2.39,48.34],[2.39,48.33],[2.4,48.32],[2.4,48.31],[2.37,48.31],[2.34,48.32],[2.33,48.33],[2.31,48.33],[2.3,48.31],[2.27,48.31],[2.25,48.3],[2.25,48.31],[2.24,48.32],[2.25,48.33],[2.23,48.33],[2.22,48.34],[2.2,48.34],[2.19,48.33],[2.18,48.31],[2.17,48.31],[2.15,48.32],[2.16,48.3],[2.14,48.3],[2.11,48.3],[2.11,48.31],[2.08,48.29],[2.05,48.3],[2.05,48.29],[2.02,48.29],[2.01,48.28],[1.99,48.29],[1.98,48.29],[1.97,48.3],[1.96,48.31],[1.97,48.31],[1.97,48.32],[1.98,48.33],[1.97,48.34],[1.97,48.35],[1.99,48.36],[1.98,48.38],[1.97,48.38],[1.98,48.4],[1.96,48.4],[1.94,48.41],[1.93,48.4],[1.93,48.41],[1.94,48.43],[1.94,48.44],[1.93,48.44],[1.93,48.45],[1.92,48.46],[1.91,48.47],[1.93,48.48],[1.94,48.5],[1.95,48.52],[1.97,48.53],[1.93,48.55],[1.94,48.56],[1.95,48.56],[1.96,48.56],[1.98,48.56],[2.0,48.56],[2.02,48.56],[2.02,48.57],[2.04,48.59],[2.03,48.6],[2.05,48.61],[2.06,48.62],[2.05,48.62],[2.03,48.63],[2.04,48.64],[2.02,48.64],[2.01,48.65],[2.01,48.66],[2.03,48.66],[2.04,48.68],[2.05,48.69],[2.08,48.69],[2.09,48.69],[2.1,48.69],[2.1,48.7],[2.11,48.71],[2.11,48.72],[2.1,48.73],[2.11,48.74],[2.13,48.74],[2.14,48.75],[2.15,48.75],[2.16,48.75],[2.17,48.76],[2.18,48.76],[2.19,48.76],[2.19,48.78],[2.21,48.77],[2.23,48.78]]]},"properties":{"code":"91","nom":"Essonne"}},{"type":"Feature","geometry":{"type":"Polygon","coordinates":[[[1.7,49.23],[1.73,49.23],[1.73,49.22],[1.73,49.21],[1.72,49.21],[1.72,49.2],[1.73,49.2],[1.74,49.19],[1.74,49.18],[1.76,49.17],[1.78,49.18],[1.79,49.18],[1.8,49.19],[1.81,49.18],[1.83,49.18],[1.84,49.17],[1.85,49.17],[1.88,49.17],[1.89,49.16],[1.89,49.17],[1.93,49.17],[1.95,49.17],[1.96,49.17],[1.97,49.18],[2.0,49.18],[2.02,49.19],[2.04,49.19],[2.07,49.2],[2.08,49.21],[2.09,49.2],[2.1,49.19],[2.11,49.19],[2.13,49.19],[2.16,49.18],[2.16,49.17],[2.18,49.17],[2.2,49.17],[2.22,49.18],[2.24,49.17],[2.22,49.15],[2.25,49.15],[2.26,49.16],[2.27,49.16],[2.29,49.16],[2.29,49.17],[2.3,49.18],[2.31,49.19],[2.32,49.18],[2.35,49.16],[2.36,49.15],[2.37,49.16],[2.38,49.16],[2.39,49.15],[2.42,49.15],[2.44,49.15],[2.44,49.13],[2.46,49.14],[2.48,49.13],[2.5,49.12],[2.49,49.11],[2.53,49.1],[2.53,49.12],[2.54,49.12],[2.56,49.12],[2.55,49.11],[2.56,49.1],[2.58,49.09],[2.58,49.08],[2.59,49.08],[2.57,49.06],[2.57,49.05],[2.58,49.05],[2.59,49.05],[2.57,49.04],[2.57,49.03],[2.55,49.02],[2.54,49.02],[2.55,49.01],[2.55,49.0],[2.53,49.01],[2.52,48.99],[2.51,48.98],[2.5,48.98],[2.5,48.97],[2.47,48.96],[2.46,48.96],[2.43,48.96],[2.41,48.96],[2.39,48.96],[2.38,48.97],[2.37,48.97],[2.35,48.97],[2.33,48.96],[2.31,48.96],[2.3,48.97],[2.29,48.96],[2.29,48.95],[2.27,48.95],[2.23,48.93],[2.2,48.91],[2.2,48.94],[2.21,48.94],[2.21,48.95],[2.17,48.95],[2.18,48.96],[2.17,48.98],[2.15,48.99],[2.13,48.99],[2.12,48.99],[2.13,49.01],[2.12,49.02],[2.11,49.01],[2.08,49.01],[2.08,49.0],[2.06,49.01],[2.05,49.0],[2.02,49.0],[2.01,49.0],[1.99,49.02],[1.97,49.02],[1.95,49.02],[1.94,49.02],[1.91,49.05],[1.88,49.03],[1.88,49.02],[1.87,49.02],[1.85,49.04],[1.86,49.05],[1.87,49.06],[1.84,49.06],[1.84,49.07],[1.82,49.08],[1.8,49.07],[1.8,49.06],[1.79,49.06],[1.78,49.06],[1.76,49.06],[1.75,49.05],[1.74,49.05],[1.72,49.04],[1.72,49.05],[1.69,49.06],[1.7,49.07],[1.67,49.08],[1.66,49.08],[1.64,49.08],[1.63,49.08],[1.61,49.07],[1.61,49.08],[1.62,49.09],[1.65,49.12],[1.66,49.13],[1.65,49.15],[1.66,49.15],[1.67,49.18],[1.68,49.2],[1.68,49.21],[1.7,49.23]]]},"properties":{"code":"95","nom":"Val-d'Oise"}},{"type":"Feature","geometry":{"type":"Polygon","coordinates":[[[0.84,48.1],[0.88,48.11],[0.88,48.1],[0.89,48.1],[0.91,48.1],[0.93,48.11],[0.94,48.11],[0.95,48.1],[0.96,48.11],[0.98,48.12],[1.0,48.13],[1.01,48.13],[1.04,48.13],[1.05,48.12],[1.01,48.11],[0.99,48.1],[1.0,48.09],[1.01,48.08],[1.03,48.09],[1.04,48.09],[1.06,48.09],[1.08,48.08],[1.11,48.08],[1.11,48.06],[1.12,48.05],[1.12,48.04],[1.14,48.03],[1.17,48.03],[1.16,48.02],[1.17,48.01],[1.19,48.0],[1.2,47.98],[1.19,47.97],[1.21,47.97],[1.22,47.98],[1.24,47.98],[1.26,47.98],[1.27,47.96],[1.28,47.97],[1.3,47.97],[1.31,47.95],[1.34,47.96],[1.35,47.97],[1.37,47.95],[1.39,47.98],[1.41,47.97],[1.42,47.97],[1.44,47.98],[1.43,47.99],[1.43,48.01],[1.44,48.01],[1.46,48.01],[1.48,48.0],[1.5,47.99],[1.52,47.98],[1.53,47.98],[1.54,47.99],[1.55,47.99],[1.56,47.99],[1.57,47.97],[1.56,47.97],[1.55,47.97],[1.55,47.96],[1.55,47.95],[1.54,47.95],[1.53,47.94],[1.53,47.93],[1.54,47.93],[1.56,47.92],[1.58,47.9],[1.58,47.89],[1.59,47.88],[1.57,47.86],[1.55,47.85],[1.54,47.84],[1.53,47.83],[1.53,47.82],[1.55,47.81],[1.57,47.8],[1.57,47.79],[1.55,47.77],[1.6,47.74],[1.59,47.73],[1.61,47.73],[1.62,47.74],[1.63,47.76],[1.66,47.75],[1.68,47.74],[1.7,47.74],[1.71,47.73],[1.71,47.72],[1.73,47.7],[1.72,47.7],[1.73,47.69],[1.74,47.67],[1.74,47.66],[1.75,47.66],[1.77,47.65],[1.78,47.65],[1.78,47.64],[1.79,47.64],[1.8,47.64],[1.81,47.65],[1.84,47.66],[1.84,47.67],[1.84,47.69],[1.86,47.69],[1.86,47.68],[1.87,47.67],[1.89,47.68],[1.91,47.67],[1.93,47.68],[1.94,47.68],[1.94,47.67],[1.94,47.66],[1.96,47.66],[1.98,47.67],[1.99,47.66],[2.0,47.67],[2.01,47.68],[2.02,47.68],[2.04,47.68],[2.07,47.67],[2.07,47.68],[2.09,47.68],[2.11,47.68],[2.11,47.67],[2.13,47.68],[2.14,47.68],[2.15,47.67],[2.17,47.67],[2.2,47.68],[2.21,47.68],[2.21,47.66],[2.22,47.67],[2.23,47.65],[2.24,47.64],[2.24,47.62],[2.22,47.62],[2.21,47.61],[2.19,47.61],[2.16,47.6],[2.13,47.58],[2.12,47.58],[2.13,47.57],[2.12,47.56],[2.13,47.55],[2.15,47.55],[2.18,47.55],[2.2,47.55],[2.22,47.52],[2.21,47.51],[2.2,47.5],[2.2,47.49],[2.22,47.5],[2.23,47.5],[2.25,47.49],[2.24,47.47],[2.25,47.46],[2.24,47.45],[2.25,47.44],[2.24,47.41],[2.23,47.41],[2.21,47.41],[2.19,47.44],[2.14,47.41],[2.12,47.42],[2.12,47.41],[2.1,47.39],[2.1,47.37],[2.11,47.37],[2.13,47.35],[2.12,47.33],[2.13,47.33],[2.13,47.32],[2.15,47.31],[2.16,47.3],[2.14,47.3],[2.14,47.29],[2.13,47.28],[2.11,47.28],[2.11,47.29],[2.08,47.29],[2.05,47.28],[2.02,47.27],[2.0,47.27],[1.98,47.27],[1.94,47.29],[1.92,47.27],[1.92,47.26],[1.89,47.25],[1.91,47.24],[1.92,47.24],[1.9,47.22],[1.87,47.21],[1.86,47.22],[1.84,47.22],[1.83,47.22],[1.81,47.23],[1.8,47.24],[1.79,47.23],[1.78,47.23],[1.74,47.25],[1.72,47.28],[1.71,47.27],[1.68,47.26],[1.67,47.26],[1.65,47.26],[1.65,47.27],[1.63,47.28],[1.62,47.27],[1.59,47.28],[1.59,47.26],[1.56,47.26],[1.53,47.25],[1.53,47.24],[1.53,47.23],[1.53,47.22],[1.51,47.23],[1.48,47.24],[1.45,47.24],[1.42,47.23],[1.41,47.22],[1.39,47.21],[1.37,47.2],[1.35,47.19],[1.34,47.2],[1.33,47.19],[1.32,47.2],[1.3,47.22],[1.3,47.23],[1.28,47.25],[1.27,47.26],[1.26,47.27],[1.24,47.27],[1.24,47.28],[1.24,47.29],[1.22,47.29],[1.19,47.28],[1.17,47.29],[1.16,47.27],[1.14,47.29],[1.11,47.3],[1.1,47.31],[1.09,47.33],[1.11,47.33],[1.11,47.35],[1.12,47.35],[1.11,47.37],[1.11,47.38],[1.12,47.38],[1.12,47.39],[1.11,47.4],[1.11,47.41],[1.09,47.43],[1.11,47.43],[1.13,47.45],[1.12,47.46],[1.11,47.47],[1.09,47.46],[1.09,47.47],[1.09,47.48],[1.08,47.49],[1.07,47.5],[1.07,47.51],[1.07,47.52],[1.05,47.53],[1.05,47.54],[1.08,47.56],[1.07,47.57],[1.06,47.57],[1.05,47.59],[1.03,47.61],[1.02,47.61],[1.01,47.6],[1.0,47.58],[0.99,47.59],[0.99,47.61],[0.99,47.62],[0.97,47.62],[0.96,47.63],[0.93,47.63],[0.92,47.63],[0.91,47.62],[0.9,47.62],[0.9,47.6],[0.86,47.6],[0.85,47.62],[0.86,47.63],[0.85,47.65],[0.86,47.67],[0.86,47.69],[0.83,47.68],[0.81,47.68],[0.78,47.68],[0.75,47.69],[0.74,47.7],[0.71,47.68],[0.7,47.68],[0.67,47.7],[0.65,47.68],[0.64,47.69],[0.65,47.7],[0.64,47.7],[0.64,47.71],[0.63,47.71],[0.61,47.69],[0.6,47.69],[0.59,47.7],[0.58,47.71],[0.59,47.72],[0.61,47.73],[0.63,47.75],[0.64,47.75],[0.68,47.77],[0.7,47.76],[0.7,47.77],[0.69,47.78],[0.7,47.79],[0.71,47.79],[0.72,47.8],[0.74,47.81],[0.75,47.83],[0.76,47.83],[0.77,47.83],[0.77,47.84],[0.77,47.85],[0.76,47.86],[0.76,47.87],[0.76,47.88],[0.76,47.9],[0.77,47.9],[0.78,47.91],[0.79,47.91],[0.8,47.9],[0.81,47.89],[0.82,47.89],[0.81,47.91],[0.81,47.93],[0.82,47.93],[0.84,47.94],[0.85,47.94],[0.85,47.95],[0.82,47.98],[0.83,47.99],[0.83,48.0],[0.83,48.01],[0.84,48.02],[0.84,48.03],[0.83,48.03],[0.81,48.03],[0.8,48.04],[0.8,48.05],[0.8,48.07],[0.83,48.07],[0.84,48.07],[0.84,48.09],[0.82,48.09],[0.81,48.1],[0.83,48.1],[0.84,48.1]]]},"properties":{"code":"41","nom":"Loir-et-Cher"}},{"type":"Feature","geometry":{"type":"Polygon","coordinates":[[[-0.86,48.5],[-0.85,48.5],[-0.84,48.49],[-0.83,48.48],[-0.82,48.47],[-0.81,48.46],[-0.8,48.46],[-0.8,48.47],[-0.78,48.47],[-0.78,48.45],[-0.77,48.44],[-0.76,48.44],[-0.74,48.45],[-0.72,48.45],[-0.74,48.46],[-0.73,48.47],[-0.71,48.47],[-0.7,48.47],[-0.69,48.47],[-0.69,48.48],[-0.67,48.49],[-0.66,48.48],[-0.65,48.46],[-0.65,48.44],[-0.62,48.46],[-0.6,48.47],[-0.57,48.47],[-0.55,48.47],[-0.55,48.48],[-0.53,48.5],[-0.51,48.51],[-0.49,48.5],[-0.48,48.5],[-0.47,48.51],[-0.46,48.51],[-0.43,48.51],[-0.42,48.51],[-0.41,48.51],[-0.4,48.51],[-0.39,48.5],[-0.37,48.49],[-0.35,48.48],[-0.36,48.5],[-0.34,48.5],[-0.32,48.52],[-0.3,48.52],[-0.28,48.51],[-0.27,48.51],[-0.27,48.52],[-0.25,48.53],[-0.24,48.54],[-0.25,48.54],[-0.26,48.55],[-0.24,48.57],[-0.23,48.56],[-0.22,48.56],[-0.21,48.56],[-0.19,48.55],[-0.17,48.54],[-0.14,48.53],[-0.15,48.52],[-0.16,48.52],[-0.17,48.52],[-0.17,48.5],[-0.16,48.5],[-0.15,48.48],[-0.15,48.46],[-0.12,48.45],[-0.11,48.45],[-0.07,48.45],[-0.07,48.46],[-0.05,48.45],[-0.06,48.43],[-0.05,48.41],[-0.06,48.4],[-0.05,48.39],[-0.05,48.38],[-0.07,48.38],[-0.08,48.37],[-0.09,48.37],[-0.11,48.37],[-0.12,48.37],[-0.14,48.36],[-0.13,48.34],[-0.15,48.34],[-0.16,48.34],[-0.16,48.32],[-0.15,48.31],[-0.14,48.3],[-0.15,48.29],[-0.15,48.27],[-0.16,48.26],[-0.16,48.24],[-0.15,48.22],[-0.15,48.21],[-0.16,48.2],[-0.2,48.18],[-0.23,48.17],[-0.25,48.16],[-0.24,48.15],[-0.25,48.14],[-0.25,48.13],[-0.22,48.12],[-0.22,48.11],[-0.23,48.1],[-0.24,48.09],[-0.22,48.07],[-0.23,48.06],[-0.27,48.06],[-0.29,48.06],[-0.28,48.05],[-0.32,48.05],[-0.33,48.05],[-0.34,48.04],[-0.33,48.03],[-0.34,48.01],[-0.32,48.01],[-0.31,47.99],[-0.3,47.98],[-0.3,47.97],[-0.28,47.96],[-0.28,47.95],[-0.3,47.94],[-0.31,47.94],[-0.32,47.94],[-0.37,47.93],[-0.38,47.93],[-0.4,47.93],[-0.4,47.92],[-0.41,47.91],[-0.41,47.89],[-0.38,47.89],[-0.37,47.88],[-0.37,47.87],[-0.38,47.87],[-0.37,47.86],[-0.39,47.86],[-0.41,47.86],[-0.41,47.85],[-0.43,47.85],[-0.45,47.83],[-0.44,47.82],[-0.43,47.81],[-0.41,47.8],[-0.39,47.81],[-0.38,47.79],[-0.38,47.77],[-0.38,47.76],[-0.39,47.77],[-0.4,47.77],[-0.41,47.78],[-0.42,47.78],[-0.41,47.77],[-0.42,47.77],[-0.44,47.76],[-0.45,47.76],[-0.46,47.77],[-0.48,47.78],[-0.51,47.79],[-0.52,47.78],[-0.52,47.77],[-0.52,47.76],[-0.53,47.75],[-0.56,47.76],[-0.57,47.75],[-0.58,47.76],[-0.61,47.74],[-0.63,47.74],[-0.65,47.74],[-0.65,47.73],[-0.67,47.74],[-0.69,47.74],[-0.71,47.74],[-0.72,47.74],[-0.73,47.74],[-0.74,47.74],[-0.75,47.74],[-0.76,47.75],[-0.78,47.75],[-0.79,47.76],[-0.81,47.76],[-0.82,47.77],[-0.84,47.77],[-0.84,47.75],[-0.88,47.76],[-0.89,47.76],[-0.9,47.77],[-0.93,47.79],[-0.94,47.79],[-0.95,47.8],[-0.96,47.8],[-0.97,47.79],[-0.96,47.78],[-0.95,47.77],[-0.97,47.77],[-0.98,47.76],[-1.01,47.77],[-1.03,47.78],[-1.03,47.77],[-1.05,47.77],[-1.07,47.77],[-1.08,47.77],[-1.1,47.78],[-1.12,47.78],[-1.14,47.78],[-1.14,47.77],[-1.17,47.78],[-1.2,47.79],[-1.21,47.8],[-1.24,47.81],[-1.23,47.82],[-1.22,47.82],[-1.21,47.84],[-1.22,47.85],[-1.22,47.86],[-1.2,47.86],[-1.19,47.87],[-1.2,47.88],[-1.2,47.89],[-1.18,47.9],[-1.18,47.91],[-1.17,47.92],[-1.17,47.93],[-1.16,47.94],[-1.16,47.95],[-1.15,47.97],[-1.13,47.97],[-1.12,47.99],[-1.1,47.99],[-1.09,47.99],[-1.07,47.98],[-1.05,47.99],[-1.02,47.99],[-1.02,48.0],[-1.02,48.01],[-1.03,48.03],[-1.03,48.04],[-1.03,48.05],[-1.02,48.07],[-1.04,48.08],[-1.05,48.09],[-1.05,48.11],[-1.06,48.13],[-1.06,48.15],[-1.07,48.16],[-1.08,48.18],[-1.07,48.2],[-1.09,48.21],[-1.08,48.22],[-1.09,48.23],[-1.1,48.26],[-1.09,48.28],[-1.08,48.3],[-1.06,48.31],[-1.05,48.33],[-1.06,48.34],[-1.06,48.35],[-1.06,48.36],[-1.06,48.37],[-1.05,48.38],[-1.07,48.4],[-1.08,48.41],[-1.08,48.42],[-1.08,48.43],[-1.08,48.44],[-1.07,48.45],[-1.06,48.47],[-1.07,48.47],[-1.08,48.48],[-1.08,48.5],[-1.07,48.51],[-1.06,48.52],[-1.05,48.51],[-1.0,48.49],[-0.97,48.49],[-0.96,48.5],[-0.96,48.51],[-0.96,48.52],[-0.93,48.52],[-0.92,48.51],[-0.92,48.5],[-0.9,48.5],[-0.88,48.5],[-0.86,48.5]]]},"properties":{"code":"53","nom":"Mayenne"}},{"type":"Feature","geometry":{"type":"MultiPolygon","coordinates":[[[[5.46,49.48],[5.45,49.48],[5.43,49.49],[5.44,49.5],[5.46,49.49],[5.46,49.48]]],[[[5.47,49.5],[5.48,49.5],[5.51,49.51],[5.53,49.51],[5.56,49.53],[5.59,49.52],[5.6,49.52],[5.6,49.51],[5.61,49.51],[5.62,49.52],[5.62,49.53],[5.64,49.55],[5.66,49.55],[5.69,49.54],[5.7,49.54],[5.72,49.54],[5.73,49.54],[5.74,49.54],[5.76,49.54],[5.76,49.56],[5.78,49.56],[5.79,49.55],[5.82,49.55],[5.82,49.54],[5.84,49.54],[5.85,49.53],[5.83,49.53],[5.84,49.52],[5.86,49.5],[5.87,49.5],[5.89,49.5],[5.9,49.48],[5.93,49.48],[5.94,49.48],[5.94,49.47],[5.94,49.45],[5.93,49.45],[5.94,49.43],[5.93,49.42],[5.91,49.41],[5.93,49.4],[5.93,49.38],[5.94,49.36],[5.96,49.36],[5.96,49.35],[5.94,49.34],[5.94,49.33],[5.99,49.31],[6.0,49.31],[6.01,49.31],[6.0,49.28],[6.01,49.27],[6.01,49.26],[6.03,49.25],[6.03,49.24],[6.03,49.23],[6.02,49.22],[6.01,49.22],[6.0,49.21],[5.99,49.21],[5.98,49.2],[5.98,49.19],[6.0,49.19],[6.03,49.17],[6.01,49.15],[5.98,49.14],[5.99,49.14],[6.0,49.12],[6.0,49.11],[5.93,49.11],[5.92,49.09],[5.94,49.09],[5.94,49.07],[5.95,49.06],[5.95,49.05],[5.96,49.05],[5.97,49.04],[5.99,49.04],[6.0,49.03],[6.02,49.04],[6.02,49.02],[6.05,49.01],[6.05,49.0],[6.04,48.98],[6.06,48.98],[6.07,48.98],[6.07,48.97],[6.08,48.96],[6.09,48.97],[6.12,48.97],[6.12,48.96],[6.12,48.94],[6.13,48.93],[6.15,48.94],[6.16,48.94],[6.18,48.93],[6.2,48.94],[6.23,48.94],[6.23,48.93],[6.24,48.92],[6.25,48.93],[6.27,48.93],[6.28,48.93],[6.29,48.93],[6.29,48.92],[6.3,48.92],[6.31,48.91],[6.33,48.91],[6.33,48.9],[6.3,48.89],[6.3,48.88],[6.31,48.87],[6.31,48.86],[6.3,48.87],[6.3,48.85],[6.29,48.85],[6.29,48.84],[6.3,48.84],[6.34,48.83],[6.33,48.83],[6.32,48.83],[6.31,48.82],[6.33,48.82],[6.33,48.81],[6.35,48.81],[6.35,48.8],[6.36,48.78],[6.37,48.78],[6.39,48.78],[6.43,48.79],[6.44,48.78],[6.45,48.78],[6.45,48.77],[6.47,48.77],[6.49,48.77],[6.52,48.75],[6.54,48.75],[6.55,48.75],[6.56,48.75],[6.58,48.74],[6.59,48.73],[6.6,48.72],[6.61,48.72],[6.62,48.71],[6.64,48.7],[6.66,48.71],[6.67,48.7],[6.68,48.69],[6.67,48.67],[6.68,48.67],[6.69,48.68],[6.69,48.67],[6.71,48.67],[6.73,48.66],[6.75,48.67],[6.76,48.67],[6.76,48.66],[6.76,48.65],[6.78,48.64],[6.81,48.65],[6.83,48.64],[6.84,48.64],[6.84,48.63],[6.86,48.62],[6.89,48.63],[6.91,48.62],[6.92,48.63],[6.93,48.63],[6.94,48.62],[6.96,48.61],[6.98,48.61],[7.0,48.61],[7.01,48.61],[7.02,48.6],[6.99,48.6],[7.02,48.58],[7.03,48.58],[7.05,48.56],[7.06,48.55],[7.08,48.55],[7.08,48.54],[7.06,48.52],[7.08,48.51],[7.1,48.52],[7.12,48.51],[7.11,48.51],[7.09,48.51],[7.08,48.51],[7.07,48.5],[7.05,48.49],[7.03,48.49],[7.01,48.48],[6.98,48.48],[6.95,48.46],[6.89,48.42],[6.87,48.42],[6.87,48.43],[6.86,48.43],[6.85,48.42],[6.83,48.42],[6.82,48.41],[6.82,48.4],[6.8,48.4],[6.78,48.4],[6.77,48.4],[6.76,48.41],[6.75,48.41],[6.74,48.42],[6.72,48.42],[6.7,48.41],[6.67,48.43],[6.65,48.43],[6.64,48.44],[6.64,48.45],[6.64,48.46],[6.64,48.47],[6.62,48.47],[6.6,48.47],[6.58,48.46],[6.57,48.44],[6.58,48.43],[6.58,48.42],[6.57,48.42],[6.53,48.43],[6.5,48.41],[6.49,48.42],[6.47,48.41],[6.45,48.42],[6.44,48.41],[6.42,48.41],[6.41,48.39],[6.4,48.39],[6.38,48.39],[6.39,48.41],[6.38,48.41],[6.36,48.41],[6.33,48.4],[6.31,48.41],[6.3,48.43],[6.29,48.43],[6.28,48.42],[6.27,48.43],[6.26,48.41],[6.25,48.41],[6.23,48.4],[6.18,48.4],[6.18,48.41],[6.17,48.41],[6.15,48.41],[6.15,48.4],[6.15,48.38],[6.13,48.36],[6.12,48.37],[6.12,48.35],[6.1,48.36],[6.1,48.37],[6.09,48.38],[6.08,48.38],[6.08,48.36],[6.07,48.36],[6.05,48.37],[6.03,48.36],[6.02,48.36],[6.0,48.36],[5.99,48.35],[5.98,48.35],[5.96,48.35],[5.96,48.36],[5.96,48.37],[5.94,48.38],[5.95,48.39],[5.95,48.4],[5.94,48.4],[5.93,48.39],[5.91,48.41],[5.91,48.42],[5.92,48.43],[5.92,48.42],[5.93,48.43],[5.91,48.44],[5.91,48.43],[5.9,48.41],[5.89,48.41],[5.88,48.4],[5.86,48.41],[5.88,48.44],[5.9,48.45],[5.89,48.45],[5.89,48.46],[5.9,48.47],[5.9,48.48],[5.9,48.49],[5.91,48.49],[5.89,48.49],[5.87,48.5],[5.86,48.51],[5.84,48.5],[5.83,48.5],[5.81,48.5],[5.79,48.49],[5.79,48.48],[5.78,48.49],[5.77,48.5],[5.76,48.52],[5.77,48.53],[5.78,48.54],[5.75,48.55],[5.73,48.55],[5.72,48.56],[5.71,48.58],[5.72,48.59],[5.74,48.6],[5.75,48.6],[5.76,48.61],[5.79,48.61],[5.8,48.61],[5.8,48.63],[5.79,48.63],[5.77,48.62],[5.76,48.62],[5.76,48.63],[5.75,48.65],[5.75,48.67],[5.74,48.67],[5.76,48.7],[5.75,48.71],[5.74,48.72],[5.72,48.73],[5.71,48.74],[5.72,48.75],[5.74,48.75],[5.75,48.76],[5.73,48.76],[5.74,48.77],[5.77,48.79],[5.78,48.79],[5.78,48.8],[5.76,48.79],[5.76,48.8],[5.77,48.8],[5.78,48.83],[5.78,48.85],[5.77,48.86],[5.77,48.87],[5.79,48.88],[5.79,48.89],[5.77,48.9],[5.76,48.91],[5.75,48.92],[5.77,48.92],[5.78,48.93],[5.79,48.94],[5.8,48.95],[5.82,48.94],[5.85,48.95],[5.85,48.96],[5.83,48.97],[5.83,48.98],[5.8,48.98],[5.82,49.0],[5.82,49.02],[5.83,49.03],[5.85,49.04],[5.84,49.05],[5.83,49.06],[5.84,49.07],[5.81,49.06],[5.81,49.08],[5.82,49.09],[5.82,49.11],[5.79,49.11],[5.77,49.11],[5.76,49.11],[5.75,49.12],[5.75,49.13],[5.76,49.13],[5.76,49.14],[5.76,49.15],[5.74,49.16],[5.75,49.17],[5.77,49.2],[5.76,49.2],[5.73,49.2],[5.72,49.21],[5.72,49.22],[5.73,49.22],[5.74,49.23],[5.72,49.25],[5.73,49.26],[5.73,49.27],[5.75,49.28],[5.76,49.28],[5.77,49.3],[5.76,49.32],[5.75,49.31],[5.73,49.31],[5.72,49.32],[5.72,49.33],[5.74,49.34],[5.74,49.35],[5.73,49.36],[5.71,49.36],[5.71,49.38],[5.69,49.39],[5.69,49.4],[5.69,49.42],[5.68,49.42],[5.65,49.43],[5.63,49.44],[5.62,49.43],[5.61,49.42],[5.6,49.42],[5.59,49.42],[5.57,49.42],[5.55,49.42],[5.53,49.41],[5.5,49.41],[5.49,49.39],[5.48,49.38],[5.47,49.39],[5.47,49.4],[5.46,49.4],[5.45,49.4],[5.47,49.41],[5.48,49.4],[5.49,49.41],[5.51,49.42],[5.5,49.42],[5.48,49.43],[5.47,49.43],[5.48,49.44],[5.46,49.45],[5.47,49.46],[5.46,49.47],[5.47,49.48],[5.48,49.49],[5.47,49.5]]]]},"properties":{"code":"54","nom":"Meurthe-et-Moselle"}},{"type":"Feature","geometry":{"type":"Polygon","coordinates":[[[-0.89,46.98],[-0.88,46.98],[-0.86,46.97],[-0.85,46.97],[-0.86,46.98],[-0.84,46.99],[-0.83,46.99],[-0.8,46.99],[-0.79,47.01],[-0.77,47.0],[-0.76,46.99],[-0.75,46.99],[-0.74,47.0],[-0.73,46.99],[-0.71,46.99],[-0.7,46.99],[-0.68,46.99],[-0.68,47.0],[-0.64,47.0],[-0.63,47.0],[-0.62,46.99],[-0.6,47.0],[-0.59,47.01],[-0.58,47.02],[-0.57,47.02],[-0.56,47.03],[-0.55,47.03],[-0.54,47.04],[-0.56,47.04],[-0.56,47.06],[-0.54,47.07],[-0.5,47.08],[-0.46,47.08],[-0.46,47.07],[-0.48,47.07],[-0.49,47.07],[-0.48,47.05],[-0.46,47.07],[-0.45,47.07],[-0.43,47.07],[-0.41,47.07],[-0.4,47.07],[-0.4,47.09],[-0.38,47.09],[-0.36,47.09],[-0.34,47.09],[-0.31,47.09],[-0.3,47.1],[-0.29,47.1],[-0.26,47.1],[-0.24,47.11],[-0.21,47.09],[-0.19,47.1],[-0.18,47.11],[-0.16,47.1],[-0.14,47.1],[-0.15,47.09],[-0.16,47.09],[-0.18,47.07],[-0.17,47.06],[-0.15,47.07],[-0.14,47.06],[-0.13,47.05],[-0.1,47.06],[-0.09,47.04],[-0.09,47.02],[-0.08,47.01],[-0.09,47.01],[-0.09,46.99],[-0.07,46.99],[-0.05,46.99],[-0.04,46.99],[-0.03,46.98],[-0.05,46.97],[-0.04,46.96],[-0.03,46.95],[-0.03,46.94],[-0.02,46.94],[-0.02,46.93],[-0.01,46.91],[-0.04,46.87],[-0.02,46.87],[-0.0,46.87],[0.0,46.86],[0.03,46.85],[0.02,46.84],[0.0,46.85],[-0.01,46.85],[-0.02,46.84],[-0.03,46.83],[-0.05,46.83],[-0.04,46.82],[-0.03,46.82],[-0.02,46.81],[-0.0,46.82],[0.01,46.81],[-0.01,46.8],[-0.02,46.79],[-0.02,46.78],[-0.02,46.77],[-0.01,46.76],[0.01,46.75],[0.04,46.73],[0.01,46.72],[0.0,46.72],[0.0,46.7],[-0.02,46.7],[-0.02,46.69],[-0.01,46.68],[-0.03,46.67],[-0.04,46.66],[-0.03,46.65],[-0.05,46.64],[-0.07,46.63],[-0.07,46.62],[-0.05,46.62],[-0.03,46.63],[-0.02,46.64],[-0.01,46.64],[0.0,46.64],[-0.0,46.63],[-0.01,46.62],[-0.0,46.61],[0.01,46.61],[0.02,46.61],[0.03,46.59],[0.04,46.59],[0.01,46.58],[-0.01,46.57],[-0.01,46.55],[0.01,46.55],[0.01,46.54],[-0.01,46.52],[-0.03,46.52],[-0.03,46.51],[-0.04,46.5],[-0.04,46.49],[-0.04,46.48],[-0.04,46.47],[-0.01,46.48],[-0.01,46.47],[-0.02,46.45],[-0.01,46.45],[-0.01,46.43],[-0.01,46.42],[-0.02,46.42],[-0.02,46.41],[-0.01,46.4],[-0.01,46.39],[0.01,46.39],[0.02,46.39],[0.02,46.38],[0.03,46.37],[0.01,46.36],[0.02,46.35],[0.03,46.35],[0.02,46.34],[0.02,46.33],[0.04,46.33],[0.08,46.3],[0.1,46.32],[0.1,46.33],[0.12,46.34],[0.12,46.35],[0.14,46.35],[0.16,46.34],[0.18,46.33],[0.17,46.32],[0.17,46.31],[0.16,46.3],[0.16,46.29],[0.17,46.28],[0.16,46.27],[0.13,46.27],[0.14,46.23],[0.13,46.22],[0.11,46.21],[0.11,46.19],[0.13,46.18],[0.14,46.18],[0.15,46.17],[0.16,46.16],[0.17,46.16],[0.17,46.15],[0.19,46.15],[0.19,46.16],[0.21,46.16],[0.22,46.16],[0.21,46.14],[0.2,46.13],[0.2,46.12],[0.19,46.11],[0.19,46.1],[0.2,46.1],[0.18,46.08],[0.17,46.08],[0.16,46.09],[0.15,46.1],[0.14,46.1],[0.12,46.1],[0.09,46.1],[0.1,46.09],[0.07,46.09],[0.05,46.08],[0.06,46.07],[0.03,46.06],[0.02,46.05],[0.01,46.06],[-0.0,46.06],[-0.03,46.06],[-0.04,46.05],[-0.03,46.04],[-0.02,46.03],[-0.03,46.02],[-0.05,46.02],[-0.05,46.0],[-0.04,45.99],[-0.06,45.99],[-0.06,45.98],[-0.08,45.98],[-0.1,45.97],[-0.12,45.98],[-0.14,45.98],[-0.14,46.0],[-0.16,46.01],[-0.16,46.02],[-0.17,46.02],[-0.17,46.03],[-0.19,46.03],[-0.19,46.04],[-0.19,46.05],[-0.21,46.04],[-0.25,46.05],[-0.27,46.06],[-0.28,46.08],[-0.29,46.09],[-0.31,46.08],[-0.34,46.08],[-0.36,46.08],[-0.36,46.09],[-0.37,46.09],[-0.38,46.1],[-0.4,46.08],[-0.42,46.09],[-0.42,46.11],[-0.45,46.1],[-0.48,46.11],[-0.51,46.11],[-0.52,46.11],[-0.51,46.12],[-0.53,46.13],[-0.53,46.14],[-0.55,46.14],[-0.57,46.14],[-0.58,46.15],[-0.58,46.14],[-0.6,46.14],[-0.61,46.14],[-0.62,46.14],[-0.63,46.15],[-0.62,46.15],[-0.61,46.15],[-0.61,46.16],[-0.63,46.16],[-0.66,46.17],[-0.67,46.18],[-0.69,46.18],[-0.69,46.19],[-0.68,46.2],[-0.69,46.21],[-0.69,46.22],[-0.75,46.25],[-0.74,46.27],[-0.75,46.29],[-0.76,46.3],[-0.75,46.3],[-0.73,46.3],[-0.72,46.3],[-0.72,46.31],[-0.71,46.32],[-0.7,46.33],[-0.67,46.32],[-0.65,46.32],[-0.64,46.32],[-0.64,46.34],[-0.62,46.34],[-0.61,46.35],[-0.6,46.36],[-0.58,46.36],[-0.56,46.36],[-0.54,46.39],[-0.55,46.39],[-0.57,46.39],[-0.57,46.4],[-0.58,46.4],[-0.59,46.41],[-0.61,46.41],[-0.62,46.39],[-0.64,46.4],[-0.63,46.4],[-0.64,46.42],[-0.64,46.43],[-0.62,46.44],[-0.62,46.45],[-0.61,46.46],[-0.62,46.49],[-0.62,46.5],[-0.64,46.51],[-0.65,46.51],[-0.63,46.53],[-0.61,46.53],[-0.6,46.53],[-0.61,46.56],[-0.62,46.56],[-0.62,46.58],[-0.61,46.59],[-0.62,46.6],[-0.63,46.61],[-0.61,46.62],[-0.63,46.63],[-0.64,46.64],[-0.66,46.63],[-0.65,46.65],[-0.64,46.66],[-0.66,46.68],[-0.68,46.69],[-0.66,46.7],[-0.67,46.72],[-0.68,46.73],[-0.7,46.74],[-0.69,46.74],[-0.7,46.75],[-0.72,46.75],[-0.72,46.76],[-0.73,46.77],[-0.72,46.8],[-0.7,46.81],[-0.71,46.82],[-0.73,46.82],[-0.74,46.83],[-0.76,46.83],[-0.78,46.84],[-0.79,46.86],[-0.81,46.87],[-0.82,46.88],[-0.83,46.88],[-0.82,46.9],[-0.82,46.91],[-0.81,46.92],[-0.82,46.92],[-0.83,46.93],[-0.84,46.93],[-0.85,46.95],[-0.87,46.94],[-0.88,46.95],[-0.88,46.96],[-0.88,46.97],[-0.89,46.97],[-0.89,46.98]]]},"properties":{"code":"79","nom":"Deux-S\u00e8vres"}},{"type":"Feature","geometry":{"type":"Polygon","coordinates":[[[6.82,47.81],[6.84,47.82],[6.85,47.82],[6.84,47.81],[6.86,47.79],[6.9,47.78],[6.91,47.78],[6.92,47.77],[6.94,47.77],[6.97,47.75],[6.99,47.75],[7.02,47.74],[7.04,47.72],[7.03,47.7],[7.04,47.69],[7.05,47.68],[7.04,47.68],[7.05,47.67],[7.03,47.66],[7.04,47.65],[7.02,47.65],[7.02,47.64],[7.0,47.62],[7.01,47.61],[7.01,47.6],[7.03,47.59],[7.04,47.6],[7.06,47.6],[7.08,47.6],[7.09,47.59],[7.09,47.57],[7.1,47.57],[7.11,47.56],[7.11,47.55],[7.12,47.55],[7.13,47.54],[7.14,47.53],[7.14,47.51],[7.13,47.5],[7.11,47.49],[7.09,47.49],[7.08,47.49],[7.06,47.49],[7.04,47.5],[7.02,47.5],[7.0,47.5],[6.98,47.49],[6.99,47.49],[6.99,47.47],[7.0,47.46],[7.0,47.45],[6.99,47.45],[6.97,47.45],[6.97,47.44],[6.96,47.43],[6.94,47.43],[6.93,47.46],[6.92,47.47],[6.91,47.47],[6.92,47.48],[6.91,47.49],[6.92,47.5],[6.93,47.49],[6.94,47.49],[6.95,47.49],[6.95,47.5],[6.95,47.51],[6.94,47.52],[6.93,47.52],[6.91,47.53],[6.92,47.53],[6.91,47.55],[6.89,47.55],[6.88,47.56],[6.86,47.55],[6.83,47.55],[6.82,47.55],[6.81,47.56],[6.82,47.58],[6.8,47.59],[6.79,47.6],[6.79,47.61],[6.78,47.62],[6.78,47.63],[6.79,47.63],[6.8,47.63],[6.8,47.64],[6.78,47.66],[6.78,47.67],[6.78,47.69],[6.77,47.7],[6.77,47.71],[6.76,47.72],[6.76,47.75],[6.77,47.76],[6.78,47.78],[6.8,47.79],[6.81,47.8],[6.82,47.81]]]},"properties":{"code":"90","nom":"Territoire de Belfort"}}]}